solid yasin_gold_art_demo_nonproduction
facet normal 0 0 0
 outer loop
  vertex 11.8 0 0
  vertex 11.699049364210964 1.5402090681966087 0
  vertex 11.56320472080426 1.522324781608247 0.6888301782571616
 endloop
endfacet
facet normal 0 0 0
 outer loop
  vertex 11.8 0 0
  vertex 11.56320472080426 1.522324781608247 0.6888301782571616
  vertex 11.662983158520316 0 0.6888301782571616
 endloop
endfacet
facet normal 0 0 0
 outer loop
  vertex 11.662983158520316 0 0.6888301782571616
  vertex 11.56320472080426 1.522324781608247 0.6888301782571616
  vertex 11.176351906108065 1.471394642354779 1.2727922061357855
 endloop
endfacet
facet normal 0 0 0
 outer loop
  vertex 11.662983158520316 0 0.6888301782571616
  vertex 11.176351906108065 1.471394642354779 1.2727922061357855
  vertex 11.272792206135787 0 1.2727922061357855
 endloop
endfacet
facet normal 0 0 0
 outer loop
  vertex 11.272792206135787 0 1.2727922061357855
  vertex 11.176351906108065 1.471394642354779 1.2727922061357855
  vertex 10.597385754330372 1.3951723024546823 1.662983158520316
 endloop
endfacet
facet normal 0 0 0
 outer loop
  vertex 11.272792206135787 0 1.2727922061357855
  vertex 10.597385754330372 1.3951723024546823 1.662983158520316
  vertex 10.688830178257161 0 1.662983158520316
 endloop
endfacet
facet normal 0 0 0
 outer loop
  vertex 10.688830178257161 0 1.662983158520316
  vertex 10.597385754330372 1.3951723024546823 1.662983158520316
  vertex 9.914448613738104 1.3052619222005157 1.8
 endloop
endfacet
facet normal 0 0 0
 outer loop
  vertex 10.688830178257161 0 1.662983158520316
  vertex 9.914448613738104 1.3052619222005157 1.8
  vertex 10 0 1.8
 endloop
endfacet
facet normal 0 0 0
 outer loop
  vertex 10 0 1.8
  vertex 9.914448613738104 1.3052619222005157 1.8
  vertex 9.231511473145835 1.2153515419463492 1.662983158520316
 endloop
endfacet
facet normal 0 0 0
 outer loop
  vertex 10 0 1.8
  vertex 9.231511473145835 1.2153515419463492 1.662983158520316
  vertex 9.311169821742839 0 1.662983158520316
 endloop
endfacet
facet normal 0 0 0
 outer loop
  vertex 9.311169821742839 0 1.662983158520316
  vertex 9.231511473145835 1.2153515419463492 1.662983158520316
  vertex 8.652545321368144 1.1391292020462527 1.2727922061357857
 endloop
endfacet
facet normal 0 0 0
 outer loop
  vertex 9.311169821742839 0 1.662983158520316
  vertex 8.652545321368144 1.1391292020462527 1.2727922061357857
  vertex 8.727207793864215 0 1.2727922061357857
 endloop
endfacet
facet normal 0 0 0
 outer loop
  vertex 8.727207793864215 0 1.2727922061357857
  vertex 8.652545321368144 1.1391292020462527 1.2727922061357857
  vertex 8.265692506671948 1.0881990627927844 0.6888301782571619
 endloop
endfacet
facet normal 0 0 0
 outer loop
  vertex 8.727207793864215 0 1.2727922061357857
  vertex 8.265692506671948 1.0881990627927844 0.6888301782571619
  vertex 8.337016841479684 0 0.6888301782571619
 endloop
endfacet
facet normal 0 0 0
 outer loop
  vertex 8.337016841479684 0 0.6888301782571619
  vertex 8.265692506671948 1.0881990627927844 0.6888301782571619
  vertex 8.129847863265244 1.0703147762044227 2.2043642384652358e-16
 endloop
endfacet
facet normal 0 0 0
 outer loop
  vertex 8.337016841479684 0 0.6888301782571619
  vertex 8.129847863265244 1.0703147762044227 2.2043642384652358e-16
  vertex 8.2 0 2.2043642384652358e-16
 endloop
endfacet
facet normal 0 0 0
 outer loop
  vertex 8.2 0 2.2043642384652358e-16
  vertex 8.129847863265244 1.0703147762044227 2.2043642384652358e-16
  vertex 8.265692506671948 1.0881990627927844 -0.6888301782571614
 endloop
endfacet
facet normal 0 0 0
 outer loop
  vertex 8.2 0 2.2043642384652358e-16
  vertex 8.265692506671948 1.0881990627927844 -0.6888301782571614
  vertex 8.337016841479684 0 -0.6888301782571614
 endloop
endfacet
facet normal 0 0 0
 outer loop
  vertex 8.337016841479684 0 -0.6888301782571614
  vertex 8.265692506671948 1.0881990627927844 -0.6888301782571614
  vertex 8.652545321368143 1.1391292020462525 -1.2727922061357855
 endloop
endfacet
facet normal 0 0 0
 outer loop
  vertex 8.337016841479684 0 -0.6888301782571614
  vertex 8.652545321368143 1.1391292020462525 -1.2727922061357855
  vertex 8.727207793864213 0 -1.2727922061357855
 endloop
endfacet
facet normal 0 0 0
 outer loop
  vertex 8.727207793864213 0 -1.2727922061357855
  vertex 8.652545321368143 1.1391292020462525 -1.2727922061357855
  vertex 9.231511473145833 1.215351541946349 -1.6629831585203159
 endloop
endfacet
facet normal 0 0 0
 outer loop
  vertex 8.727207793864213 0 -1.2727922061357855
  vertex 9.231511473145833 1.215351541946349 -1.6629831585203159
  vertex 9.311169821742837 0 -1.6629831585203159
 endloop
endfacet
facet normal 0 0 0
 outer loop
  vertex 9.311169821742837 0 -1.6629831585203159
  vertex 9.231511473145833 1.215351541946349 -1.6629831585203159
  vertex 9.914448613738104 1.3052619222005157 -1.8
 endloop
endfacet
facet normal 0 0 0
 outer loop
  vertex 9.311169821742837 0 -1.6629831585203159
  vertex 9.914448613738104 1.3052619222005157 -1.8
  vertex 10 0 -1.8
 endloop
endfacet
facet normal 0 0 0
 outer loop
  vertex 10 0 -1.8
  vertex 9.914448613738104 1.3052619222005157 -1.8
  vertex 10.597385754330372 1.3951723024546823 -1.6629831585203159
 endloop
endfacet
facet normal 0 0 0
 outer loop
  vertex 10 0 -1.8
  vertex 10.597385754330372 1.3951723024546823 -1.6629831585203159
  vertex 10.688830178257161 0 -1.6629831585203159
 endloop
endfacet
facet normal 0 0 0
 outer loop
  vertex 10.688830178257161 0 -1.6629831585203159
  vertex 10.597385754330372 1.3951723024546823 -1.6629831585203159
  vertex 11.176351906108064 1.4713946423547788 -1.272792206135786
 endloop
endfacet
facet normal 0 0 0
 outer loop
  vertex 10.688830178257161 0 -1.6629831585203159
  vertex 11.176351906108064 1.4713946423547788 -1.272792206135786
  vertex 11.272792206135785 0 -1.272792206135786
 endloop
endfacet
facet normal 0 0 0
 outer loop
  vertex 11.272792206135785 0 -1.272792206135786
  vertex 11.176351906108064 1.4713946423547788 -1.272792206135786
  vertex 11.56320472080426 1.522324781608247 -0.6888301782571628
 endloop
endfacet
facet normal 0 0 0
 outer loop
  vertex 11.272792206135785 0 -1.272792206135786
  vertex 11.56320472080426 1.522324781608247 -0.6888301782571628
  vertex 11.662983158520316 0 -0.6888301782571628
 endloop
endfacet
facet normal 0 0 0
 outer loop
  vertex 11.662983158520316 0 -0.6888301782571628
  vertex 11.56320472080426 1.522324781608247 -0.6888301782571628
  vertex 11.699049364210964 1.5402090681966087 -4.4087284769304716e-16
 endloop
endfacet
facet normal 0 0 0
 outer loop
  vertex 11.662983158520316 0 -0.6888301782571628
  vertex 11.699049364210964 1.5402090681966087 -4.4087284769304716e-16
  vertex 11.8 0 -4.4087284769304716e-16
 endloop
endfacet
facet normal 0 0 0
 outer loop
  vertex 11.699049364210964 1.5402090681966087 0
  vertex 11.397924750211006 3.0540647322097447 0
  vertex 11.265576644389224 3.018602164135009 0.6888301782571616
 endloop
endfacet
facet normal 0 0 0
 outer loop
  vertex 11.699049364210964 1.5402090681966087 0
  vertex 11.265576644389224 3.018602164135009 0.6888301782571616
  vertex 11.56320472080426 1.522324781608247 0.6888301782571616
 endloop
endfacet
facet normal 0 0 0
 outer loop
  vertex 11.56320472080426 1.522324781608247 0.6888301782571616
  vertex 11.265576644389224 3.018602164135009 0.6888301782571616
  vertex 10.888681126296678 2.917613314431202 1.2727922061357855
 endloop
endfacet
facet normal 0 0 0
 outer loop
  vertex 11.56320472080426 1.522324781608247 0.6888301782571616
  vertex 10.888681126296678 2.917613314431202 1.2727922061357855
  vertex 11.176351906108065 1.471394642354779 1.2727922061357855
 endloop
endfacet
facet normal 0 0 0
 outer loop
  vertex 11.176351906108065 1.471394642354779 1.2727922061357855
  vertex 10.888681126296678 2.917613314431202 1.2727922061357855
  vertex 10.324617121996578 2.766472819999525 1.662983158520316
 endloop
endfacet
facet normal 0 0 0
 outer loop
  vertex 11.176351906108065 1.471394642354779 1.2727922061357855
  vertex 10.324617121996578 2.766472819999525 1.662983158520316
  vertex 10.597385754330372 1.3951723024546823 1.662983158520316
 endloop
endfacet
facet normal 0 0 0
 outer loop
  vertex 10.597385754330372 1.3951723024546823 1.662983158520316
  vertex 10.324617121996578 2.766472819999525 1.662983158520316
  vertex 9.659258262890683 2.5881904510252074 1.8
 endloop
endfacet
facet normal 0 0 0
 outer loop
  vertex 10.597385754330372 1.3951723024546823 1.662983158520316
  vertex 9.659258262890683 2.5881904510252074 1.8
  vertex 9.914448613738104 1.3052619222005157 1.8
 endloop
endfacet
facet normal 0 0 0
 outer loop
  vertex 9.914448613738104 1.3052619222005157 1.8
  vertex 9.659258262890683 2.5881904510252074 1.8
  vertex 8.993899403784788 2.40990808205089 1.662983158520316
 endloop
endfacet
facet normal 0 0 0
 outer loop
  vertex 9.914448613738104 1.3052619222005157 1.8
  vertex 8.993899403784788 2.40990808205089 1.662983158520316
  vertex 9.231511473145835 1.2153515419463492 1.662983158520316
 endloop
endfacet
facet normal 0 0 0
 outer loop
  vertex 9.231511473145835 1.2153515419463492 1.662983158520316
  vertex 8.993899403784788 2.40990808205089 1.662983158520316
  vertex 8.42983539948469 2.258767587619213 1.2727922061357857
 endloop
endfacet
facet normal 0 0 0
 outer loop
  vertex 9.231511473145835 1.2153515419463492 1.662983158520316
  vertex 8.42983539948469 2.258767587619213 1.2727922061357857
  vertex 8.652545321368144 1.1391292020462527 1.2727922061357857
 endloop
endfacet
facet normal 0 0 0
 outer loop
  vertex 8.652545321368144 1.1391292020462527 1.2727922061357857
  vertex 8.42983539948469 2.258767587619213 1.2727922061357857
  vertex 8.052939881392142 2.1577787379154056 0.6888301782571619
 endloop
endfacet
facet normal 0 0 0
 outer loop
  vertex 8.652545321368144 1.1391292020462527 1.2727922061357857
  vertex 8.052939881392142 2.1577787379154056 0.6888301782571619
  vertex 8.265692506671948 1.0881990627927844 0.6888301782571619
 endloop
endfacet
facet normal 0 0 0
 outer loop
  vertex 8.265692506671948 1.0881990627927844 0.6888301782571619
  vertex 8.052939881392142 2.1577787379154056 0.6888301782571619
  vertex 7.92059177557036 2.12231616984067 2.2043642384652358e-16
 endloop
endfacet
facet normal 0 0 0
 outer loop
  vertex 8.265692506671948 1.0881990627927844 0.6888301782571619
  vertex 7.92059177557036 2.12231616984067 2.2043642384652358e-16
  vertex 8.129847863265244 1.0703147762044227 2.2043642384652358e-16
 endloop
endfacet
facet normal 0 0 0
 outer loop
  vertex 8.129847863265244 1.0703147762044227 2.2043642384652358e-16
  vertex 7.92059177557036 2.12231616984067 2.2043642384652358e-16
  vertex 8.052939881392142 2.1577787379154056 -0.6888301782571614
 endloop
endfacet
facet normal 0 0 0
 outer loop
  vertex 8.129847863265244 1.0703147762044227 2.2043642384652358e-16
  vertex 8.052939881392142 2.1577787379154056 -0.6888301782571614
  vertex 8.265692506671948 1.0881990627927844 -0.6888301782571614
 endloop
endfacet
facet normal 0 0 0
 outer loop
  vertex 8.265692506671948 1.0881990627927844 -0.6888301782571614
  vertex 8.052939881392142 2.1577787379154056 -0.6888301782571614
  vertex 8.429835399484688 2.2587675876192126 -1.2727922061357855
 endloop
endfacet
facet normal 0 0 0
 outer loop
  vertex 8.265692506671948 1.0881990627927844 -0.6888301782571614
  vertex 8.429835399484688 2.2587675876192126 -1.2727922061357855
  vertex 8.652545321368143 1.1391292020462525 -1.2727922061357855
 endloop
endfacet
facet normal 0 0 0
 outer loop
  vertex 8.652545321368143 1.1391292020462525 -1.2727922061357855
  vertex 8.429835399484688 2.2587675876192126 -1.2727922061357855
  vertex 8.993899403784786 2.4099080820508894 -1.6629831585203159
 endloop
endfacet
facet normal 0 0 0
 outer loop
  vertex 8.652545321368143 1.1391292020462525 -1.2727922061357855
  vertex 8.993899403784786 2.4099080820508894 -1.6629831585203159
  vertex 9.231511473145833 1.215351541946349 -1.6629831585203159
 endloop
endfacet
facet normal 0 0 0
 outer loop
  vertex 9.231511473145833 1.215351541946349 -1.6629831585203159
  vertex 8.993899403784786 2.4099080820508894 -1.6629831585203159
  vertex 9.659258262890683 2.5881904510252074 -1.8
 endloop
endfacet
facet normal 0 0 0
 outer loop
  vertex 9.231511473145833 1.215351541946349 -1.6629831585203159
  vertex 9.659258262890683 2.5881904510252074 -1.8
  vertex 9.914448613738104 1.3052619222005157 -1.8
 endloop
endfacet
facet normal 0 0 0
 outer loop
  vertex 9.914448613738104 1.3052619222005157 -1.8
  vertex 9.659258262890683 2.5881904510252074 -1.8
  vertex 10.324617121996578 2.766472819999525 -1.6629831585203159
 endloop
endfacet
facet normal 0 0 0
 outer loop
  vertex 9.914448613738104 1.3052619222005157 -1.8
  vertex 10.324617121996578 2.766472819999525 -1.6629831585203159
  vertex 10.597385754330372 1.3951723024546823 -1.6629831585203159
 endloop
endfacet
facet normal 0 0 0
 outer loop
  vertex 10.597385754330372 1.3951723024546823 -1.6629831585203159
  vertex 10.324617121996578 2.766472819999525 -1.6629831585203159
  vertex 10.888681126296678 2.9176133144312018 -1.272792206135786
 endloop
endfacet
facet normal 0 0 0
 outer loop
  vertex 10.597385754330372 1.3951723024546823 -1.6629831585203159
  vertex 10.888681126296678 2.9176133144312018 -1.272792206135786
  vertex 11.176351906108064 1.4713946423547788 -1.272792206135786
 endloop
endfacet
facet normal 0 0 0
 outer loop
  vertex 11.176351906108064 1.4713946423547788 -1.272792206135786
  vertex 10.888681126296678 2.9176133144312018 -1.272792206135786
  vertex 11.265576644389224 3.018602164135009 -0.6888301782571628
 endloop
endfacet
facet normal 0 0 0
 outer loop
  vertex 11.176351906108064 1.4713946423547788 -1.272792206135786
  vertex 11.265576644389224 3.018602164135009 -0.6888301782571628
  vertex 11.56320472080426 1.522324781608247 -0.6888301782571628
 endloop
endfacet
facet normal 0 0 0
 outer loop
  vertex 11.56320472080426 1.522324781608247 -0.6888301782571628
  vertex 11.265576644389224 3.018602164135009 -0.6888301782571628
  vertex 11.397924750211006 3.0540647322097447 -4.4087284769304716e-16
 endloop
endfacet
facet normal 0 0 0
 outer loop
  vertex 11.56320472080426 1.522324781608247 -0.6888301782571628
  vertex 11.397924750211006 3.0540647322097447 -4.4087284769304716e-16
  vertex 11.699049364210964 1.5402090681966087 -4.4087284769304716e-16
 endloop
endfacet
facet normal 0 0 0
 outer loop
  vertex 11.397924750211006 3.0540647322097447 0
  vertex 10.901778483633183 4.51566450190806 0
  vertex 10.77519142818076 4.46323042671879 0.6888301782571616
 endloop
endfacet
facet normal 0 0 0
 outer loop
  vertex 11.397924750211006 3.0540647322097447 0
  vertex 10.77519142818076 4.46323042671879 0.6888301782571616
  vertex 11.265576644389224 3.018602164135009 0.6888301782571616
 endloop
endfacet
facet normal 0 0 0
 outer loop
  vertex 11.265576644389224 3.018602164135009 0.6888301782571616
  vertex 10.77519142818076 4.46323042671879 0.6888301782571616
  vertex 10.414701993501607 4.313910813782475 1.2727922061357855
 endloop
endfacet
facet normal 0 0 0
 outer loop
  vertex 11.265576644389224 3.018602164135009 0.6888301782571616
  vertex 10.414701993501607 4.313910813782475 1.2727922061357855
  vertex 10.888681126296678 2.917613314431202 1.2727922061357855
 endloop
endfacet
facet normal 0 0 0
 outer loop
  vertex 10.888681126296678 2.917613314431202 1.2727922061357855
  vertex 10.414701993501607 4.313910813782475 1.2727922061357855
  vertex 9.87519142818076 4.090438220583005 1.662983158520316
 endloop
endfacet
facet normal 0 0 0
 outer loop
  vertex 10.888681126296678 2.917613314431202 1.2727922061357855
  vertex 9.87519142818076 4.090438220583005 1.662983158520316
  vertex 10.324617121996578 2.766472819999525 1.662983158520316
 endloop
endfacet
facet normal 0 0 0
 outer loop
  vertex 10.324617121996578 2.766472819999525 1.662983158520316
  vertex 9.87519142818076 4.090438220583005 1.662983158520316
  vertex 9.238795325112868 3.826834323650898 1.8
 endloop
endfacet
facet normal 0 0 0
 outer loop
  vertex 10.324617121996578 2.766472819999525 1.662983158520316
  vertex 9.238795325112868 3.826834323650898 1.8
  vertex 9.659258262890683 2.5881904510252074 1.8
 endloop
endfacet
facet normal 0 0 0
 outer loop
  vertex 9.659258262890683 2.5881904510252074 1.8
  vertex 9.238795325112868 3.826834323650898 1.8
  vertex 8.602399222044975 3.563230426718791 1.662983158520316
 endloop
endfacet
facet normal 0 0 0
 outer loop
  vertex 9.659258262890683 2.5881904510252074 1.8
  vertex 8.602399222044975 3.563230426718791 1.662983158520316
  vertex 8.993899403784788 2.40990808205089 1.662983158520316
 endloop
endfacet
facet normal 0 0 0
 outer loop
  vertex 8.993899403784788 2.40990808205089 1.662983158520316
  vertex 8.602399222044975 3.563230426718791 1.662983158520316
  vertex 8.062888656724128 3.3397578335193208 1.2727922061357857
 endloop
endfacet
facet normal 0 0 0
 outer loop
  vertex 8.993899403784788 2.40990808205089 1.662983158520316
  vertex 8.062888656724128 3.3397578335193208 1.2727922061357857
  vertex 8.42983539948469 2.258767587619213 1.2727922061357857
 endloop
endfacet
facet normal 0 0 0
 outer loop
  vertex 8.42983539948469 2.258767587619213 1.2727922061357857
  vertex 8.062888656724128 3.3397578335193208 1.2727922061357857
  vertex 7.702399222044975 3.190438220583005 0.6888301782571619
 endloop
endfacet
facet normal 0 0 0
 outer loop
  vertex 8.42983539948469 2.258767587619213 1.2727922061357857
  vertex 7.702399222044975 3.190438220583005 0.6888301782571619
  vertex 8.052939881392142 2.1577787379154056 0.6888301782571619
 endloop
endfacet
facet normal 0 0 0
 outer loop
  vertex 8.052939881392142 2.1577787379154056 0.6888301782571619
  vertex 7.702399222044975 3.190438220583005 0.6888301782571619
  vertex 7.57581216659255 3.1380041453937357 2.2043642384652358e-16
 endloop
endfacet
facet normal 0 0 0
 outer loop
  vertex 8.052939881392142 2.1577787379154056 0.6888301782571619
  vertex 7.57581216659255 3.1380041453937357 2.2043642384652358e-16
  vertex 7.92059177557036 2.12231616984067 2.2043642384652358e-16
 endloop
endfacet
facet normal 0 0 0
 outer loop
  vertex 7.92059177557036 2.12231616984067 2.2043642384652358e-16
  vertex 7.57581216659255 3.1380041453937357 2.2043642384652358e-16
  vertex 7.702399222044975 3.190438220583005 -0.6888301782571614
 endloop
endfacet
facet normal 0 0 0
 outer loop
  vertex 7.92059177557036 2.12231616984067 2.2043642384652358e-16
  vertex 7.702399222044975 3.190438220583005 -0.6888301782571614
  vertex 8.052939881392142 2.1577787379154056 -0.6888301782571614
 endloop
endfacet
facet normal 0 0 0
 outer loop
  vertex 8.052939881392142 2.1577787379154056 -0.6888301782571614
  vertex 7.702399222044975 3.190438220583005 -0.6888301782571614
  vertex 8.062888656724127 3.3397578335193203 -1.2727922061357855
 endloop
endfacet
facet normal 0 0 0
 outer loop
  vertex 8.052939881392142 2.1577787379154056 -0.6888301782571614
  vertex 8.062888656724127 3.3397578335193203 -1.2727922061357855
  vertex 8.429835399484688 2.2587675876192126 -1.2727922061357855
 endloop
endfacet
facet normal 0 0 0
 outer loop
  vertex 8.429835399484688 2.2587675876192126 -1.2727922061357855
  vertex 8.062888656724127 3.3397578335193203 -1.2727922061357855
  vertex 8.602399222044973 3.56323042671879 -1.6629831585203159
 endloop
endfacet
facet normal 0 0 0
 outer loop
  vertex 8.429835399484688 2.2587675876192126 -1.2727922061357855
  vertex 8.602399222044973 3.56323042671879 -1.6629831585203159
  vertex 8.993899403784786 2.4099080820508894 -1.6629831585203159
 endloop
endfacet
facet normal 0 0 0
 outer loop
  vertex 8.993899403784786 2.4099080820508894 -1.6629831585203159
  vertex 8.602399222044973 3.56323042671879 -1.6629831585203159
  vertex 9.238795325112868 3.826834323650898 -1.8
 endloop
endfacet
facet normal 0 0 0
 outer loop
  vertex 8.993899403784786 2.4099080820508894 -1.6629831585203159
  vertex 9.238795325112868 3.826834323650898 -1.8
  vertex 9.659258262890683 2.5881904510252074 -1.8
 endloop
endfacet
facet normal 0 0 0
 outer loop
  vertex 9.659258262890683 2.5881904510252074 -1.8
  vertex 9.238795325112868 3.826834323650898 -1.8
  vertex 9.87519142818076 4.090438220583005 -1.6629831585203159
 endloop
endfacet
facet normal 0 0 0
 outer loop
  vertex 9.659258262890683 2.5881904510252074 -1.8
  vertex 9.87519142818076 4.090438220583005 -1.6629831585203159
  vertex 10.324617121996578 2.766472819999525 -1.6629831585203159
 endloop
endfacet
facet normal 0 0 0
 outer loop
  vertex 10.324617121996578 2.766472819999525 -1.6629831585203159
  vertex 9.87519142818076 4.090438220583005 -1.6629831585203159
  vertex 10.414701993501605 4.313910813782475 -1.272792206135786
 endloop
endfacet
facet normal 0 0 0
 outer loop
  vertex 10.324617121996578 2.766472819999525 -1.6629831585203159
  vertex 10.414701993501605 4.313910813782475 -1.272792206135786
  vertex 10.888681126296678 2.9176133144312018 -1.272792206135786
 endloop
endfacet
facet normal 0 0 0
 outer loop
  vertex 10.888681126296678 2.9176133144312018 -1.272792206135786
  vertex 10.414701993501605 4.313910813782475 -1.272792206135786
  vertex 10.77519142818076 4.46323042671879 -0.6888301782571628
 endloop
endfacet
facet normal 0 0 0
 outer loop
  vertex 10.888681126296678 2.9176133144312018 -1.272792206135786
  vertex 10.77519142818076 4.46323042671879 -0.6888301782571628
  vertex 11.265576644389224 3.018602164135009 -0.6888301782571628
 endloop
endfacet
facet normal 0 0 0
 outer loop
  vertex 11.265576644389224 3.018602164135009 -0.6888301782571628
  vertex 10.77519142818076 4.46323042671879 -0.6888301782571628
  vertex 10.901778483633183 4.51566450190806 -4.4087284769304716e-16
 endloop
endfacet
facet normal 0 0 0
 outer loop
  vertex 11.265576644389224 3.018602164135009 -0.6888301782571628
  vertex 10.901778483633183 4.51566450190806 -4.4087284769304716e-16
  vertex 11.397924750211006 3.0540647322097447 -4.4087284769304716e-16
 endloop
endfacet
facet normal 0 0 0
 outer loop
  vertex 10.901778483633183 4.51566450190806 0
  vertex 10.219099764656377 5.8999999999999995 0
  vertex 10.100439699188664 5.831491579260157 0.6888301782571616
 endloop
endfacet
facet normal 0 0 0
 outer loop
  vertex 10.901778483633183 4.51566450190806 0
  vertex 10.100439699188664 5.831491579260157 0.6888301782571616
  vertex 10.77519142818076 4.46323042671879 0.6888301782571616
 endloop
endfacet
facet normal 0 0 0
 outer loop
  vertex 10.77519142818076 4.46323042671879 0.6888301782571616
  vertex 10.100439699188664 5.831491579260157 0.6888301782571616
  vertex 9.762524422096819 5.636396103067892 1.2727922061357855
 endloop
endfacet
facet normal 0 0 0
 outer loop
  vertex 10.77519142818076 4.46323042671879 0.6888301782571616
  vertex 9.762524422096819 5.636396103067892 1.2727922061357855
  vertex 10.414701993501607 4.313910813782475 1.2727922061357855
 endloop
endfacet
facet normal 0 0 0
 outer loop
  vertex 10.414701993501607 4.313910813782475 1.2727922061357855
  vertex 9.762524422096819 5.636396103067892 1.2727922061357855
  vertex 9.256798471108452 5.34441508912858 1.662983158520316
 endloop
endfacet
facet normal 0 0 0
 outer loop
  vertex 10.414701993501607 4.313910813782475 1.2727922061357855
  vertex 9.256798471108452 5.34441508912858 1.662983158520316
  vertex 9.87519142818076 4.090438220583005 1.662983158520316
 endloop
endfacet
facet normal 0 0 0
 outer loop
  vertex 9.87519142818076 4.090438220583005 1.662983158520316
  vertex 9.256798471108452 5.34441508912858 1.662983158520316
  vertex 8.660254037844387 4.999999999999999 1.8
 endloop
endfacet
facet normal 0 0 0
 outer loop
  vertex 9.87519142818076 4.090438220583005 1.662983158520316
  vertex 8.660254037844387 4.999999999999999 1.8
  vertex 9.238795325112868 3.826834323650898 1.8
 endloop
endfacet
facet normal 0 0 0
 outer loop
  vertex 9.238795325112868 3.826834323650898 1.8
  vertex 8.660254037844387 4.999999999999999 1.8
  vertex 8.063709604580323 4.6555849108714185 1.662983158520316
 endloop
endfacet
facet normal 0 0 0
 outer loop
  vertex 9.238795325112868 3.826834323650898 1.8
  vertex 8.063709604580323 4.6555849108714185 1.662983158520316
  vertex 8.602399222044975 3.563230426718791 1.662983158520316
 endloop
endfacet
facet normal 0 0 0
 outer loop
  vertex 8.602399222044975 3.563230426718791 1.662983158520316
  vertex 8.063709604580323 4.6555849108714185 1.662983158520316
  vertex 7.557983653591958 4.363603896932107 1.2727922061357857
 endloop
endfacet
facet normal 0 0 0
 outer loop
  vertex 8.602399222044975 3.563230426718791 1.662983158520316
  vertex 7.557983653591958 4.363603896932107 1.2727922061357857
  vertex 8.062888656724128 3.3397578335193208 1.2727922061357857
 endloop
endfacet
facet normal 0 0 0
 outer loop
  vertex 8.062888656724128 3.3397578335193208 1.2727922061357857
  vertex 7.557983653591958 4.363603896932107 1.2727922061357857
  vertex 7.22006837650011 4.168508420739841 0.6888301782571619
 endloop
endfacet
facet normal 0 0 0
 outer loop
  vertex 8.062888656724128 3.3397578335193208 1.2727922061357857
  vertex 7.22006837650011 4.168508420739841 0.6888301782571619
  vertex 7.702399222044975 3.190438220583005 0.6888301782571619
 endloop
endfacet
facet normal 0 0 0
 outer loop
  vertex 7.702399222044975 3.190438220583005 0.6888301782571619
  vertex 7.22006837650011 4.168508420739841 0.6888301782571619
  vertex 7.1014083110323964 4.099999999999999 2.2043642384652358e-16
 endloop
endfacet
facet normal 0 0 0
 outer loop
  vertex 7.702399222044975 3.190438220583005 0.6888301782571619
  vertex 7.1014083110323964 4.099999999999999 2.2043642384652358e-16
  vertex 7.57581216659255 3.1380041453937357 2.2043642384652358e-16
 endloop
endfacet
facet normal 0 0 0
 outer loop
  vertex 7.57581216659255 3.1380041453937357 2.2043642384652358e-16
  vertex 7.1014083110323964 4.099999999999999 2.2043642384652358e-16
  vertex 7.22006837650011 4.168508420739841 -0.6888301782571614
 endloop
endfacet
facet normal 0 0 0
 outer loop
  vertex 7.57581216659255 3.1380041453937357 2.2043642384652358e-16
  vertex 7.22006837650011 4.168508420739841 -0.6888301782571614
  vertex 7.702399222044975 3.190438220583005 -0.6888301782571614
 endloop
endfacet
facet normal 0 0 0
 outer loop
  vertex 7.702399222044975 3.190438220583005 -0.6888301782571614
  vertex 7.22006837650011 4.168508420739841 -0.6888301782571614
  vertex 7.557983653591956 4.363603896932106 -1.2727922061357855
 endloop
endfacet
facet normal 0 0 0
 outer loop
  vertex 7.702399222044975 3.190438220583005 -0.6888301782571614
  vertex 7.557983653591956 4.363603896932106 -1.2727922061357855
  vertex 8.062888656724127 3.3397578335193203 -1.2727922061357855
 endloop
endfacet
facet normal 0 0 0
 outer loop
  vertex 8.062888656724127 3.3397578335193203 -1.2727922061357855
  vertex 7.557983653591956 4.363603896932106 -1.2727922061357855
  vertex 8.063709604580321 4.655584910871418 -1.6629831585203159
 endloop
endfacet
facet normal 0 0 0
 outer loop
  vertex 8.062888656724127 3.3397578335193203 -1.2727922061357855
  vertex 8.063709604580321 4.655584910871418 -1.6629831585203159
  vertex 8.602399222044973 3.56323042671879 -1.6629831585203159
 endloop
endfacet
facet normal 0 0 0
 outer loop
  vertex 8.602399222044973 3.56323042671879 -1.6629831585203159
  vertex 8.063709604580321 4.655584910871418 -1.6629831585203159
  vertex 8.660254037844387 4.999999999999999 -1.8
 endloop
endfacet
facet normal 0 0 0
 outer loop
  vertex 8.602399222044973 3.56323042671879 -1.6629831585203159
  vertex 8.660254037844387 4.999999999999999 -1.8
  vertex 9.238795325112868 3.826834323650898 -1.8
 endloop
endfacet
facet normal 0 0 0
 outer loop
  vertex 9.238795325112868 3.826834323650898 -1.8
  vertex 8.660254037844387 4.999999999999999 -1.8
  vertex 9.256798471108452 5.34441508912858 -1.6629831585203159
 endloop
endfacet
facet normal 0 0 0
 outer loop
  vertex 9.238795325112868 3.826834323650898 -1.8
  vertex 9.256798471108452 5.34441508912858 -1.6629831585203159
  vertex 9.87519142818076 4.090438220583005 -1.6629831585203159
 endloop
endfacet
facet normal 0 0 0
 outer loop
  vertex 9.87519142818076 4.090438220583005 -1.6629831585203159
  vertex 9.256798471108452 5.34441508912858 -1.6629831585203159
  vertex 9.762524422096817 5.6363961030678915 -1.272792206135786
 endloop
endfacet
facet normal 0 0 0
 outer loop
  vertex 9.87519142818076 4.090438220583005 -1.6629831585203159
  vertex 9.762524422096817 5.6363961030678915 -1.272792206135786
  vertex 10.414701993501605 4.313910813782475 -1.272792206135786
 endloop
endfacet
facet normal 0 0 0
 outer loop
  vertex 10.414701993501605 4.313910813782475 -1.272792206135786
  vertex 9.762524422096817 5.6363961030678915 -1.272792206135786
  vertex 10.100439699188664 5.831491579260157 -0.6888301782571628
 endloop
endfacet
facet normal 0 0 0
 outer loop
  vertex 10.414701993501605 4.313910813782475 -1.272792206135786
  vertex 10.100439699188664 5.831491579260157 -0.6888301782571628
  vertex 10.77519142818076 4.46323042671879 -0.6888301782571628
 endloop
endfacet
facet normal 0 0 0
 outer loop
  vertex 10.77519142818076 4.46323042671879 -0.6888301782571628
  vertex 10.100439699188664 5.831491579260157 -0.6888301782571628
  vertex 10.219099764656377 5.8999999999999995 -4.4087284769304716e-16
 endloop
endfacet
facet normal 0 0 0
 outer loop
  vertex 10.77519142818076 4.46323042671879 -0.6888301782571628
  vertex 10.219099764656377 5.8999999999999995 -4.4087284769304716e-16
  vertex 10.901778483633183 4.51566450190806 -4.4087284769304716e-16
 endloop
endfacet
facet normal 0 0 0
 outer loop
  vertex 10.219099764656377 5.8999999999999995 0
  vertex 9.361569415436575 7.183384862302904 0
  vertex 9.252866646572512 7.099974294085469 0.6888301782571616
 endloop
endfacet
facet normal 0 0 0
 outer loop
  vertex 10.219099764656377 5.8999999999999995 0
  vertex 9.252866646572512 7.099974294085469 0.6888301782571616
  vertex 10.100439699188664 5.831491579260157 0.6888301782571616
 endloop
endfacet
facet normal 0 0 0
 outer loop
  vertex 10.100439699188664 5.831491579260157 0.6888301782571616
  vertex 9.252866646572512 7.099974294085469 0.6888301782571616
  vertex 8.943307351146828 6.86244109232559 1.2727922061357855
 endloop
endfacet
facet normal 0 0 0
 outer loop
  vertex 10.100439699188664 5.831491579260157 0.6888301782571616
  vertex 8.943307351146828 6.86244109232559 1.2727922061357855
  vertex 9.762524422096819 5.636396103067892 1.2727922061357855
 endloop
endfacet
facet normal 0 0 0
 outer loop
  vertex 9.762524422096819 5.636396103067892 1.2727922061357855
  vertex 8.943307351146828 6.86244109232559 1.2727922061357855
  vertex 8.480019125726077 6.5069475337473675 1.662983158520316
 endloop
endfacet
facet normal 0 0 0
 outer loop
  vertex 9.762524422096819 5.636396103067892 1.2727922061357855
  vertex 8.480019125726077 6.5069475337473675 1.662983158520316
  vertex 9.256798471108452 5.34441508912858 1.662983158520316
 endloop
endfacet
facet normal 0 0 0
 outer loop
  vertex 9.256798471108452 5.34441508912858 1.662983158520316
  vertex 8.480019125726077 6.5069475337473675 1.662983158520316
  vertex 7.933533402912351 6.087614290087206 1.8
 endloop
endfacet
facet normal 0 0 0
 outer loop
  vertex 9.256798471108452 5.34441508912858 1.662983158520316
  vertex 7.933533402912351 6.087614290087206 1.8
  vertex 8.660254037844387 4.999999999999999 1.8
 endloop
endfacet
facet normal 0 0 0
 outer loop
  vertex 8.660254037844387 4.999999999999999 1.8
  vertex 7.933533402912351 6.087614290087206 1.8
  vertex 7.387047680098625 5.668281046427046 1.662983158520316
 endloop
endfacet
facet normal 0 0 0
 outer loop
  vertex 8.660254037844387 4.999999999999999 1.8
  vertex 7.387047680098625 5.668281046427046 1.662983158520316
  vertex 8.063709604580323 4.6555849108714185 1.662983158520316
 endloop
endfacet
facet normal 0 0 0
 outer loop
  vertex 8.063709604580323 4.6555849108714185 1.662983158520316
  vertex 7.387047680098625 5.668281046427046 1.662983158520316
  vertex 6.923759454677876 5.312787487848824 1.2727922061357857
 endloop
endfacet
facet normal 0 0 0
 outer loop
  vertex 8.063709604580323 4.6555849108714185 1.662983158520316
  vertex 6.923759454677876 5.312787487848824 1.2727922061357857
  vertex 7.557983653591958 4.363603896932107 1.2727922061357857
 endloop
endfacet
facet normal 0 0 0
 outer loop
  vertex 7.557983653591958 4.363603896932107 1.2727922061357857
  vertex 6.923759454677876 5.312787487848824 1.2727922061357857
  vertex 6.61420015925219 5.075254286088944 0.6888301782571619
 endloop
endfacet
facet normal 0 0 0
 outer loop
  vertex 7.557983653591958 4.363603896932107 1.2727922061357857
  vertex 6.61420015925219 5.075254286088944 0.6888301782571619
  vertex 7.22006837650011 4.168508420739841 0.6888301782571619
 endloop
endfacet
facet normal 0 0 0
 outer loop
  vertex 7.22006837650011 4.168508420739841 0.6888301782571619
  vertex 6.61420015925219 5.075254286088944 0.6888301782571619
  vertex 6.505497390388128 4.991843717871509 2.2043642384652358e-16
 endloop
endfacet
facet normal 0 0 0
 outer loop
  vertex 7.22006837650011 4.168508420739841 0.6888301782571619
  vertex 6.505497390388128 4.991843717871509 2.2043642384652358e-16
  vertex 7.1014083110323964 4.099999999999999 2.2043642384652358e-16
 endloop
endfacet
facet normal 0 0 0
 outer loop
  vertex 7.1014083110323964 4.099999999999999 2.2043642384652358e-16
  vertex 6.505497390388128 4.991843717871509 2.2043642384652358e-16
  vertex 6.61420015925219 5.075254286088944 -0.6888301782571614
 endloop
endfacet
facet normal 0 0 0
 outer loop
  vertex 7.1014083110323964 4.099999999999999 2.2043642384652358e-16
  vertex 6.61420015925219 5.075254286088944 -0.6888301782571614
  vertex 7.22006837650011 4.168508420739841 -0.6888301782571614
 endloop
endfacet
facet normal 0 0 0
 outer loop
  vertex 7.22006837650011 4.168508420739841 -0.6888301782571614
  vertex 6.61420015925219 5.075254286088944 -0.6888301782571614
  vertex 6.923759454677875 5.312787487848823 -1.2727922061357855
 endloop
endfacet
facet normal 0 0 0
 outer loop
  vertex 7.22006837650011 4.168508420739841 -0.6888301782571614
  vertex 6.923759454677875 5.312787487848823 -1.2727922061357855
  vertex 7.557983653591956 4.363603896932106 -1.2727922061357855
 endloop
endfacet
facet normal 0 0 0
 outer loop
  vertex 7.557983653591956 4.363603896932106 -1.2727922061357855
  vertex 6.923759454677875 5.312787487848823 -1.2727922061357855
  vertex 7.3870476800986244 5.668281046427044 -1.6629831585203159
 endloop
endfacet
facet normal 0 0 0
 outer loop
  vertex 7.557983653591956 4.363603896932106 -1.2727922061357855
  vertex 7.3870476800986244 5.668281046427044 -1.6629831585203159
  vertex 8.063709604580321 4.655584910871418 -1.6629831585203159
 endloop
endfacet
facet normal 0 0 0
 outer loop
  vertex 8.063709604580321 4.655584910871418 -1.6629831585203159
  vertex 7.3870476800986244 5.668281046427044 -1.6629831585203159
  vertex 7.933533402912351 6.087614290087206 -1.8
 endloop
endfacet
facet normal 0 0 0
 outer loop
  vertex 8.063709604580321 4.655584910871418 -1.6629831585203159
  vertex 7.933533402912351 6.087614290087206 -1.8
  vertex 8.660254037844387 4.999999999999999 -1.8
 endloop
endfacet
facet normal 0 0 0
 outer loop
  vertex 8.660254037844387 4.999999999999999 -1.8
  vertex 7.933533402912351 6.087614290087206 -1.8
  vertex 8.480019125726077 6.5069475337473675 -1.6629831585203159
 endloop
endfacet
facet normal 0 0 0
 outer loop
  vertex 8.660254037844387 4.999999999999999 -1.8
  vertex 8.480019125726077 6.5069475337473675 -1.6629831585203159
  vertex 9.256798471108452 5.34441508912858 -1.6629831585203159
 endloop
endfacet
facet normal 0 0 0
 outer loop
  vertex 9.256798471108452 5.34441508912858 -1.6629831585203159
  vertex 8.480019125726077 6.5069475337473675 -1.6629831585203159
  vertex 8.943307351146826 6.862441092325589 -1.272792206135786
 endloop
endfacet
facet normal 0 0 0
 outer loop
  vertex 9.256798471108452 5.34441508912858 -1.6629831585203159
  vertex 8.943307351146826 6.862441092325589 -1.272792206135786
  vertex 9.762524422096817 5.6363961030678915 -1.272792206135786
 endloop
endfacet
facet normal 0 0 0
 outer loop
  vertex 9.762524422096817 5.6363961030678915 -1.272792206135786
  vertex 8.943307351146826 6.862441092325589 -1.272792206135786
  vertex 9.252866646572512 7.099974294085469 -0.6888301782571628
 endloop
endfacet
facet normal 0 0 0
 outer loop
  vertex 9.762524422096817 5.6363961030678915 -1.272792206135786
  vertex 9.252866646572512 7.099974294085469 -0.6888301782571628
  vertex 10.100439699188664 5.831491579260157 -0.6888301782571628
 endloop
endfacet
facet normal 0 0 0
 outer loop
  vertex 10.100439699188664 5.831491579260157 -0.6888301782571628
  vertex 9.252866646572512 7.099974294085469 -0.6888301782571628
  vertex 9.361569415436575 7.183384862302904 -4.4087284769304716e-16
 endloop
endfacet
facet normal 0 0 0
 outer loop
  vertex 10.100439699188664 5.831491579260157 -0.6888301782571628
  vertex 9.361569415436575 7.183384862302904 -4.4087284769304716e-16
  vertex 10.219099764656377 5.8999999999999995 -4.4087284769304716e-16
 endloop
endfacet
facet normal 0 0 0
 outer loop
  vertex 9.361569415436575 7.183384862302904 0
  vertex 8.343860018001262 8.34386001800126 0
  vertex 8.246974480254215 8.246974480254213 0.6888301782571616
 endloop
endfacet
facet normal 0 0 0
 outer loop
  vertex 9.361569415436575 7.183384862302904 0
  vertex 8.246974480254215 8.246974480254213 0.6888301782571616
  vertex 9.252866646572512 7.099974294085469 0.6888301782571616
 endloop
endfacet
facet normal 0 0 0
 outer loop
  vertex 9.252866646572512 7.099974294085469 0.6888301782571616
  vertex 8.246974480254215 8.246974480254213 0.6888301782571616
  vertex 7.971067811865477 7.971067811865475 1.2727922061357855
 endloop
endfacet
facet normal 0 0 0
 outer loop
  vertex 9.252866646572512 7.099974294085469 0.6888301782571616
  vertex 7.971067811865477 7.971067811865475 1.2727922061357855
  vertex 8.943307351146828 6.86244109232559 1.2727922061357855
 endloop
endfacet
facet normal 0 0 0
 outer loop
  vertex 8.943307351146828 6.86244109232559 1.2727922061357855
  vertex 7.971067811865477 7.971067811865475 1.2727922061357855
  vertex 7.558144301997053 7.558144301997052 1.662983158520316
 endloop
endfacet
facet normal 0 0 0
 outer loop
  vertex 8.943307351146828 6.86244109232559 1.2727922061357855
  vertex 7.558144301997053 7.558144301997052 1.662983158520316
  vertex 8.480019125726077 6.5069475337473675 1.662983158520316
 endloop
endfacet
facet normal 0 0 0
 outer loop
  vertex 8.480019125726077 6.5069475337473675 1.662983158520316
  vertex 7.558144301997053 7.558144301997052 1.662983158520316
  vertex 7.0710678118654755 7.071067811865475 1.8
 endloop
endfacet
facet normal 0 0 0
 outer loop
  vertex 8.480019125726077 6.5069475337473675 1.662983158520316
  vertex 7.0710678118654755 7.071067811865475 1.8
  vertex 7.933533402912351 6.087614290087206 1.8
 endloop
endfacet
facet normal 0 0 0
 outer loop
  vertex 7.933533402912351 6.087614290087206 1.8
  vertex 7.0710678118654755 7.071067811865475 1.8
  vertex 6.583991321733898 6.5839913217338975 1.662983158520316
 endloop
endfacet
facet normal 0 0 0
 outer loop
  vertex 7.933533402912351 6.087614290087206 1.8
  vertex 6.583991321733898 6.5839913217338975 1.662983158520316
  vertex 7.387047680098625 5.668281046427046 1.662983158520316
 endloop
endfacet
facet normal 0 0 0
 outer loop
  vertex 7.387047680098625 5.668281046427046 1.662983158520316
  vertex 6.583991321733898 6.5839913217338975 1.662983158520316
  vertex 6.171067811865476 6.171067811865475 1.2727922061357857
 endloop
endfacet
facet normal 0 0 0
 outer loop
  vertex 7.387047680098625 5.668281046427046 1.662983158520316
  vertex 6.171067811865476 6.171067811865475 1.2727922061357857
  vertex 6.923759454677876 5.312787487848824 1.2727922061357857
 endloop
endfacet
facet normal 0 0 0
 outer loop
  vertex 6.923759454677876 5.312787487848824 1.2727922061357857
  vertex 6.171067811865476 6.171067811865475 1.2727922061357857
  vertex 5.895161143476737 5.895161143476736 0.6888301782571619
 endloop
endfacet
facet normal 0 0 0
 outer loop
  vertex 6.923759454677876 5.312787487848824 1.2727922061357857
  vertex 5.895161143476737 5.895161143476736 0.6888301782571619
  vertex 6.61420015925219 5.075254286088944 0.6888301782571619
 endloop
endfacet
facet normal 0 0 0
 outer loop
  vertex 6.61420015925219 5.075254286088944 0.6888301782571619
  vertex 5.895161143476737 5.895161143476736 0.6888301782571619
  vertex 5.79827560572969 5.798275605729689 2.2043642384652358e-16
 endloop
endfacet
facet normal 0 0 0
 outer loop
  vertex 6.61420015925219 5.075254286088944 0.6888301782571619
  vertex 5.79827560572969 5.798275605729689 2.2043642384652358e-16
  vertex 6.505497390388128 4.991843717871509 2.2043642384652358e-16
 endloop
endfacet
facet normal 0 0 0
 outer loop
  vertex 6.505497390388128 4.991843717871509 2.2043642384652358e-16
  vertex 5.79827560572969 5.798275605729689 2.2043642384652358e-16
  vertex 5.895161143476737 5.895161143476736 -0.6888301782571614
 endloop
endfacet
facet normal 0 0 0
 outer loop
  vertex 6.505497390388128 4.991843717871509 2.2043642384652358e-16
  vertex 5.895161143476737 5.895161143476736 -0.6888301782571614
  vertex 6.61420015925219 5.075254286088944 -0.6888301782571614
 endloop
endfacet
facet normal 0 0 0
 outer loop
  vertex 6.61420015925219 5.075254286088944 -0.6888301782571614
  vertex 5.895161143476737 5.895161143476736 -0.6888301782571614
  vertex 6.171067811865475 6.171067811865474 -1.2727922061357855
 endloop
endfacet
facet normal 0 0 0
 outer loop
  vertex 6.61420015925219 5.075254286088944 -0.6888301782571614
  vertex 6.171067811865475 6.171067811865474 -1.2727922061357855
  vertex 6.923759454677875 5.312787487848823 -1.2727922061357855
 endloop
endfacet
facet normal 0 0 0
 outer loop
  vertex 6.923759454677875 5.312787487848823 -1.2727922061357855
  vertex 6.171067811865475 6.171067811865474 -1.2727922061357855
  vertex 6.5839913217338975 6.583991321733897 -1.6629831585203159
 endloop
endfacet
facet normal 0 0 0
 outer loop
  vertex 6.923759454677875 5.312787487848823 -1.2727922061357855
  vertex 6.5839913217338975 6.583991321733897 -1.6629831585203159
  vertex 7.3870476800986244 5.668281046427044 -1.6629831585203159
 endloop
endfacet
facet normal 0 0 0
 outer loop
  vertex 7.3870476800986244 5.668281046427044 -1.6629831585203159
  vertex 6.5839913217338975 6.583991321733897 -1.6629831585203159
  vertex 7.0710678118654755 7.071067811865475 -1.8
 endloop
endfacet
facet normal 0 0 0
 outer loop
  vertex 7.3870476800986244 5.668281046427044 -1.6629831585203159
  vertex 7.0710678118654755 7.071067811865475 -1.8
  vertex 7.933533402912351 6.087614290087206 -1.8
 endloop
endfacet
facet normal 0 0 0
 outer loop
  vertex 7.933533402912351 6.087614290087206 -1.8
  vertex 7.0710678118654755 7.071067811865475 -1.8
  vertex 7.558144301997053 7.558144301997052 -1.6629831585203159
 endloop
endfacet
facet normal 0 0 0
 outer loop
  vertex 7.933533402912351 6.087614290087206 -1.8
  vertex 7.558144301997053 7.558144301997052 -1.6629831585203159
  vertex 8.480019125726077 6.5069475337473675 -1.6629831585203159
 endloop
endfacet
facet normal 0 0 0
 outer loop
  vertex 8.480019125726077 6.5069475337473675 -1.6629831585203159
  vertex 7.558144301997053 7.558144301997052 -1.6629831585203159
  vertex 7.971067811865475 7.971067811865474 -1.272792206135786
 endloop
endfacet
facet normal 0 0 0
 outer loop
  vertex 8.480019125726077 6.5069475337473675 -1.6629831585203159
  vertex 7.971067811865475 7.971067811865474 -1.272792206135786
  vertex 8.943307351146826 6.862441092325589 -1.272792206135786
 endloop
endfacet
facet normal 0 0 0
 outer loop
  vertex 8.943307351146826 6.862441092325589 -1.272792206135786
  vertex 7.971067811865475 7.971067811865474 -1.272792206135786
  vertex 8.246974480254215 8.246974480254213 -0.6888301782571628
 endloop
endfacet
facet normal 0 0 0
 outer loop
  vertex 8.943307351146826 6.862441092325589 -1.272792206135786
  vertex 8.246974480254215 8.246974480254213 -0.6888301782571628
  vertex 9.252866646572512 7.099974294085469 -0.6888301782571628
 endloop
endfacet
facet normal 0 0 0
 outer loop
  vertex 9.252866646572512 7.099974294085469 -0.6888301782571628
  vertex 8.246974480254215 8.246974480254213 -0.6888301782571628
  vertex 8.343860018001262 8.34386001800126 -4.4087284769304716e-16
 endloop
endfacet
facet normal 0 0 0
 outer loop
  vertex 9.252866646572512 7.099974294085469 -0.6888301782571628
  vertex 8.343860018001262 8.34386001800126 -4.4087284769304716e-16
  vertex 9.361569415436575 7.183384862302904 -4.4087284769304716e-16
 endloop
endfacet
facet normal 0 0 0
 outer loop
  vertex 8.343860018001262 8.34386001800126 0
  vertex 7.183384862302904 9.361569415436575 0
  vertex 7.099974294085469 9.252866646572512 0.6888301782571616
 endloop
endfacet
facet normal 0 0 0
 outer loop
  vertex 8.343860018001262 8.34386001800126 0
  vertex 7.099974294085469 9.252866646572512 0.6888301782571616
  vertex 8.246974480254215 8.246974480254213 0.6888301782571616
 endloop
endfacet
facet normal 0 0 0
 outer loop
  vertex 8.246974480254215 8.246974480254213 0.6888301782571616
  vertex 7.099974294085469 9.252866646572512 0.6888301782571616
  vertex 6.86244109232559 8.943307351146828 1.2727922061357855
 endloop
endfacet
facet normal 0 0 0
 outer loop
  vertex 8.246974480254215 8.246974480254213 0.6888301782571616
  vertex 6.86244109232559 8.943307351146828 1.2727922061357855
  vertex 7.971067811865477 7.971067811865475 1.2727922061357855
 endloop
endfacet
facet normal 0 0 0
 outer loop
  vertex 7.971067811865477 7.971067811865475 1.2727922061357855
  vertex 6.86244109232559 8.943307351146828 1.2727922061357855
  vertex 6.5069475337473675 8.480019125726077 1.662983158520316
 endloop
endfacet
facet normal 0 0 0
 outer loop
  vertex 7.971067811865477 7.971067811865475 1.2727922061357855
  vertex 6.5069475337473675 8.480019125726077 1.662983158520316
  vertex 7.558144301997053 7.558144301997052 1.662983158520316
 endloop
endfacet
facet normal 0 0 0
 outer loop
  vertex 7.558144301997053 7.558144301997052 1.662983158520316
  vertex 6.5069475337473675 8.480019125726077 1.662983158520316
  vertex 6.087614290087206 7.933533402912351 1.8
 endloop
endfacet
facet normal 0 0 0
 outer loop
  vertex 7.558144301997053 7.558144301997052 1.662983158520316
  vertex 6.087614290087206 7.933533402912351 1.8
  vertex 7.0710678118654755 7.071067811865475 1.8
 endloop
endfacet
facet normal 0 0 0
 outer loop
  vertex 7.0710678118654755 7.071067811865475 1.8
  vertex 6.087614290087206 7.933533402912351 1.8
  vertex 5.668281046427046 7.387047680098625 1.662983158520316
 endloop
endfacet
facet normal 0 0 0
 outer loop
  vertex 7.0710678118654755 7.071067811865475 1.8
  vertex 5.668281046427046 7.387047680098625 1.662983158520316
  vertex 6.583991321733898 6.5839913217338975 1.662983158520316
 endloop
endfacet
facet normal 0 0 0
 outer loop
  vertex 6.583991321733898 6.5839913217338975 1.662983158520316
  vertex 5.668281046427046 7.387047680098625 1.662983158520316
  vertex 5.312787487848824 6.923759454677876 1.2727922061357857
 endloop
endfacet
facet normal 0 0 0
 outer loop
  vertex 6.583991321733898 6.5839913217338975 1.662983158520316
  vertex 5.312787487848824 6.923759454677876 1.2727922061357857
  vertex 6.171067811865476 6.171067811865475 1.2727922061357857
 endloop
endfacet
facet normal 0 0 0
 outer loop
  vertex 6.171067811865476 6.171067811865475 1.2727922061357857
  vertex 5.312787487848824 6.923759454677876 1.2727922061357857
  vertex 5.075254286088944 6.61420015925219 0.6888301782571619
 endloop
endfacet
facet normal 0 0 0
 outer loop
  vertex 6.171067811865476 6.171067811865475 1.2727922061357857
  vertex 5.075254286088944 6.61420015925219 0.6888301782571619
  vertex 5.895161143476737 5.895161143476736 0.6888301782571619
 endloop
endfacet
facet normal 0 0 0
 outer loop
  vertex 5.895161143476737 5.895161143476736 0.6888301782571619
  vertex 5.075254286088944 6.61420015925219 0.6888301782571619
  vertex 4.991843717871509 6.505497390388128 2.2043642384652358e-16
 endloop
endfacet
facet normal 0 0 0
 outer loop
  vertex 5.895161143476737 5.895161143476736 0.6888301782571619
  vertex 4.991843717871509 6.505497390388128 2.2043642384652358e-16
  vertex 5.79827560572969 5.798275605729689 2.2043642384652358e-16
 endloop
endfacet
facet normal 0 0 0
 outer loop
  vertex 5.79827560572969 5.798275605729689 2.2043642384652358e-16
  vertex 4.991843717871509 6.505497390388128 2.2043642384652358e-16
  vertex 5.075254286088944 6.61420015925219 -0.6888301782571614
 endloop
endfacet
facet normal 0 0 0
 outer loop
  vertex 5.79827560572969 5.798275605729689 2.2043642384652358e-16
  vertex 5.075254286088944 6.61420015925219 -0.6888301782571614
  vertex 5.895161143476737 5.895161143476736 -0.6888301782571614
 endloop
endfacet
facet normal 0 0 0
 outer loop
  vertex 5.895161143476737 5.895161143476736 -0.6888301782571614
  vertex 5.075254286088944 6.61420015925219 -0.6888301782571614
  vertex 5.312787487848823 6.923759454677875 -1.2727922061357855
 endloop
endfacet
facet normal 0 0 0
 outer loop
  vertex 5.895161143476737 5.895161143476736 -0.6888301782571614
  vertex 5.312787487848823 6.923759454677875 -1.2727922061357855
  vertex 6.171067811865475 6.171067811865474 -1.2727922061357855
 endloop
endfacet
facet normal 0 0 0
 outer loop
  vertex 6.171067811865475 6.171067811865474 -1.2727922061357855
  vertex 5.312787487848823 6.923759454677875 -1.2727922061357855
  vertex 5.668281046427044 7.3870476800986244 -1.6629831585203159
 endloop
endfacet
facet normal 0 0 0
 outer loop
  vertex 6.171067811865475 6.171067811865474 -1.2727922061357855
  vertex 5.668281046427044 7.3870476800986244 -1.6629831585203159
  vertex 6.5839913217338975 6.583991321733897 -1.6629831585203159
 endloop
endfacet
facet normal 0 0 0
 outer loop
  vertex 6.5839913217338975 6.583991321733897 -1.6629831585203159
  vertex 5.668281046427044 7.3870476800986244 -1.6629831585203159
  vertex 6.087614290087206 7.933533402912351 -1.8
 endloop
endfacet
facet normal 0 0 0
 outer loop
  vertex 6.5839913217338975 6.583991321733897 -1.6629831585203159
  vertex 6.087614290087206 7.933533402912351 -1.8
  vertex 7.0710678118654755 7.071067811865475 -1.8
 endloop
endfacet
facet normal 0 0 0
 outer loop
  vertex 7.0710678118654755 7.071067811865475 -1.8
  vertex 6.087614290087206 7.933533402912351 -1.8
  vertex 6.5069475337473675 8.480019125726077 -1.6629831585203159
 endloop
endfacet
facet normal 0 0 0
 outer loop
  vertex 7.0710678118654755 7.071067811865475 -1.8
  vertex 6.5069475337473675 8.480019125726077 -1.6629831585203159
  vertex 7.558144301997053 7.558144301997052 -1.6629831585203159
 endloop
endfacet
facet normal 0 0 0
 outer loop
  vertex 7.558144301997053 7.558144301997052 -1.6629831585203159
  vertex 6.5069475337473675 8.480019125726077 -1.6629831585203159
  vertex 6.862441092325589 8.943307351146826 -1.272792206135786
 endloop
endfacet
facet normal 0 0 0
 outer loop
  vertex 7.558144301997053 7.558144301997052 -1.6629831585203159
  vertex 6.862441092325589 8.943307351146826 -1.272792206135786
  vertex 7.971067811865475 7.971067811865474 -1.272792206135786
 endloop
endfacet
facet normal 0 0 0
 outer loop
  vertex 7.971067811865475 7.971067811865474 -1.272792206135786
  vertex 6.862441092325589 8.943307351146826 -1.272792206135786
  vertex 7.099974294085469 9.252866646572512 -0.6888301782571628
 endloop
endfacet
facet normal 0 0 0
 outer loop
  vertex 7.971067811865475 7.971067811865474 -1.272792206135786
  vertex 7.099974294085469 9.252866646572512 -0.6888301782571628
  vertex 8.246974480254215 8.246974480254213 -0.6888301782571628
 endloop
endfacet
facet normal 0 0 0
 outer loop
  vertex 8.246974480254215 8.246974480254213 -0.6888301782571628
  vertex 7.099974294085469 9.252866646572512 -0.6888301782571628
  vertex 7.183384862302904 9.361569415436575 -4.4087284769304716e-16
 endloop
endfacet
facet normal 0 0 0
 outer loop
  vertex 8.246974480254215 8.246974480254213 -0.6888301782571628
  vertex 7.183384862302904 9.361569415436575 -4.4087284769304716e-16
  vertex 8.343860018001262 8.34386001800126 -4.4087284769304716e-16
 endloop
endfacet
facet normal 0 0 0
 outer loop
  vertex 7.183384862302904 9.361569415436575 0
  vertex 5.900000000000001 10.219099764656375 0
  vertex 5.831491579260159 10.100439699188664 0.6888301782571616
 endloop
endfacet
facet normal 0 0 0
 outer loop
  vertex 7.183384862302904 9.361569415436575 0
  vertex 5.831491579260159 10.100439699188664 0.6888301782571616
  vertex 7.099974294085469 9.252866646572512 0.6888301782571616
 endloop
endfacet
facet normal 0 0 0
 outer loop
  vertex 7.099974294085469 9.252866646572512 0.6888301782571616
  vertex 5.831491579260159 10.100439699188664 0.6888301782571616
  vertex 5.636396103067894 9.762524422096817 1.2727922061357855
 endloop
endfacet
facet normal 0 0 0
 outer loop
  vertex 7.099974294085469 9.252866646572512 0.6888301782571616
  vertex 5.636396103067894 9.762524422096817 1.2727922061357855
  vertex 6.86244109232559 8.943307351146828 1.2727922061357855
 endloop
endfacet
facet normal 0 0 0
 outer loop
  vertex 6.86244109232559 8.943307351146828 1.2727922061357855
  vertex 5.636396103067894 9.762524422096817 1.2727922061357855
  vertex 5.3444150891285815 9.256798471108452 1.662983158520316
 endloop
endfacet
facet normal 0 0 0
 outer loop
  vertex 6.86244109232559 8.943307351146828 1.2727922061357855
  vertex 5.3444150891285815 9.256798471108452 1.662983158520316
  vertex 6.5069475337473675 8.480019125726077 1.662983158520316
 endloop
endfacet
facet normal 0 0 0
 outer loop
  vertex 6.5069475337473675 8.480019125726077 1.662983158520316
  vertex 5.3444150891285815 9.256798471108452 1.662983158520316
  vertex 5.000000000000001 8.660254037844386 1.8
 endloop
endfacet
facet normal 0 0 0
 outer loop
  vertex 6.5069475337473675 8.480019125726077 1.662983158520316
  vertex 5.000000000000001 8.660254037844386 1.8
  vertex 6.087614290087206 7.933533402912351 1.8
 endloop
endfacet
facet normal 0 0 0
 outer loop
  vertex 6.087614290087206 7.933533402912351 1.8
  vertex 5.000000000000001 8.660254037844386 1.8
  vertex 4.65558491087142 8.063709604580321 1.662983158520316
 endloop
endfacet
facet normal 0 0 0
 outer loop
  vertex 6.087614290087206 7.933533402912351 1.8
  vertex 4.65558491087142 8.063709604580321 1.662983158520316
  vertex 5.668281046427046 7.387047680098625 1.662983158520316
 endloop
endfacet
facet normal 0 0 0
 outer loop
  vertex 5.668281046427046 7.387047680098625 1.662983158520316
  vertex 4.65558491087142 8.063709604580321 1.662983158520316
  vertex 4.3636038969321085 7.557983653591957 1.2727922061357857
 endloop
endfacet
facet normal 0 0 0
 outer loop
  vertex 5.668281046427046 7.387047680098625 1.662983158520316
  vertex 4.3636038969321085 7.557983653591957 1.2727922061357857
  vertex 5.312787487848824 6.923759454677876 1.2727922061357857
 endloop
endfacet
facet normal 0 0 0
 outer loop
  vertex 5.312787487848824 6.923759454677876 1.2727922061357857
  vertex 4.3636038969321085 7.557983653591957 1.2727922061357857
  vertex 4.168508420739843 7.220068376500109 0.6888301782571619
 endloop
endfacet
facet normal 0 0 0
 outer loop
  vertex 5.312787487848824 6.923759454677876 1.2727922061357857
  vertex 4.168508420739843 7.220068376500109 0.6888301782571619
  vertex 5.075254286088944 6.61420015925219 0.6888301782571619
 endloop
endfacet
facet normal 0 0 0
 outer loop
  vertex 5.075254286088944 6.61420015925219 0.6888301782571619
  vertex 4.168508420739843 7.220068376500109 0.6888301782571619
  vertex 4.1000000000000005 7.101408311032396 2.2043642384652358e-16
 endloop
endfacet
facet normal 0 0 0
 outer loop
  vertex 5.075254286088944 6.61420015925219 0.6888301782571619
  vertex 4.1000000000000005 7.101408311032396 2.2043642384652358e-16
  vertex 4.991843717871509 6.505497390388128 2.2043642384652358e-16
 endloop
endfacet
facet normal 0 0 0
 outer loop
  vertex 4.991843717871509 6.505497390388128 2.2043642384652358e-16
  vertex 4.1000000000000005 7.101408311032396 2.2043642384652358e-16
  vertex 4.168508420739843 7.220068376500109 -0.6888301782571614
 endloop
endfacet
facet normal 0 0 0
 outer loop
  vertex 4.991843717871509 6.505497390388128 2.2043642384652358e-16
  vertex 4.168508420739843 7.220068376500109 -0.6888301782571614
  vertex 5.075254286088944 6.61420015925219 -0.6888301782571614
 endloop
endfacet
facet normal 0 0 0
 outer loop
  vertex 5.075254286088944 6.61420015925219 -0.6888301782571614
  vertex 4.168508420739843 7.220068376500109 -0.6888301782571614
  vertex 4.363603896932108 7.557983653591955 -1.2727922061357855
 endloop
endfacet
facet normal 0 0 0
 outer loop
  vertex 5.075254286088944 6.61420015925219 -0.6888301782571614
  vertex 4.363603896932108 7.557983653591955 -1.2727922061357855
  vertex 5.312787487848823 6.923759454677875 -1.2727922061357855
 endloop
endfacet
facet normal 0 0 0
 outer loop
  vertex 5.312787487848823 6.923759454677875 -1.2727922061357855
  vertex 4.363603896932108 7.557983653591955 -1.2727922061357855
  vertex 4.655584910871419 8.06370960458032 -1.6629831585203159
 endloop
endfacet
facet normal 0 0 0
 outer loop
  vertex 5.312787487848823 6.923759454677875 -1.2727922061357855
  vertex 4.655584910871419 8.06370960458032 -1.6629831585203159
  vertex 5.668281046427044 7.3870476800986244 -1.6629831585203159
 endloop
endfacet
facet normal 0 0 0
 outer loop
  vertex 5.668281046427044 7.3870476800986244 -1.6629831585203159
  vertex 4.655584910871419 8.06370960458032 -1.6629831585203159
  vertex 5.000000000000001 8.660254037844386 -1.8
 endloop
endfacet
facet normal 0 0 0
 outer loop
  vertex 5.668281046427044 7.3870476800986244 -1.6629831585203159
  vertex 5.000000000000001 8.660254037844386 -1.8
  vertex 6.087614290087206 7.933533402912351 -1.8
 endloop
endfacet
facet normal 0 0 0
 outer loop
  vertex 6.087614290087206 7.933533402912351 -1.8
  vertex 5.000000000000001 8.660254037844386 -1.8
  vertex 5.3444150891285815 9.256798471108452 -1.6629831585203159
 endloop
endfacet
facet normal 0 0 0
 outer loop
  vertex 6.087614290087206 7.933533402912351 -1.8
  vertex 5.3444150891285815 9.256798471108452 -1.6629831585203159
  vertex 6.5069475337473675 8.480019125726077 -1.6629831585203159
 endloop
endfacet
facet normal 0 0 0
 outer loop
  vertex 6.5069475337473675 8.480019125726077 -1.6629831585203159
  vertex 5.3444150891285815 9.256798471108452 -1.6629831585203159
  vertex 5.636396103067893 9.762524422096815 -1.272792206135786
 endloop
endfacet
facet normal 0 0 0
 outer loop
  vertex 6.5069475337473675 8.480019125726077 -1.6629831585203159
  vertex 5.636396103067893 9.762524422096815 -1.272792206135786
  vertex 6.862441092325589 8.943307351146826 -1.272792206135786
 endloop
endfacet
facet normal 0 0 0
 outer loop
  vertex 6.862441092325589 8.943307351146826 -1.272792206135786
  vertex 5.636396103067893 9.762524422096815 -1.272792206135786
  vertex 5.831491579260159 10.100439699188664 -0.6888301782571628
 endloop
endfacet
facet normal 0 0 0
 outer loop
  vertex 6.862441092325589 8.943307351146826 -1.272792206135786
  vertex 5.831491579260159 10.100439699188664 -0.6888301782571628
  vertex 7.099974294085469 9.252866646572512 -0.6888301782571628
 endloop
endfacet
facet normal 0 0 0
 outer loop
  vertex 7.099974294085469 9.252866646572512 -0.6888301782571628
  vertex 5.831491579260159 10.100439699188664 -0.6888301782571628
  vertex 5.900000000000001 10.219099764656375 -4.4087284769304716e-16
 endloop
endfacet
facet normal 0 0 0
 outer loop
  vertex 7.099974294085469 9.252866646572512 -0.6888301782571628
  vertex 5.900000000000001 10.219099764656375 -4.4087284769304716e-16
  vertex 7.183384862302904 9.361569415436575 -4.4087284769304716e-16
 endloop
endfacet
facet normal 0 0 0
 outer loop
  vertex 5.900000000000001 10.219099764656375 0
  vertex 4.51566450190806 10.901778483633183 0
  vertex 4.463230426718791 10.77519142818076 0.6888301782571616
 endloop
endfacet
facet normal 0 0 0
 outer loop
  vertex 5.900000000000001 10.219099764656375 0
  vertex 4.463230426718791 10.77519142818076 0.6888301782571616
  vertex 5.831491579260159 10.100439699188664 0.6888301782571616
 endloop
endfacet
facet normal 0 0 0
 outer loop
  vertex 5.831491579260159 10.100439699188664 0.6888301782571616
  vertex 4.463230426718791 10.77519142818076 0.6888301782571616
  vertex 4.313910813782476 10.414701993501607 1.2727922061357855
 endloop
endfacet
facet normal 0 0 0
 outer loop
  vertex 5.831491579260159 10.100439699188664 0.6888301782571616
  vertex 4.313910813782476 10.414701993501607 1.2727922061357855
  vertex 5.636396103067894 9.762524422096817 1.2727922061357855
 endloop
endfacet
facet normal 0 0 0
 outer loop
  vertex 5.636396103067894 9.762524422096817 1.2727922061357855
  vertex 4.313910813782476 10.414701993501607 1.2727922061357855
  vertex 4.090438220583006 9.87519142818076 1.662983158520316
 endloop
endfacet
facet normal 0 0 0
 outer loop
  vertex 5.636396103067894 9.762524422096817 1.2727922061357855
  vertex 4.090438220583006 9.87519142818076 1.662983158520316
  vertex 5.3444150891285815 9.256798471108452 1.662983158520316
 endloop
endfacet
facet normal 0 0 0
 outer loop
  vertex 5.3444150891285815 9.256798471108452 1.662983158520316
  vertex 4.090438220583006 9.87519142818076 1.662983158520316
  vertex 3.8268343236508984 9.238795325112868 1.8
 endloop
endfacet
facet normal 0 0 0
 outer loop
  vertex 5.3444150891285815 9.256798471108452 1.662983158520316
  vertex 3.8268343236508984 9.238795325112868 1.8
  vertex 5.000000000000001 8.660254037844386 1.8
 endloop
endfacet
facet normal 0 0 0
 outer loop
  vertex 5.000000000000001 8.660254037844386 1.8
  vertex 3.8268343236508984 9.238795325112868 1.8
  vertex 3.5632304267187913 8.602399222044975 1.662983158520316
 endloop
endfacet
facet normal 0 0 0
 outer loop
  vertex 5.000000000000001 8.660254037844386 1.8
  vertex 3.5632304267187913 8.602399222044975 1.662983158520316
  vertex 4.65558491087142 8.063709604580321 1.662983158520316
 endloop
endfacet
facet normal 0 0 0
 outer loop
  vertex 4.65558491087142 8.063709604580321 1.662983158520316
  vertex 3.5632304267187913 8.602399222044975 1.662983158520316
  vertex 3.339757833519321 8.062888656724128 1.2727922061357857
 endloop
endfacet
facet normal 0 0 0
 outer loop
  vertex 4.65558491087142 8.063709604580321 1.662983158520316
  vertex 3.339757833519321 8.062888656724128 1.2727922061357857
  vertex 4.3636038969321085 7.557983653591957 1.2727922061357857
 endloop
endfacet
facet normal 0 0 0
 outer loop
  vertex 4.3636038969321085 7.557983653591957 1.2727922061357857
  vertex 3.339757833519321 8.062888656724128 1.2727922061357857
  vertex 3.1904382205830055 7.702399222044975 0.6888301782571619
 endloop
endfacet
facet normal 0 0 0
 outer loop
  vertex 4.3636038969321085 7.557983653591957 1.2727922061357857
  vertex 3.1904382205830055 7.702399222044975 0.6888301782571619
  vertex 4.168508420739843 7.220068376500109 0.6888301782571619
 endloop
endfacet
facet normal 0 0 0
 outer loop
  vertex 4.168508420739843 7.220068376500109 0.6888301782571619
  vertex 3.1904382205830055 7.702399222044975 0.6888301782571619
  vertex 3.138004145393736 7.57581216659255 2.2043642384652358e-16
 endloop
endfacet
facet normal 0 0 0
 outer loop
  vertex 4.168508420739843 7.220068376500109 0.6888301782571619
  vertex 3.138004145393736 7.57581216659255 2.2043642384652358e-16
  vertex 4.1000000000000005 7.101408311032396 2.2043642384652358e-16
 endloop
endfacet
facet normal 0 0 0
 outer loop
  vertex 4.1000000000000005 7.101408311032396 2.2043642384652358e-16
  vertex 3.138004145393736 7.57581216659255 2.2043642384652358e-16
  vertex 3.1904382205830055 7.702399222044975 -0.6888301782571614
 endloop
endfacet
facet normal 0 0 0
 outer loop
  vertex 4.1000000000000005 7.101408311032396 2.2043642384652358e-16
  vertex 3.1904382205830055 7.702399222044975 -0.6888301782571614
  vertex 4.168508420739843 7.220068376500109 -0.6888301782571614
 endloop
endfacet
facet normal 0 0 0
 outer loop
  vertex 4.168508420739843 7.220068376500109 -0.6888301782571614
  vertex 3.1904382205830055 7.702399222044975 -0.6888301782571614
  vertex 3.3397578335193208 8.062888656724127 -1.2727922061357855
 endloop
endfacet
facet normal 0 0 0
 outer loop
  vertex 4.168508420739843 7.220068376500109 -0.6888301782571614
  vertex 3.3397578335193208 8.062888656724127 -1.2727922061357855
  vertex 4.363603896932108 7.557983653591955 -1.2727922061357855
 endloop
endfacet
facet normal 0 0 0
 outer loop
  vertex 4.363603896932108 7.557983653591955 -1.2727922061357855
  vertex 3.3397578335193208 8.062888656724127 -1.2727922061357855
  vertex 3.5632304267187904 8.602399222044973 -1.6629831585203159
 endloop
endfacet
facet normal 0 0 0
 outer loop
  vertex 4.363603896932108 7.557983653591955 -1.2727922061357855
  vertex 3.5632304267187904 8.602399222044973 -1.6629831585203159
  vertex 4.655584910871419 8.06370960458032 -1.6629831585203159
 endloop
endfacet
facet normal 0 0 0
 outer loop
  vertex 4.655584910871419 8.06370960458032 -1.6629831585203159
  vertex 3.5632304267187904 8.602399222044973 -1.6629831585203159
  vertex 3.8268343236508984 9.238795325112868 -1.8
 endloop
endfacet
facet normal 0 0 0
 outer loop
  vertex 4.655584910871419 8.06370960458032 -1.6629831585203159
  vertex 3.8268343236508984 9.238795325112868 -1.8
  vertex 5.000000000000001 8.660254037844386 -1.8
 endloop
endfacet
facet normal 0 0 0
 outer loop
  vertex 5.000000000000001 8.660254037844386 -1.8
  vertex 3.8268343236508984 9.238795325112868 -1.8
  vertex 4.090438220583006 9.87519142818076 -1.6629831585203159
 endloop
endfacet
facet normal 0 0 0
 outer loop
  vertex 5.000000000000001 8.660254037844386 -1.8
  vertex 4.090438220583006 9.87519142818076 -1.6629831585203159
  vertex 5.3444150891285815 9.256798471108452 -1.6629831585203159
 endloop
endfacet
facet normal 0 0 0
 outer loop
  vertex 5.3444150891285815 9.256798471108452 -1.6629831585203159
  vertex 4.090438220583006 9.87519142818076 -1.6629831585203159
  vertex 4.313910813782475 10.414701993501605 -1.272792206135786
 endloop
endfacet
facet normal 0 0 0
 outer loop
  vertex 5.3444150891285815 9.256798471108452 -1.6629831585203159
  vertex 4.313910813782475 10.414701993501605 -1.272792206135786
  vertex 5.636396103067893 9.762524422096815 -1.272792206135786
 endloop
endfacet
facet normal 0 0 0
 outer loop
  vertex 5.636396103067893 9.762524422096815 -1.272792206135786
  vertex 4.313910813782475 10.414701993501605 -1.272792206135786
  vertex 4.463230426718791 10.77519142818076 -0.6888301782571628
 endloop
endfacet
facet normal 0 0 0
 outer loop
  vertex 5.636396103067893 9.762524422096815 -1.272792206135786
  vertex 4.463230426718791 10.77519142818076 -0.6888301782571628
  vertex 5.831491579260159 10.100439699188664 -0.6888301782571628
 endloop
endfacet
facet normal 0 0 0
 outer loop
  vertex 5.831491579260159 10.100439699188664 -0.6888301782571628
  vertex 4.463230426718791 10.77519142818076 -0.6888301782571628
  vertex 4.51566450190806 10.901778483633183 -4.4087284769304716e-16
 endloop
endfacet
facet normal 0 0 0
 outer loop
  vertex 5.831491579260159 10.100439699188664 -0.6888301782571628
  vertex 4.51566450190806 10.901778483633183 -4.4087284769304716e-16
  vertex 5.900000000000001 10.219099764656375 -4.4087284769304716e-16
 endloop
endfacet
facet normal 0 0 0
 outer loop
  vertex 4.51566450190806 10.901778483633183 0
  vertex 3.0540647322097447 11.397924750211006 0
  vertex 3.018602164135009 11.265576644389224 0.6888301782571616
 endloop
endfacet
facet normal 0 0 0
 outer loop
  vertex 4.51566450190806 10.901778483633183 0
  vertex 3.018602164135009 11.265576644389224 0.6888301782571616
  vertex 4.463230426718791 10.77519142818076 0.6888301782571616
 endloop
endfacet
facet normal 0 0 0
 outer loop
  vertex 4.463230426718791 10.77519142818076 0.6888301782571616
  vertex 3.018602164135009 11.265576644389224 0.6888301782571616
  vertex 2.917613314431202 10.888681126296678 1.2727922061357855
 endloop
endfacet
facet normal 0 0 0
 outer loop
  vertex 4.463230426718791 10.77519142818076 0.6888301782571616
  vertex 2.917613314431202 10.888681126296678 1.2727922061357855
  vertex 4.313910813782476 10.414701993501607 1.2727922061357855
 endloop
endfacet
facet normal 0 0 0
 outer loop
  vertex 4.313910813782476 10.414701993501607 1.2727922061357855
  vertex 2.917613314431202 10.888681126296678 1.2727922061357855
  vertex 2.766472819999525 10.324617121996578 1.662983158520316
 endloop
endfacet
facet normal 0 0 0
 outer loop
  vertex 4.313910813782476 10.414701993501607 1.2727922061357855
  vertex 2.766472819999525 10.324617121996578 1.662983158520316
  vertex 4.090438220583006 9.87519142818076 1.662983158520316
 endloop
endfacet
facet normal 0 0 0
 outer loop
  vertex 4.090438220583006 9.87519142818076 1.662983158520316
  vertex 2.766472819999525 10.324617121996578 1.662983158520316
  vertex 2.5881904510252074 9.659258262890683 1.8
 endloop
endfacet
facet normal 0 0 0
 outer loop
  vertex 4.090438220583006 9.87519142818076 1.662983158520316
  vertex 2.5881904510252074 9.659258262890683 1.8
  vertex 3.8268343236508984 9.238795325112868 1.8
 endloop
endfacet
facet normal 0 0 0
 outer loop
  vertex 3.8268343236508984 9.238795325112868 1.8
  vertex 2.5881904510252074 9.659258262890683 1.8
  vertex 2.40990808205089 8.993899403784788 1.662983158520316
 endloop
endfacet
facet normal 0 0 0
 outer loop
  vertex 3.8268343236508984 9.238795325112868 1.8
  vertex 2.40990808205089 8.993899403784788 1.662983158520316
  vertex 3.5632304267187913 8.602399222044975 1.662983158520316
 endloop
endfacet
facet normal 0 0 0
 outer loop
  vertex 3.5632304267187913 8.602399222044975 1.662983158520316
  vertex 2.40990808205089 8.993899403784788 1.662983158520316
  vertex 2.258767587619213 8.42983539948469 1.2727922061357857
 endloop
endfacet
facet normal 0 0 0
 outer loop
  vertex 3.5632304267187913 8.602399222044975 1.662983158520316
  vertex 2.258767587619213 8.42983539948469 1.2727922061357857
  vertex 3.339757833519321 8.062888656724128 1.2727922061357857
 endloop
endfacet
facet normal 0 0 0
 outer loop
  vertex 3.339757833519321 8.062888656724128 1.2727922061357857
  vertex 2.258767587619213 8.42983539948469 1.2727922061357857
  vertex 2.1577787379154056 8.052939881392142 0.6888301782571619
 endloop
endfacet
facet normal 0 0 0
 outer loop
  vertex 3.339757833519321 8.062888656724128 1.2727922061357857
  vertex 2.1577787379154056 8.052939881392142 0.6888301782571619
  vertex 3.1904382205830055 7.702399222044975 0.6888301782571619
 endloop
endfacet
facet normal 0 0 0
 outer loop
  vertex 3.1904382205830055 7.702399222044975 0.6888301782571619
  vertex 2.1577787379154056 8.052939881392142 0.6888301782571619
  vertex 2.12231616984067 7.92059177557036 2.2043642384652358e-16
 endloop
endfacet
facet normal 0 0 0
 outer loop
  vertex 3.1904382205830055 7.702399222044975 0.6888301782571619
  vertex 2.12231616984067 7.92059177557036 2.2043642384652358e-16
  vertex 3.138004145393736 7.57581216659255 2.2043642384652358e-16
 endloop
endfacet
facet normal 0 0 0
 outer loop
  vertex 3.138004145393736 7.57581216659255 2.2043642384652358e-16
  vertex 2.12231616984067 7.92059177557036 2.2043642384652358e-16
  vertex 2.1577787379154056 8.052939881392142 -0.6888301782571614
 endloop
endfacet
facet normal 0 0 0
 outer loop
  vertex 3.138004145393736 7.57581216659255 2.2043642384652358e-16
  vertex 2.1577787379154056 8.052939881392142 -0.6888301782571614
  vertex 3.1904382205830055 7.702399222044975 -0.6888301782571614
 endloop
endfacet
facet normal 0 0 0
 outer loop
  vertex 3.1904382205830055 7.702399222044975 -0.6888301782571614
  vertex 2.1577787379154056 8.052939881392142 -0.6888301782571614
  vertex 2.2587675876192126 8.429835399484688 -1.2727922061357855
 endloop
endfacet
facet normal 0 0 0
 outer loop
  vertex 3.1904382205830055 7.702399222044975 -0.6888301782571614
  vertex 2.2587675876192126 8.429835399484688 -1.2727922061357855
  vertex 3.3397578335193208 8.062888656724127 -1.2727922061357855
 endloop
endfacet
facet normal 0 0 0
 outer loop
  vertex 3.3397578335193208 8.062888656724127 -1.2727922061357855
  vertex 2.2587675876192126 8.429835399484688 -1.2727922061357855
  vertex 2.4099080820508894 8.993899403784786 -1.6629831585203159
 endloop
endfacet
facet normal 0 0 0
 outer loop
  vertex 3.3397578335193208 8.062888656724127 -1.2727922061357855
  vertex 2.4099080820508894 8.993899403784786 -1.6629831585203159
  vertex 3.5632304267187904 8.602399222044973 -1.6629831585203159
 endloop
endfacet
facet normal 0 0 0
 outer loop
  vertex 3.5632304267187904 8.602399222044973 -1.6629831585203159
  vertex 2.4099080820508894 8.993899403784786 -1.6629831585203159
  vertex 2.5881904510252074 9.659258262890683 -1.8
 endloop
endfacet
facet normal 0 0 0
 outer loop
  vertex 3.5632304267187904 8.602399222044973 -1.6629831585203159
  vertex 2.5881904510252074 9.659258262890683 -1.8
  vertex 3.8268343236508984 9.238795325112868 -1.8
 endloop
endfacet
facet normal 0 0 0
 outer loop
  vertex 3.8268343236508984 9.238795325112868 -1.8
  vertex 2.5881904510252074 9.659258262890683 -1.8
  vertex 2.766472819999525 10.324617121996578 -1.6629831585203159
 endloop
endfacet
facet normal 0 0 0
 outer loop
  vertex 3.8268343236508984 9.238795325112868 -1.8
  vertex 2.766472819999525 10.324617121996578 -1.6629831585203159
  vertex 4.090438220583006 9.87519142818076 -1.6629831585203159
 endloop
endfacet
facet normal 0 0 0
 outer loop
  vertex 4.090438220583006 9.87519142818076 -1.6629831585203159
  vertex 2.766472819999525 10.324617121996578 -1.6629831585203159
  vertex 2.9176133144312018 10.888681126296678 -1.272792206135786
 endloop
endfacet
facet normal 0 0 0
 outer loop
  vertex 4.090438220583006 9.87519142818076 -1.6629831585203159
  vertex 2.9176133144312018 10.888681126296678 -1.272792206135786
  vertex 4.313910813782475 10.414701993501605 -1.272792206135786
 endloop
endfacet
facet normal 0 0 0
 outer loop
  vertex 4.313910813782475 10.414701993501605 -1.272792206135786
  vertex 2.9176133144312018 10.888681126296678 -1.272792206135786
  vertex 3.018602164135009 11.265576644389224 -0.6888301782571628
 endloop
endfacet
facet normal 0 0 0
 outer loop
  vertex 4.313910813782475 10.414701993501605 -1.272792206135786
  vertex 3.018602164135009 11.265576644389224 -0.6888301782571628
  vertex 4.463230426718791 10.77519142818076 -0.6888301782571628
 endloop
endfacet
facet normal 0 0 0
 outer loop
  vertex 4.463230426718791 10.77519142818076 -0.6888301782571628
  vertex 3.018602164135009 11.265576644389224 -0.6888301782571628
  vertex 3.0540647322097447 11.397924750211006 -4.4087284769304716e-16
 endloop
endfacet
facet normal 0 0 0
 outer loop
  vertex 4.463230426718791 10.77519142818076 -0.6888301782571628
  vertex 3.0540647322097447 11.397924750211006 -4.4087284769304716e-16
  vertex 4.51566450190806 10.901778483633183 -4.4087284769304716e-16
 endloop
endfacet
facet normal 0 0 0
 outer loop
  vertex 3.0540647322097447 11.397924750211006 0
  vertex 1.5402090681966103 11.699049364210964 0
  vertex 1.5223247816082486 11.56320472080426 0.6888301782571616
 endloop
endfacet
facet normal 0 0 0
 outer loop
  vertex 3.0540647322097447 11.397924750211006 0
  vertex 1.5223247816082486 11.56320472080426 0.6888301782571616
  vertex 3.018602164135009 11.265576644389224 0.6888301782571616
 endloop
endfacet
facet normal 0 0 0
 outer loop
  vertex 3.018602164135009 11.265576644389224 0.6888301782571616
  vertex 1.5223247816082486 11.56320472080426 0.6888301782571616
  vertex 1.4713946423547806 11.176351906108065 1.2727922061357855
 endloop
endfacet
facet normal 0 0 0
 outer loop
  vertex 3.018602164135009 11.265576644389224 0.6888301782571616
  vertex 1.4713946423547806 11.176351906108065 1.2727922061357855
  vertex 2.917613314431202 10.888681126296678 1.2727922061357855
 endloop
endfacet
facet normal 0 0 0
 outer loop
  vertex 2.917613314431202 10.888681126296678 1.2727922061357855
  vertex 1.4713946423547806 11.176351906108065 1.2727922061357855
  vertex 1.3951723024546838 10.597385754330372 1.662983158520316
 endloop
endfacet
facet normal 0 0 0
 outer loop
  vertex 2.917613314431202 10.888681126296678 1.2727922061357855
  vertex 1.3951723024546838 10.597385754330372 1.662983158520316
  vertex 2.766472819999525 10.324617121996578 1.662983158520316
 endloop
endfacet
facet normal 0 0 0
 outer loop
  vertex 2.766472819999525 10.324617121996578 1.662983158520316
  vertex 1.3951723024546838 10.597385754330372 1.662983158520316
  vertex 1.305261922200517 9.914448613738104 1.8
 endloop
endfacet
facet normal 0 0 0
 outer loop
  vertex 2.766472819999525 10.324617121996578 1.662983158520316
  vertex 1.305261922200517 9.914448613738104 1.8
  vertex 2.5881904510252074 9.659258262890683 1.8
 endloop
endfacet
facet normal 0 0 0
 outer loop
  vertex 2.5881904510252074 9.659258262890683 1.8
  vertex 1.305261922200517 9.914448613738104 1.8
  vertex 1.2153515419463503 9.231511473145835 1.662983158520316
 endloop
endfacet
facet normal 0 0 0
 outer loop
  vertex 2.5881904510252074 9.659258262890683 1.8
  vertex 1.2153515419463503 9.231511473145835 1.662983158520316
  vertex 2.40990808205089 8.993899403784788 1.662983158520316
 endloop
endfacet
facet normal 0 0 0
 outer loop
  vertex 2.40990808205089 8.993899403784788 1.662983158520316
  vertex 1.2153515419463503 9.231511473145835 1.662983158520316
  vertex 1.139129202046254 8.652545321368144 1.2727922061357857
 endloop
endfacet
facet normal 0 0 0
 outer loop
  vertex 2.40990808205089 8.993899403784788 1.662983158520316
  vertex 1.139129202046254 8.652545321368144 1.2727922061357857
  vertex 2.258767587619213 8.42983539948469 1.2727922061357857
 endloop
endfacet
facet normal 0 0 0
 outer loop
  vertex 2.258767587619213 8.42983539948469 1.2727922061357857
  vertex 1.139129202046254 8.652545321368144 1.2727922061357857
  vertex 1.0881990627927858 8.265692506671948 0.6888301782571619
 endloop
endfacet
facet normal 0 0 0
 outer loop
  vertex 2.258767587619213 8.42983539948469 1.2727922061357857
  vertex 1.0881990627927858 8.265692506671948 0.6888301782571619
  vertex 2.1577787379154056 8.052939881392142 0.6888301782571619
 endloop
endfacet
facet normal 0 0 0
 outer loop
  vertex 2.1577787379154056 8.052939881392142 0.6888301782571619
  vertex 1.0881990627927858 8.265692506671948 0.6888301782571619
  vertex 1.070314776204424 8.129847863265244 2.2043642384652358e-16
 endloop
endfacet
facet normal 0 0 0
 outer loop
  vertex 2.1577787379154056 8.052939881392142 0.6888301782571619
  vertex 1.070314776204424 8.129847863265244 2.2043642384652358e-16
  vertex 2.12231616984067 7.92059177557036 2.2043642384652358e-16
 endloop
endfacet
facet normal 0 0 0
 outer loop
  vertex 2.12231616984067 7.92059177557036 2.2043642384652358e-16
  vertex 1.070314776204424 8.129847863265244 2.2043642384652358e-16
  vertex 1.0881990627927858 8.265692506671948 -0.6888301782571614
 endloop
endfacet
facet normal 0 0 0
 outer loop
  vertex 2.12231616984067 7.92059177557036 2.2043642384652358e-16
  vertex 1.0881990627927858 8.265692506671948 -0.6888301782571614
  vertex 2.1577787379154056 8.052939881392142 -0.6888301782571614
 endloop
endfacet
facet normal 0 0 0
 outer loop
  vertex 2.1577787379154056 8.052939881392142 -0.6888301782571614
  vertex 1.0881990627927858 8.265692506671948 -0.6888301782571614
  vertex 1.1391292020462538 8.652545321368143 -1.2727922061357855
 endloop
endfacet
facet normal 0 0 0
 outer loop
  vertex 2.1577787379154056 8.052939881392142 -0.6888301782571614
  vertex 1.1391292020462538 8.652545321368143 -1.2727922061357855
  vertex 2.2587675876192126 8.429835399484688 -1.2727922061357855
 endloop
endfacet
facet normal 0 0 0
 outer loop
  vertex 2.2587675876192126 8.429835399484688 -1.2727922061357855
  vertex 1.1391292020462538 8.652545321368143 -1.2727922061357855
  vertex 1.21535154194635 9.231511473145833 -1.6629831585203159
 endloop
endfacet
facet normal 0 0 0
 outer loop
  vertex 2.2587675876192126 8.429835399484688 -1.2727922061357855
  vertex 1.21535154194635 9.231511473145833 -1.6629831585203159
  vertex 2.4099080820508894 8.993899403784786 -1.6629831585203159
 endloop
endfacet
facet normal 0 0 0
 outer loop
  vertex 2.4099080820508894 8.993899403784786 -1.6629831585203159
  vertex 1.21535154194635 9.231511473145833 -1.6629831585203159
  vertex 1.305261922200517 9.914448613738104 -1.8
 endloop
endfacet
facet normal 0 0 0
 outer loop
  vertex 2.4099080820508894 8.993899403784786 -1.6629831585203159
  vertex 1.305261922200517 9.914448613738104 -1.8
  vertex 2.5881904510252074 9.659258262890683 -1.8
 endloop
endfacet
facet normal 0 0 0
 outer loop
  vertex 2.5881904510252074 9.659258262890683 -1.8
  vertex 1.305261922200517 9.914448613738104 -1.8
  vertex 1.3951723024546838 10.597385754330372 -1.6629831585203159
 endloop
endfacet
facet normal 0 0 0
 outer loop
  vertex 2.5881904510252074 9.659258262890683 -1.8
  vertex 1.3951723024546838 10.597385754330372 -1.6629831585203159
  vertex 2.766472819999525 10.324617121996578 -1.6629831585203159
 endloop
endfacet
facet normal 0 0 0
 outer loop
  vertex 2.766472819999525 10.324617121996578 -1.6629831585203159
  vertex 1.3951723024546838 10.597385754330372 -1.6629831585203159
  vertex 1.4713946423547803 11.176351906108064 -1.272792206135786
 endloop
endfacet
facet normal 0 0 0
 outer loop
  vertex 2.766472819999525 10.324617121996578 -1.6629831585203159
  vertex 1.4713946423547803 11.176351906108064 -1.272792206135786
  vertex 2.9176133144312018 10.888681126296678 -1.272792206135786
 endloop
endfacet
facet normal 0 0 0
 outer loop
  vertex 2.9176133144312018 10.888681126296678 -1.272792206135786
  vertex 1.4713946423547803 11.176351906108064 -1.272792206135786
  vertex 1.5223247816082486 11.56320472080426 -0.6888301782571628
 endloop
endfacet
facet normal 0 0 0
 outer loop
  vertex 2.9176133144312018 10.888681126296678 -1.272792206135786
  vertex 1.5223247816082486 11.56320472080426 -0.6888301782571628
  vertex 3.018602164135009 11.265576644389224 -0.6888301782571628
 endloop
endfacet
facet normal 0 0 0
 outer loop
  vertex 3.018602164135009 11.265576644389224 -0.6888301782571628
  vertex 1.5223247816082486 11.56320472080426 -0.6888301782571628
  vertex 1.5402090681966103 11.699049364210964 -4.4087284769304716e-16
 endloop
endfacet
facet normal 0 0 0
 outer loop
  vertex 3.018602164135009 11.265576644389224 -0.6888301782571628
  vertex 1.5402090681966103 11.699049364210964 -4.4087284769304716e-16
  vertex 3.0540647322097447 11.397924750211006 -4.4087284769304716e-16
 endloop
endfacet
facet normal 0 0 0
 outer loop
  vertex 1.5402090681966103 11.699049364210964 0
  vertex 7.225416114969384e-16 11.8 0
  vertex 7.141517496795696e-16 11.662983158520316 0.6888301782571616
 endloop
endfacet
facet normal 0 0 0
 outer loop
  vertex 1.5402090681966103 11.699049364210964 0
  vertex 7.141517496795696e-16 11.662983158520316 0.6888301782571616
  vertex 1.5223247816082486 11.56320472080426 0.6888301782571616
 endloop
endfacet
facet normal 0 0 0
 outer loop
  vertex 1.5223247816082486 11.56320472080426 0.6888301782571616
  vertex 7.141517496795696e-16 11.662983158520316 0.6888301782571616
  vertex 6.902594446348711e-16 11.272792206135787 1.2727922061357855
 endloop
endfacet
facet normal 0 0 0
 outer loop
  vertex 1.5223247816082486 11.56320472080426 0.6888301782571616
  vertex 6.902594446348711e-16 11.272792206135787 1.2727922061357855
  vertex 1.4713946423547806 11.176351906108065 1.2727922061357855
 endloop
endfacet
facet normal 0 0 0
 outer loop
  vertex 1.4713946423547806 11.176351906108065 1.2727922061357855
  vertex 6.902594446348711e-16 11.272792206135787 1.2727922061357855
  vertex 6.545020832216133e-16 10.688830178257161 1.662983158520316
 endloop
endfacet
facet normal 0 0 0
 outer loop
  vertex 1.4713946423547806 11.176351906108065 1.2727922061357855
  vertex 6.545020832216133e-16 10.688830178257161 1.662983158520316
  vertex 1.3951723024546838 10.597385754330372 1.662983158520316
 endloop
endfacet
facet normal 0 0 0
 outer loop
  vertex 1.3951723024546838 10.597385754330372 1.662983158520316
  vertex 6.545020832216133e-16 10.688830178257161 1.662983158520316
  vertex 6.123233995736766e-16 10 1.8
 endloop
endfacet
facet normal 0 0 0
 outer loop
  vertex 1.3951723024546838 10.597385754330372 1.662983158520316
  vertex 6.123233995736766e-16 10 1.8
  vertex 1.305261922200517 9.914448613738104 1.8
 endloop
endfacet
facet normal 0 0 0
 outer loop
  vertex 1.305261922200517 9.914448613738104 1.8
  vertex 6.123233995736766e-16 10 1.8
  vertex 5.7014471592574e-16 9.311169821742839 1.662983158520316
 endloop
endfacet
facet normal 0 0 0
 outer loop
  vertex 1.305261922200517 9.914448613738104 1.8
  vertex 5.7014471592574e-16 9.311169821742839 1.662983158520316
  vertex 1.2153515419463503 9.231511473145835 1.662983158520316
 endloop
endfacet
facet normal 0 0 0
 outer loop
  vertex 1.2153515419463503 9.231511473145835 1.662983158520316
  vertex 5.7014471592574e-16 9.311169821742839 1.662983158520316
  vertex 5.343873545124823e-16 8.727207793864215 1.2727922061357857
 endloop
endfacet
facet normal 0 0 0
 outer loop
  vertex 1.2153515419463503 9.231511473145835 1.662983158520316
  vertex 5.343873545124823e-16 8.727207793864215 1.2727922061357857
  vertex 1.139129202046254 8.652545321368144 1.2727922061357857
 endloop
endfacet
facet normal 0 0 0
 outer loop
  vertex 1.139129202046254 8.652545321368144 1.2727922061357857
  vertex 5.343873545124823e-16 8.727207793864215 1.2727922061357857
  vertex 5.104950494677836e-16 8.337016841479684 0.6888301782571619
 endloop
endfacet
facet normal 0 0 0
 outer loop
  vertex 1.139129202046254 8.652545321368144 1.2727922061357857
  vertex 5.104950494677836e-16 8.337016841479684 0.6888301782571619
  vertex 1.0881990627927858 8.265692506671948 0.6888301782571619
 endloop
endfacet
facet normal 0 0 0
 outer loop
  vertex 1.0881990627927858 8.265692506671948 0.6888301782571619
  vertex 5.104950494677836e-16 8.337016841479684 0.6888301782571619
  vertex 5.021051876504147e-16 8.2 2.2043642384652358e-16
 endloop
endfacet
facet normal 0 0 0
 outer loop
  vertex 1.0881990627927858 8.265692506671948 0.6888301782571619
  vertex 5.021051876504147e-16 8.2 2.2043642384652358e-16
  vertex 1.070314776204424 8.129847863265244 2.2043642384652358e-16
 endloop
endfacet
facet normal 0 0 0
 outer loop
  vertex 1.070314776204424 8.129847863265244 2.2043642384652358e-16
  vertex 5.021051876504147e-16 8.2 2.2043642384652358e-16
  vertex 5.104950494677836e-16 8.337016841479684 -0.6888301782571614
 endloop
endfacet
facet normal 0 0 0
 outer loop
  vertex 1.070314776204424 8.129847863265244 2.2043642384652358e-16
  vertex 5.104950494677836e-16 8.337016841479684 -0.6888301782571614
  vertex 1.0881990627927858 8.265692506671948 -0.6888301782571614
 endloop
endfacet
facet normal 0 0 0
 outer loop
  vertex 1.0881990627927858 8.265692506671948 -0.6888301782571614
  vertex 5.104950494677836e-16 8.337016841479684 -0.6888301782571614
  vertex 5.343873545124822e-16 8.727207793864213 -1.2727922061357855
 endloop
endfacet
facet normal 0 0 0
 outer loop
  vertex 1.0881990627927858 8.265692506671948 -0.6888301782571614
  vertex 5.343873545124822e-16 8.727207793864213 -1.2727922061357855
  vertex 1.1391292020462538 8.652545321368143 -1.2727922061357855
 endloop
endfacet
facet normal 0 0 0
 outer loop
  vertex 1.1391292020462538 8.652545321368143 -1.2727922061357855
  vertex 5.343873545124822e-16 8.727207793864213 -1.2727922061357855
  vertex 5.701447159257398e-16 9.311169821742837 -1.6629831585203159
 endloop
endfacet
facet normal 0 0 0
 outer loop
  vertex 1.1391292020462538 8.652545321368143 -1.2727922061357855
  vertex 5.701447159257398e-16 9.311169821742837 -1.6629831585203159
  vertex 1.21535154194635 9.231511473145833 -1.6629831585203159
 endloop
endfacet
facet normal 0 0 0
 outer loop
  vertex 1.21535154194635 9.231511473145833 -1.6629831585203159
  vertex 5.701447159257398e-16 9.311169821742837 -1.6629831585203159
  vertex 6.123233995736766e-16 10 -1.8
 endloop
endfacet
facet normal 0 0 0
 outer loop
  vertex 1.21535154194635 9.231511473145833 -1.6629831585203159
  vertex 6.123233995736766e-16 10 -1.8
  vertex 1.305261922200517 9.914448613738104 -1.8
 endloop
endfacet
facet normal 0 0 0
 outer loop
  vertex 1.305261922200517 9.914448613738104 -1.8
  vertex 6.123233995736766e-16 10 -1.8
  vertex 6.545020832216133e-16 10.688830178257161 -1.6629831585203159
 endloop
endfacet
facet normal 0 0 0
 outer loop
  vertex 1.305261922200517 9.914448613738104 -1.8
  vertex 6.545020832216133e-16 10.688830178257161 -1.6629831585203159
  vertex 1.3951723024546838 10.597385754330372 -1.6629831585203159
 endloop
endfacet
facet normal 0 0 0
 outer loop
  vertex 1.3951723024546838 10.597385754330372 -1.6629831585203159
  vertex 6.545020832216133e-16 10.688830178257161 -1.6629831585203159
  vertex 6.90259444634871e-16 11.272792206135785 -1.272792206135786
 endloop
endfacet
facet normal 0 0 0
 outer loop
  vertex 1.3951723024546838 10.597385754330372 -1.6629831585203159
  vertex 6.90259444634871e-16 11.272792206135785 -1.272792206135786
  vertex 1.4713946423547803 11.176351906108064 -1.272792206135786
 endloop
endfacet
facet normal 0 0 0
 outer loop
  vertex 1.4713946423547803 11.176351906108064 -1.272792206135786
  vertex 6.90259444634871e-16 11.272792206135785 -1.272792206135786
  vertex 7.141517496795696e-16 11.662983158520316 -0.6888301782571628
 endloop
endfacet
facet normal 0 0 0
 outer loop
  vertex 1.4713946423547803 11.176351906108064 -1.272792206135786
  vertex 7.141517496795696e-16 11.662983158520316 -0.6888301782571628
  vertex 1.5223247816082486 11.56320472080426 -0.6888301782571628
 endloop
endfacet
facet normal 0 0 0
 outer loop
  vertex 1.5223247816082486 11.56320472080426 -0.6888301782571628
  vertex 7.141517496795696e-16 11.662983158520316 -0.6888301782571628
  vertex 7.225416114969384e-16 11.8 -4.4087284769304716e-16
 endloop
endfacet
facet normal 0 0 0
 outer loop
  vertex 1.5223247816082486 11.56320472080426 -0.6888301782571628
  vertex 7.225416114969384e-16 11.8 -4.4087284769304716e-16
  vertex 1.5402090681966103 11.699049364210964 -4.4087284769304716e-16
 endloop
endfacet
facet normal 0 0 0
 outer loop
  vertex 7.225416114969384e-16 11.8 0
  vertex -1.540209068196609 11.699049364210964 0
  vertex -1.5223247816082472 11.56320472080426 0.6888301782571616
 endloop
endfacet
facet normal 0 0 0
 outer loop
  vertex 7.225416114969384e-16 11.8 0
  vertex -1.5223247816082472 11.56320472080426 0.6888301782571616
  vertex 7.141517496795696e-16 11.662983158520316 0.6888301782571616
 endloop
endfacet
facet normal 0 0 0
 outer loop
  vertex 7.141517496795696e-16 11.662983158520316 0.6888301782571616
  vertex -1.5223247816082472 11.56320472080426 0.6888301782571616
  vertex -1.4713946423547792 11.176351906108065 1.2727922061357855
 endloop
endfacet
facet normal 0 0 0
 outer loop
  vertex 7.141517496795696e-16 11.662983158520316 0.6888301782571616
  vertex -1.4713946423547792 11.176351906108065 1.2727922061357855
  vertex 6.902594446348711e-16 11.272792206135787 1.2727922061357855
 endloop
endfacet
facet normal 0 0 0
 outer loop
  vertex 6.902594446348711e-16 11.272792206135787 1.2727922061357855
  vertex -1.4713946423547792 11.176351906108065 1.2727922061357855
  vertex -1.3951723024546827 10.597385754330372 1.662983158520316
 endloop
endfacet
facet normal 0 0 0
 outer loop
  vertex 6.902594446348711e-16 11.272792206135787 1.2727922061357855
  vertex -1.3951723024546827 10.597385754330372 1.662983158520316
  vertex 6.545020832216133e-16 10.688830178257161 1.662983158520316
 endloop
endfacet
facet normal 0 0 0
 outer loop
  vertex 6.545020832216133e-16 10.688830178257161 1.662983158520316
  vertex -1.3951723024546827 10.597385754330372 1.662983158520316
  vertex -1.305261922200516 9.914448613738104 1.8
 endloop
endfacet
facet normal 0 0 0
 outer loop
  vertex 6.545020832216133e-16 10.688830178257161 1.662983158520316
  vertex -1.305261922200516 9.914448613738104 1.8
  vertex 6.123233995736766e-16 10 1.8
 endloop
endfacet
facet normal 0 0 0
 outer loop
  vertex 6.123233995736766e-16 10 1.8
  vertex -1.305261922200516 9.914448613738104 1.8
  vertex -1.2153515419463494 9.231511473145835 1.662983158520316
 endloop
endfacet
facet normal 0 0 0
 outer loop
  vertex 6.123233995736766e-16 10 1.8
  vertex -1.2153515419463494 9.231511473145835 1.662983158520316
  vertex 5.7014471592574e-16 9.311169821742839 1.662983158520316
 endloop
endfacet
facet normal 0 0 0
 outer loop
  vertex 5.7014471592574e-16 9.311169821742839 1.662983158520316
  vertex -1.2153515419463494 9.231511473145835 1.662983158520316
  vertex -1.1391292020462531 8.652545321368144 1.2727922061357857
 endloop
endfacet
facet normal 0 0 0
 outer loop
  vertex 5.7014471592574e-16 9.311169821742839 1.662983158520316
  vertex -1.1391292020462531 8.652545321368144 1.2727922061357857
  vertex 5.343873545124823e-16 8.727207793864215 1.2727922061357857
 endloop
endfacet
facet normal 0 0 0
 outer loop
  vertex 5.343873545124823e-16 8.727207793864215 1.2727922061357857
  vertex -1.1391292020462531 8.652545321368144 1.2727922061357857
  vertex -1.0881990627927847 8.265692506671948 0.6888301782571619
 endloop
endfacet
facet normal 0 0 0
 outer loop
  vertex 5.343873545124823e-16 8.727207793864215 1.2727922061357857
  vertex -1.0881990627927847 8.265692506671948 0.6888301782571619
  vertex 5.104950494677836e-16 8.337016841479684 0.6888301782571619
 endloop
endfacet
facet normal 0 0 0
 outer loop
  vertex 5.104950494677836e-16 8.337016841479684 0.6888301782571619
  vertex -1.0881990627927847 8.265692506671948 0.6888301782571619
  vertex -1.070314776204423 8.129847863265244 2.2043642384652358e-16
 endloop
endfacet
facet normal 0 0 0
 outer loop
  vertex 5.104950494677836e-16 8.337016841479684 0.6888301782571619
  vertex -1.070314776204423 8.129847863265244 2.2043642384652358e-16
  vertex 5.021051876504147e-16 8.2 2.2043642384652358e-16
 endloop
endfacet
facet normal 0 0 0
 outer loop
  vertex 5.021051876504147e-16 8.2 2.2043642384652358e-16
  vertex -1.070314776204423 8.129847863265244 2.2043642384652358e-16
  vertex -1.0881990627927847 8.265692506671948 -0.6888301782571614
 endloop
endfacet
facet normal 0 0 0
 outer loop
  vertex 5.021051876504147e-16 8.2 2.2043642384652358e-16
  vertex -1.0881990627927847 8.265692506671948 -0.6888301782571614
  vertex 5.104950494677836e-16 8.337016841479684 -0.6888301782571614
 endloop
endfacet
facet normal 0 0 0
 outer loop
  vertex 5.104950494677836e-16 8.337016841479684 -0.6888301782571614
  vertex -1.0881990627927847 8.265692506671948 -0.6888301782571614
  vertex -1.139129202046253 8.652545321368143 -1.2727922061357855
 endloop
endfacet
facet normal 0 0 0
 outer loop
  vertex 5.104950494677836e-16 8.337016841479684 -0.6888301782571614
  vertex -1.139129202046253 8.652545321368143 -1.2727922061357855
  vertex 5.343873545124822e-16 8.727207793864213 -1.2727922061357855
 endloop
endfacet
facet normal 0 0 0
 outer loop
  vertex 5.343873545124822e-16 8.727207793864213 -1.2727922061357855
  vertex -1.139129202046253 8.652545321368143 -1.2727922061357855
  vertex -1.2153515419463492 9.231511473145833 -1.6629831585203159
 endloop
endfacet
facet normal 0 0 0
 outer loop
  vertex 5.343873545124822e-16 8.727207793864213 -1.2727922061357855
  vertex -1.2153515419463492 9.231511473145833 -1.6629831585203159
  vertex 5.701447159257398e-16 9.311169821742837 -1.6629831585203159
 endloop
endfacet
facet normal 0 0 0
 outer loop
  vertex 5.701447159257398e-16 9.311169821742837 -1.6629831585203159
  vertex -1.2153515419463492 9.231511473145833 -1.6629831585203159
  vertex -1.305261922200516 9.914448613738104 -1.8
 endloop
endfacet
facet normal 0 0 0
 outer loop
  vertex 5.701447159257398e-16 9.311169821742837 -1.6629831585203159
  vertex -1.305261922200516 9.914448613738104 -1.8
  vertex 6.123233995736766e-16 10 -1.8
 endloop
endfacet
facet normal 0 0 0
 outer loop
  vertex 6.123233995736766e-16 10 -1.8
  vertex -1.305261922200516 9.914448613738104 -1.8
  vertex -1.3951723024546827 10.597385754330372 -1.6629831585203159
 endloop
endfacet
facet normal 0 0 0
 outer loop
  vertex 6.123233995736766e-16 10 -1.8
  vertex -1.3951723024546827 10.597385754330372 -1.6629831585203159
  vertex 6.545020832216133e-16 10.688830178257161 -1.6629831585203159
 endloop
endfacet
facet normal 0 0 0
 outer loop
  vertex 6.545020832216133e-16 10.688830178257161 -1.6629831585203159
  vertex -1.3951723024546827 10.597385754330372 -1.6629831585203159
  vertex -1.471394642354779 11.176351906108064 -1.272792206135786
 endloop
endfacet
facet normal 0 0 0
 outer loop
  vertex 6.545020832216133e-16 10.688830178257161 -1.6629831585203159
  vertex -1.471394642354779 11.176351906108064 -1.272792206135786
  vertex 6.90259444634871e-16 11.272792206135785 -1.272792206135786
 endloop
endfacet
facet normal 0 0 0
 outer loop
  vertex 6.90259444634871e-16 11.272792206135785 -1.272792206135786
  vertex -1.471394642354779 11.176351906108064 -1.272792206135786
  vertex -1.5223247816082472 11.56320472080426 -0.6888301782571628
 endloop
endfacet
facet normal 0 0 0
 outer loop
  vertex 6.90259444634871e-16 11.272792206135785 -1.272792206135786
  vertex -1.5223247816082472 11.56320472080426 -0.6888301782571628
  vertex 7.141517496795696e-16 11.662983158520316 -0.6888301782571628
 endloop
endfacet
facet normal 0 0 0
 outer loop
  vertex 7.141517496795696e-16 11.662983158520316 -0.6888301782571628
  vertex -1.5223247816082472 11.56320472080426 -0.6888301782571628
  vertex -1.540209068196609 11.699049364210964 -4.4087284769304716e-16
 endloop
endfacet
facet normal 0 0 0
 outer loop
  vertex 7.141517496795696e-16 11.662983158520316 -0.6888301782571628
  vertex -1.540209068196609 11.699049364210964 -4.4087284769304716e-16
  vertex 7.225416114969384e-16 11.8 -4.4087284769304716e-16
 endloop
endfacet
facet normal 0 0 0
 outer loop
  vertex -1.540209068196609 11.699049364210964 0
  vertex -3.0540647322097434 11.397924750211006 0
  vertex -3.0186021641350083 11.265576644389224 0.6888301782571616
 endloop
endfacet
facet normal 0 0 0
 outer loop
  vertex -1.540209068196609 11.699049364210964 0
  vertex -3.0186021641350083 11.265576644389224 0.6888301782571616
  vertex -1.5223247816082472 11.56320472080426 0.6888301782571616
 endloop
endfacet
facet normal 0 0 0
 outer loop
  vertex -1.5223247816082472 11.56320472080426 0.6888301782571616
  vertex -3.0186021641350083 11.265576644389224 0.6888301782571616
  vertex -2.9176133144312013 10.888681126296678 1.2727922061357855
 endloop
endfacet
facet normal 0 0 0
 outer loop
  vertex -1.5223247816082472 11.56320472080426 0.6888301782571616
  vertex -2.9176133144312013 10.888681126296678 1.2727922061357855
  vertex -1.4713946423547792 11.176351906108065 1.2727922061357855
 endloop
endfacet
facet normal 0 0 0
 outer loop
  vertex -1.4713946423547792 11.176351906108065 1.2727922061357855
  vertex -2.9176133144312013 10.888681126296678 1.2727922061357855
  vertex -2.7664728199995237 10.324617121996578 1.662983158520316
 endloop
endfacet
facet normal 0 0 0
 outer loop
  vertex -1.4713946423547792 11.176351906108065 1.2727922061357855
  vertex -2.7664728199995237 10.324617121996578 1.662983158520316
  vertex -1.3951723024546827 10.597385754330372 1.662983158520316
 endloop
endfacet
facet normal 0 0 0
 outer loop
  vertex -1.3951723024546827 10.597385754330372 1.662983158520316
  vertex -2.7664728199995237 10.324617121996578 1.662983158520316
  vertex -2.5881904510252065 9.659258262890683 1.8
 endloop
endfacet
facet normal 0 0 0
 outer loop
  vertex -1.3951723024546827 10.597385754330372 1.662983158520316
  vertex -2.5881904510252065 9.659258262890683 1.8
  vertex -1.305261922200516 9.914448613738104 1.8
 endloop
endfacet
facet normal 0 0 0
 outer loop
  vertex -1.305261922200516 9.914448613738104 1.8
  vertex -2.5881904510252065 9.659258262890683 1.8
  vertex -2.409908082050889 8.993899403784788 1.662983158520316
 endloop
endfacet
facet normal 0 0 0
 outer loop
  vertex -1.305261922200516 9.914448613738104 1.8
  vertex -2.409908082050889 8.993899403784788 1.662983158520316
  vertex -1.2153515419463494 9.231511473145835 1.662983158520316
 endloop
endfacet
facet normal 0 0 0
 outer loop
  vertex -1.2153515419463494 9.231511473145835 1.662983158520316
  vertex -2.409908082050889 8.993899403784788 1.662983158520316
  vertex -2.2587675876192117 8.42983539948469 1.2727922061357857
 endloop
endfacet
facet normal 0 0 0
 outer loop
  vertex -1.2153515419463494 9.231511473145835 1.662983158520316
  vertex -2.2587675876192117 8.42983539948469 1.2727922061357857
  vertex -1.1391292020462531 8.652545321368144 1.2727922061357857
 endloop
endfacet
facet normal 0 0 0
 outer loop
  vertex -1.1391292020462531 8.652545321368144 1.2727922061357857
  vertex -2.2587675876192117 8.42983539948469 1.2727922061357857
  vertex -2.1577787379154043 8.052939881392142 0.6888301782571619
 endloop
endfacet
facet normal 0 0 0
 outer loop
  vertex -1.1391292020462531 8.652545321368144 1.2727922061357857
  vertex -2.1577787379154043 8.052939881392142 0.6888301782571619
  vertex -1.0881990627927847 8.265692506671948 0.6888301782571619
 endloop
endfacet
facet normal 0 0 0
 outer loop
  vertex -1.0881990627927847 8.265692506671948 0.6888301782571619
  vertex -2.1577787379154043 8.052939881392142 0.6888301782571619
  vertex -2.122316169840669 7.92059177557036 2.2043642384652358e-16
 endloop
endfacet
facet normal 0 0 0
 outer loop
  vertex -1.0881990627927847 8.265692506671948 0.6888301782571619
  vertex -2.122316169840669 7.92059177557036 2.2043642384652358e-16
  vertex -1.070314776204423 8.129847863265244 2.2043642384652358e-16
 endloop
endfacet
facet normal 0 0 0
 outer loop
  vertex -1.070314776204423 8.129847863265244 2.2043642384652358e-16
  vertex -2.122316169840669 7.92059177557036 2.2043642384652358e-16
  vertex -2.1577787379154043 8.052939881392142 -0.6888301782571614
 endloop
endfacet
facet normal 0 0 0
 outer loop
  vertex -1.070314776204423 8.129847863265244 2.2043642384652358e-16
  vertex -2.1577787379154043 8.052939881392142 -0.6888301782571614
  vertex -1.0881990627927847 8.265692506671948 -0.6888301782571614
 endloop
endfacet
facet normal 0 0 0
 outer loop
  vertex -1.0881990627927847 8.265692506671948 -0.6888301782571614
  vertex -2.1577787379154043 8.052939881392142 -0.6888301782571614
  vertex -2.2587675876192113 8.429835399484688 -1.2727922061357855
 endloop
endfacet
facet normal 0 0 0
 outer loop
  vertex -1.0881990627927847 8.265692506671948 -0.6888301782571614
  vertex -2.2587675876192113 8.429835399484688 -1.2727922061357855
  vertex -1.139129202046253 8.652545321368143 -1.2727922061357855
 endloop
endfacet
facet normal 0 0 0
 outer loop
  vertex -1.139129202046253 8.652545321368143 -1.2727922061357855
  vertex -2.2587675876192113 8.429835399484688 -1.2727922061357855
  vertex -2.4099080820508885 8.993899403784786 -1.6629831585203159
 endloop
endfacet
facet normal 0 0 0
 outer loop
  vertex -1.139129202046253 8.652545321368143 -1.2727922061357855
  vertex -2.4099080820508885 8.993899403784786 -1.6629831585203159
  vertex -1.2153515419463492 9.231511473145833 -1.6629831585203159
 endloop
endfacet
facet normal 0 0 0
 outer loop
  vertex -1.2153515419463492 9.231511473145833 -1.6629831585203159
  vertex -2.4099080820508885 8.993899403784786 -1.6629831585203159
  vertex -2.5881904510252065 9.659258262890683 -1.8
 endloop
endfacet
facet normal 0 0 0
 outer loop
  vertex -1.2153515419463492 9.231511473145833 -1.6629831585203159
  vertex -2.5881904510252065 9.659258262890683 -1.8
  vertex -1.305261922200516 9.914448613738104 -1.8
 endloop
endfacet
facet normal 0 0 0
 outer loop
  vertex -1.305261922200516 9.914448613738104 -1.8
  vertex -2.5881904510252065 9.659258262890683 -1.8
  vertex -2.7664728199995237 10.324617121996578 -1.6629831585203159
 endloop
endfacet
facet normal 0 0 0
 outer loop
  vertex -1.305261922200516 9.914448613738104 -1.8
  vertex -2.7664728199995237 10.324617121996578 -1.6629831585203159
  vertex -1.3951723024546827 10.597385754330372 -1.6629831585203159
 endloop
endfacet
facet normal 0 0 0
 outer loop
  vertex -1.3951723024546827 10.597385754330372 -1.6629831585203159
  vertex -2.7664728199995237 10.324617121996578 -1.6629831585203159
  vertex -2.917613314431201 10.888681126296678 -1.272792206135786
 endloop
endfacet
facet normal 0 0 0
 outer loop
  vertex -1.3951723024546827 10.597385754330372 -1.6629831585203159
  vertex -2.917613314431201 10.888681126296678 -1.272792206135786
  vertex -1.471394642354779 11.176351906108064 -1.272792206135786
 endloop
endfacet
facet normal 0 0 0
 outer loop
  vertex -1.471394642354779 11.176351906108064 -1.272792206135786
  vertex -2.917613314431201 10.888681126296678 -1.272792206135786
  vertex -3.0186021641350083 11.265576644389224 -0.6888301782571628
 endloop
endfacet
facet normal 0 0 0
 outer loop
  vertex -1.471394642354779 11.176351906108064 -1.272792206135786
  vertex -3.0186021641350083 11.265576644389224 -0.6888301782571628
  vertex -1.5223247816082472 11.56320472080426 -0.6888301782571628
 endloop
endfacet
facet normal 0 0 0
 outer loop
  vertex -1.5223247816082472 11.56320472080426 -0.6888301782571628
  vertex -3.0186021641350083 11.265576644389224 -0.6888301782571628
  vertex -3.0540647322097434 11.397924750211006 -4.4087284769304716e-16
 endloop
endfacet
facet normal 0 0 0
 outer loop
  vertex -1.5223247816082472 11.56320472080426 -0.6888301782571628
  vertex -3.0540647322097434 11.397924750211006 -4.4087284769304716e-16
  vertex -1.540209068196609 11.699049364210964 -4.4087284769304716e-16
 endloop
endfacet
facet normal 0 0 0
 outer loop
  vertex -3.0540647322097434 11.397924750211006 0
  vertex -4.515664501908057 10.901778483633185 0
  vertex -4.463230426718787 10.775191428180761 0.6888301782571616
 endloop
endfacet
facet normal 0 0 0
 outer loop
  vertex -3.0540647322097434 11.397924750211006 0
  vertex -4.463230426718787 10.775191428180761 0.6888301782571616
  vertex -3.0186021641350083 11.265576644389224 0.6888301782571616
 endloop
endfacet
facet normal 0 0 0
 outer loop
  vertex -3.0186021641350083 11.265576644389224 0.6888301782571616
  vertex -4.463230426718787 10.775191428180761 0.6888301782571616
  vertex -4.313910813782472 10.414701993501609 1.2727922061357855
 endloop
endfacet
facet normal 0 0 0
 outer loop
  vertex -3.0186021641350083 11.265576644389224 0.6888301782571616
  vertex -4.313910813782472 10.414701993501609 1.2727922061357855
  vertex -2.9176133144312013 10.888681126296678 1.2727922061357855
 endloop
endfacet
facet normal 0 0 0
 outer loop
  vertex -2.9176133144312013 10.888681126296678 1.2727922061357855
  vertex -4.313910813782472 10.414701993501609 1.2727922061357855
  vertex -4.090438220583002 9.875191428180761 1.662983158520316
 endloop
endfacet
facet normal 0 0 0
 outer loop
  vertex -2.9176133144312013 10.888681126296678 1.2727922061357855
  vertex -4.090438220583002 9.875191428180761 1.662983158520316
  vertex -2.7664728199995237 10.324617121996578 1.662983158520316
 endloop
endfacet
facet normal 0 0 0
 outer loop
  vertex -2.7664728199995237 10.324617121996578 1.662983158520316
  vertex -4.090438220583002 9.875191428180761 1.662983158520316
  vertex -3.8268343236508953 9.238795325112868 1.8
 endloop
endfacet
facet normal 0 0 0
 outer loop
  vertex -2.7664728199995237 10.324617121996578 1.662983158520316
  vertex -3.8268343236508953 9.238795325112868 1.8
  vertex -2.5881904510252065 9.659258262890683 1.8
 endloop
endfacet
facet normal 0 0 0
 outer loop
  vertex -2.5881904510252065 9.659258262890683 1.8
  vertex -3.8268343236508953 9.238795325112868 1.8
  vertex -3.563230426718788 8.602399222044976 1.662983158520316
 endloop
endfacet
facet normal 0 0 0
 outer loop
  vertex -2.5881904510252065 9.659258262890683 1.8
  vertex -3.563230426718788 8.602399222044976 1.662983158520316
  vertex -2.409908082050889 8.993899403784788 1.662983158520316
 endloop
endfacet
facet normal 0 0 0
 outer loop
  vertex -2.409908082050889 8.993899403784788 1.662983158520316
  vertex -3.563230426718788 8.602399222044976 1.662983158520316
  vertex -3.3397578335193185 8.06288865672413 1.2727922061357857
 endloop
endfacet
facet normal 0 0 0
 outer loop
  vertex -2.409908082050889 8.993899403784788 1.662983158520316
  vertex -3.3397578335193185 8.06288865672413 1.2727922061357857
  vertex -2.2587675876192117 8.42983539948469 1.2727922061357857
 endloop
endfacet
facet normal 0 0 0
 outer loop
  vertex -2.2587675876192117 8.42983539948469 1.2727922061357857
  vertex -3.3397578335193185 8.06288865672413 1.2727922061357857
  vertex -3.190438220583003 7.702399222044976 0.6888301782571619
 endloop
endfacet
facet normal 0 0 0
 outer loop
  vertex -2.2587675876192117 8.42983539948469 1.2727922061357857
  vertex -3.190438220583003 7.702399222044976 0.6888301782571619
  vertex -2.1577787379154043 8.052939881392142 0.6888301782571619
 endloop
endfacet
facet normal 0 0 0
 outer loop
  vertex -2.1577787379154043 8.052939881392142 0.6888301782571619
  vertex -3.190438220583003 7.702399222044976 0.6888301782571619
  vertex -3.1380041453937335 7.575812166592551 2.2043642384652358e-16
 endloop
endfacet
facet normal 0 0 0
 outer loop
  vertex -2.1577787379154043 8.052939881392142 0.6888301782571619
  vertex -3.1380041453937335 7.575812166592551 2.2043642384652358e-16
  vertex -2.122316169840669 7.92059177557036 2.2043642384652358e-16
 endloop
endfacet
facet normal 0 0 0
 outer loop
  vertex -2.122316169840669 7.92059177557036 2.2043642384652358e-16
  vertex -3.1380041453937335 7.575812166592551 2.2043642384652358e-16
  vertex -3.190438220583003 7.702399222044976 -0.6888301782571614
 endloop
endfacet
facet normal 0 0 0
 outer loop
  vertex -2.122316169840669 7.92059177557036 2.2043642384652358e-16
  vertex -3.190438220583003 7.702399222044976 -0.6888301782571614
  vertex -2.1577787379154043 8.052939881392142 -0.6888301782571614
 endloop
endfacet
facet normal 0 0 0
 outer loop
  vertex -2.1577787379154043 8.052939881392142 -0.6888301782571614
  vertex -3.190438220583003 7.702399222044976 -0.6888301782571614
  vertex -3.3397578335193177 8.062888656724128 -1.2727922061357855
 endloop
endfacet
facet normal 0 0 0
 outer loop
  vertex -2.1577787379154043 8.052939881392142 -0.6888301782571614
  vertex -3.3397578335193177 8.062888656724128 -1.2727922061357855
  vertex -2.2587675876192113 8.429835399484688 -1.2727922061357855
 endloop
endfacet
facet normal 0 0 0
 outer loop
  vertex -2.2587675876192113 8.429835399484688 -1.2727922061357855
  vertex -3.3397578335193177 8.062888656724128 -1.2727922061357855
  vertex -3.5632304267187873 8.602399222044975 -1.6629831585203159
 endloop
endfacet
facet normal 0 0 0
 outer loop
  vertex -2.2587675876192113 8.429835399484688 -1.2727922061357855
  vertex -3.5632304267187873 8.602399222044975 -1.6629831585203159
  vertex -2.4099080820508885 8.993899403784786 -1.6629831585203159
 endloop
endfacet
facet normal 0 0 0
 outer loop
  vertex -2.4099080820508885 8.993899403784786 -1.6629831585203159
  vertex -3.5632304267187873 8.602399222044975 -1.6629831585203159
  vertex -3.8268343236508953 9.238795325112868 -1.8
 endloop
endfacet
facet normal 0 0 0
 outer loop
  vertex -2.4099080820508885 8.993899403784786 -1.6629831585203159
  vertex -3.8268343236508953 9.238795325112868 -1.8
  vertex -2.5881904510252065 9.659258262890683 -1.8
 endloop
endfacet
facet normal 0 0 0
 outer loop
  vertex -2.5881904510252065 9.659258262890683 -1.8
  vertex -3.8268343236508953 9.238795325112868 -1.8
  vertex -4.090438220583002 9.875191428180761 -1.6629831585203159
 endloop
endfacet
facet normal 0 0 0
 outer loop
  vertex -2.5881904510252065 9.659258262890683 -1.8
  vertex -4.090438220583002 9.875191428180761 -1.6629831585203159
  vertex -2.7664728199995237 10.324617121996578 -1.6629831585203159
 endloop
endfacet
facet normal 0 0 0
 outer loop
  vertex -2.7664728199995237 10.324617121996578 -1.6629831585203159
  vertex -4.090438220583002 9.875191428180761 -1.6629831585203159
  vertex -4.3139108137824715 10.414701993501607 -1.272792206135786
 endloop
endfacet
facet normal 0 0 0
 outer loop
  vertex -2.7664728199995237 10.324617121996578 -1.6629831585203159
  vertex -4.3139108137824715 10.414701993501607 -1.272792206135786
  vertex -2.917613314431201 10.888681126296678 -1.272792206135786
 endloop
endfacet
facet normal 0 0 0
 outer loop
  vertex -2.917613314431201 10.888681126296678 -1.272792206135786
  vertex -4.3139108137824715 10.414701993501607 -1.272792206135786
  vertex -4.463230426718787 10.775191428180761 -0.6888301782571628
 endloop
endfacet
facet normal 0 0 0
 outer loop
  vertex -2.917613314431201 10.888681126296678 -1.272792206135786
  vertex -4.463230426718787 10.775191428180761 -0.6888301782571628
  vertex -3.0186021641350083 11.265576644389224 -0.6888301782571628
 endloop
endfacet
facet normal 0 0 0
 outer loop
  vertex -3.0186021641350083 11.265576644389224 -0.6888301782571628
  vertex -4.463230426718787 10.775191428180761 -0.6888301782571628
  vertex -4.515664501908057 10.901778483633185 -4.4087284769304716e-16
 endloop
endfacet
facet normal 0 0 0
 outer loop
  vertex -3.0186021641350083 11.265576644389224 -0.6888301782571628
  vertex -4.515664501908057 10.901778483633185 -4.4087284769304716e-16
  vertex -3.0540647322097434 11.397924750211006 -4.4087284769304716e-16
 endloop
endfacet
facet normal 0 0 0
 outer loop
  vertex -4.515664501908057 10.901778483633185 0
  vertex -5.899999999999998 10.219099764656377 0
  vertex -5.831491579260155 10.100439699188664 0.6888301782571616
 endloop
endfacet
facet normal 0 0 0
 outer loop
  vertex -4.515664501908057 10.901778483633185 0
  vertex -5.831491579260155 10.100439699188664 0.6888301782571616
  vertex -4.463230426718787 10.775191428180761 0.6888301782571616
 endloop
endfacet
facet normal 0 0 0
 outer loop
  vertex -4.463230426718787 10.775191428180761 0.6888301782571616
  vertex -5.831491579260155 10.100439699188664 0.6888301782571616
  vertex -5.636396103067891 9.762524422096819 1.2727922061357855
 endloop
endfacet
facet normal 0 0 0
 outer loop
  vertex -4.463230426718787 10.775191428180761 0.6888301782571616
  vertex -5.636396103067891 9.762524422096819 1.2727922061357855
  vertex -4.313910813782472 10.414701993501609 1.2727922061357855
 endloop
endfacet
facet normal 0 0 0
 outer loop
  vertex -4.313910813782472 10.414701993501609 1.2727922061357855
  vertex -5.636396103067891 9.762524422096819 1.2727922061357855
  vertex -5.344415089128578 9.256798471108452 1.662983158520316
 endloop
endfacet
facet normal 0 0 0
 outer loop
  vertex -4.313910813782472 10.414701993501609 1.2727922061357855
  vertex -5.344415089128578 9.256798471108452 1.662983158520316
  vertex -4.090438220583002 9.875191428180761 1.662983158520316
 endloop
endfacet
facet normal 0 0 0
 outer loop
  vertex -4.090438220583002 9.875191428180761 1.662983158520316
  vertex -5.344415089128578 9.256798471108452 1.662983158520316
  vertex -4.999999999999998 8.660254037844387 1.8
 endloop
endfacet
facet normal 0 0 0
 outer loop
  vertex -4.090438220583002 9.875191428180761 1.662983158520316
  vertex -4.999999999999998 8.660254037844387 1.8
  vertex -3.8268343236508953 9.238795325112868 1.8
 endloop
endfacet
facet normal 0 0 0
 outer loop
  vertex -3.8268343236508953 9.238795325112868 1.8
  vertex -4.999999999999998 8.660254037844387 1.8
  vertex -4.655584910871418 8.063709604580323 1.662983158520316
 endloop
endfacet
facet normal 0 0 0
 outer loop
  vertex -3.8268343236508953 9.238795325112868 1.8
  vertex -4.655584910871418 8.063709604580323 1.662983158520316
  vertex -3.563230426718788 8.602399222044976 1.662983158520316
 endloop
endfacet
facet normal 0 0 0
 outer loop
  vertex -3.563230426718788 8.602399222044976 1.662983158520316
  vertex -4.655584910871418 8.063709604580323 1.662983158520316
  vertex -4.363603896932106 7.557983653591958 1.2727922061357857
 endloop
endfacet
facet normal 0 0 0
 outer loop
  vertex -3.563230426718788 8.602399222044976 1.662983158520316
  vertex -4.363603896932106 7.557983653591958 1.2727922061357857
  vertex -3.3397578335193185 8.06288865672413 1.2727922061357857
 endloop
endfacet
facet normal 0 0 0
 outer loop
  vertex -3.3397578335193185 8.06288865672413 1.2727922061357857
  vertex -4.363603896932106 7.557983653591958 1.2727922061357857
  vertex -4.16850842073984 7.22006837650011 0.6888301782571619
 endloop
endfacet
facet normal 0 0 0
 outer loop
  vertex -3.3397578335193185 8.06288865672413 1.2727922061357857
  vertex -4.16850842073984 7.22006837650011 0.6888301782571619
  vertex -3.190438220583003 7.702399222044976 0.6888301782571619
 endloop
endfacet
facet normal 0 0 0
 outer loop
  vertex -3.190438220583003 7.702399222044976 0.6888301782571619
  vertex -4.16850842073984 7.22006837650011 0.6888301782571619
  vertex -4.099999999999998 7.1014083110323964 2.2043642384652358e-16
 endloop
endfacet
facet normal 0 0 0
 outer loop
  vertex -3.190438220583003 7.702399222044976 0.6888301782571619
  vertex -4.099999999999998 7.1014083110323964 2.2043642384652358e-16
  vertex -3.1380041453937335 7.575812166592551 2.2043642384652358e-16
 endloop
endfacet
facet normal 0 0 0
 outer loop
  vertex -3.1380041453937335 7.575812166592551 2.2043642384652358e-16
  vertex -4.099999999999998 7.1014083110323964 2.2043642384652358e-16
  vertex -4.16850842073984 7.22006837650011 -0.6888301782571614
 endloop
endfacet
facet normal 0 0 0
 outer loop
  vertex -3.1380041453937335 7.575812166592551 2.2043642384652358e-16
  vertex -4.16850842073984 7.22006837650011 -0.6888301782571614
  vertex -3.190438220583003 7.702399222044976 -0.6888301782571614
 endloop
endfacet
facet normal 0 0 0
 outer loop
  vertex -3.190438220583003 7.702399222044976 -0.6888301782571614
  vertex -4.16850842073984 7.22006837650011 -0.6888301782571614
  vertex -4.363603896932105 7.557983653591956 -1.2727922061357855
 endloop
endfacet
facet normal 0 0 0
 outer loop
  vertex -3.190438220583003 7.702399222044976 -0.6888301782571614
  vertex -4.363603896932105 7.557983653591956 -1.2727922061357855
  vertex -3.3397578335193177 8.062888656724128 -1.2727922061357855
 endloop
endfacet
facet normal 0 0 0
 outer loop
  vertex -3.3397578335193177 8.062888656724128 -1.2727922061357855
  vertex -4.363603896932105 7.557983653591956 -1.2727922061357855
  vertex -4.655584910871417 8.063709604580321 -1.6629831585203159
 endloop
endfacet
facet normal 0 0 0
 outer loop
  vertex -3.3397578335193177 8.062888656724128 -1.2727922061357855
  vertex -4.655584910871417 8.063709604580321 -1.6629831585203159
  vertex -3.5632304267187873 8.602399222044975 -1.6629831585203159
 endloop
endfacet
facet normal 0 0 0
 outer loop
  vertex -3.5632304267187873 8.602399222044975 -1.6629831585203159
  vertex -4.655584910871417 8.063709604580321 -1.6629831585203159
  vertex -4.999999999999998 8.660254037844387 -1.8
 endloop
endfacet
facet normal 0 0 0
 outer loop
  vertex -3.5632304267187873 8.602399222044975 -1.6629831585203159
  vertex -4.999999999999998 8.660254037844387 -1.8
  vertex -3.8268343236508953 9.238795325112868 -1.8
 endloop
endfacet
facet normal 0 0 0
 outer loop
  vertex -3.8268343236508953 9.238795325112868 -1.8
  vertex -4.999999999999998 8.660254037844387 -1.8
  vertex -5.344415089128578 9.256798471108452 -1.6629831585203159
 endloop
endfacet
facet normal 0 0 0
 outer loop
  vertex -3.8268343236508953 9.238795325112868 -1.8
  vertex -5.344415089128578 9.256798471108452 -1.6629831585203159
  vertex -4.090438220583002 9.875191428180761 -1.6629831585203159
 endloop
endfacet
facet normal 0 0 0
 outer loop
  vertex -4.090438220583002 9.875191428180761 -1.6629831585203159
  vertex -5.344415089128578 9.256798471108452 -1.6629831585203159
  vertex -5.63639610306789 9.762524422096817 -1.272792206135786
 endloop
endfacet
facet normal 0 0 0
 outer loop
  vertex -4.090438220583002 9.875191428180761 -1.6629831585203159
  vertex -5.63639610306789 9.762524422096817 -1.272792206135786
  vertex -4.3139108137824715 10.414701993501607 -1.272792206135786
 endloop
endfacet
facet normal 0 0 0
 outer loop
  vertex -4.3139108137824715 10.414701993501607 -1.272792206135786
  vertex -5.63639610306789 9.762524422096817 -1.272792206135786
  vertex -5.831491579260155 10.100439699188664 -0.6888301782571628
 endloop
endfacet
facet normal 0 0 0
 outer loop
  vertex -4.3139108137824715 10.414701993501607 -1.272792206135786
  vertex -5.831491579260155 10.100439699188664 -0.6888301782571628
  vertex -4.463230426718787 10.775191428180761 -0.6888301782571628
 endloop
endfacet
facet normal 0 0 0
 outer loop
  vertex -4.463230426718787 10.775191428180761 -0.6888301782571628
  vertex -5.831491579260155 10.100439699188664 -0.6888301782571628
  vertex -5.899999999999998 10.219099764656377 -4.4087284769304716e-16
 endloop
endfacet
facet normal 0 0 0
 outer loop
  vertex -4.463230426718787 10.775191428180761 -0.6888301782571628
  vertex -5.899999999999998 10.219099764656377 -4.4087284769304716e-16
  vertex -4.515664501908057 10.901778483633185 -4.4087284769304716e-16
 endloop
endfacet
facet normal 0 0 0
 outer loop
  vertex -5.899999999999998 10.219099764656377 0
  vertex -7.183384862302904 9.361569415436575 0
  vertex -7.099974294085469 9.252866646572512 0.6888301782571616
 endloop
endfacet
facet normal 0 0 0
 outer loop
  vertex -5.899999999999998 10.219099764656377 0
  vertex -7.099974294085469 9.252866646572512 0.6888301782571616
  vertex -5.831491579260155 10.100439699188664 0.6888301782571616
 endloop
endfacet
facet normal 0 0 0
 outer loop
  vertex -5.831491579260155 10.100439699188664 0.6888301782571616
  vertex -7.099974294085469 9.252866646572512 0.6888301782571616
  vertex -6.86244109232559 8.943307351146828 1.2727922061357855
 endloop
endfacet
facet normal 0 0 0
 outer loop
  vertex -5.831491579260155 10.100439699188664 0.6888301782571616
  vertex -6.86244109232559 8.943307351146828 1.2727922061357855
  vertex -5.636396103067891 9.762524422096819 1.2727922061357855
 endloop
endfacet
facet normal 0 0 0
 outer loop
  vertex -5.636396103067891 9.762524422096819 1.2727922061357855
  vertex -6.86244109232559 8.943307351146828 1.2727922061357855
  vertex -6.5069475337473675 8.480019125726077 1.662983158520316
 endloop
endfacet
facet normal 0 0 0
 outer loop
  vertex -5.636396103067891 9.762524422096819 1.2727922061357855
  vertex -6.5069475337473675 8.480019125726077 1.662983158520316
  vertex -5.344415089128578 9.256798471108452 1.662983158520316
 endloop
endfacet
facet normal 0 0 0
 outer loop
  vertex -5.344415089128578 9.256798471108452 1.662983158520316
  vertex -6.5069475337473675 8.480019125726077 1.662983158520316
  vertex -6.087614290087206 7.933533402912351 1.8
 endloop
endfacet
facet normal 0 0 0
 outer loop
  vertex -5.344415089128578 9.256798471108452 1.662983158520316
  vertex -6.087614290087206 7.933533402912351 1.8
  vertex -4.999999999999998 8.660254037844387 1.8
 endloop
endfacet
facet normal 0 0 0
 outer loop
  vertex -4.999999999999998 8.660254037844387 1.8
  vertex -6.087614290087206 7.933533402912351 1.8
  vertex -5.668281046427046 7.387047680098625 1.662983158520316
 endloop
endfacet
facet normal 0 0 0
 outer loop
  vertex -4.999999999999998 8.660254037844387 1.8
  vertex -5.668281046427046 7.387047680098625 1.662983158520316
  vertex -4.655584910871418 8.063709604580323 1.662983158520316
 endloop
endfacet
facet normal 0 0 0
 outer loop
  vertex -4.655584910871418 8.063709604580323 1.662983158520316
  vertex -5.668281046427046 7.387047680098625 1.662983158520316
  vertex -5.312787487848824 6.923759454677876 1.2727922061357857
 endloop
endfacet
facet normal 0 0 0
 outer loop
  vertex -4.655584910871418 8.063709604580323 1.662983158520316
  vertex -5.312787487848824 6.923759454677876 1.2727922061357857
  vertex -4.363603896932106 7.557983653591958 1.2727922061357857
 endloop
endfacet
facet normal 0 0 0
 outer loop
  vertex -4.363603896932106 7.557983653591958 1.2727922061357857
  vertex -5.312787487848824 6.923759454677876 1.2727922061357857
  vertex -5.075254286088944 6.61420015925219 0.6888301782571619
 endloop
endfacet
facet normal 0 0 0
 outer loop
  vertex -4.363603896932106 7.557983653591958 1.2727922061357857
  vertex -5.075254286088944 6.61420015925219 0.6888301782571619
  vertex -4.16850842073984 7.22006837650011 0.6888301782571619
 endloop
endfacet
facet normal 0 0 0
 outer loop
  vertex -4.16850842073984 7.22006837650011 0.6888301782571619
  vertex -5.075254286088944 6.61420015925219 0.6888301782571619
  vertex -4.991843717871509 6.505497390388128 2.2043642384652358e-16
 endloop
endfacet
facet normal 0 0 0
 outer loop
  vertex -4.16850842073984 7.22006837650011 0.6888301782571619
  vertex -4.991843717871509 6.505497390388128 2.2043642384652358e-16
  vertex -4.099999999999998 7.1014083110323964 2.2043642384652358e-16
 endloop
endfacet
facet normal 0 0 0
 outer loop
  vertex -4.099999999999998 7.1014083110323964 2.2043642384652358e-16
  vertex -4.991843717871509 6.505497390388128 2.2043642384652358e-16
  vertex -5.075254286088944 6.61420015925219 -0.6888301782571614
 endloop
endfacet
facet normal 0 0 0
 outer loop
  vertex -4.099999999999998 7.1014083110323964 2.2043642384652358e-16
  vertex -5.075254286088944 6.61420015925219 -0.6888301782571614
  vertex -4.16850842073984 7.22006837650011 -0.6888301782571614
 endloop
endfacet
facet normal 0 0 0
 outer loop
  vertex -4.16850842073984 7.22006837650011 -0.6888301782571614
  vertex -5.075254286088944 6.61420015925219 -0.6888301782571614
  vertex -5.312787487848823 6.923759454677875 -1.2727922061357855
 endloop
endfacet
facet normal 0 0 0
 outer loop
  vertex -4.16850842073984 7.22006837650011 -0.6888301782571614
  vertex -5.312787487848823 6.923759454677875 -1.2727922061357855
  vertex -4.363603896932105 7.557983653591956 -1.2727922061357855
 endloop
endfacet
facet normal 0 0 0
 outer loop
  vertex -4.363603896932105 7.557983653591956 -1.2727922061357855
  vertex -5.312787487848823 6.923759454677875 -1.2727922061357855
  vertex -5.668281046427044 7.3870476800986244 -1.6629831585203159
 endloop
endfacet
facet normal 0 0 0
 outer loop
  vertex -4.363603896932105 7.557983653591956 -1.2727922061357855
  vertex -5.668281046427044 7.3870476800986244 -1.6629831585203159
  vertex -4.655584910871417 8.063709604580321 -1.6629831585203159
 endloop
endfacet
facet normal 0 0 0
 outer loop
  vertex -4.655584910871417 8.063709604580321 -1.6629831585203159
  vertex -5.668281046427044 7.3870476800986244 -1.6629831585203159
  vertex -6.087614290087206 7.933533402912351 -1.8
 endloop
endfacet
facet normal 0 0 0
 outer loop
  vertex -4.655584910871417 8.063709604580321 -1.6629831585203159
  vertex -6.087614290087206 7.933533402912351 -1.8
  vertex -4.999999999999998 8.660254037844387 -1.8
 endloop
endfacet
facet normal 0 0 0
 outer loop
  vertex -4.999999999999998 8.660254037844387 -1.8
  vertex -6.087614290087206 7.933533402912351 -1.8
  vertex -6.5069475337473675 8.480019125726077 -1.6629831585203159
 endloop
endfacet
facet normal 0 0 0
 outer loop
  vertex -4.999999999999998 8.660254037844387 -1.8
  vertex -6.5069475337473675 8.480019125726077 -1.6629831585203159
  vertex -5.344415089128578 9.256798471108452 -1.6629831585203159
 endloop
endfacet
facet normal 0 0 0
 outer loop
  vertex -5.344415089128578 9.256798471108452 -1.6629831585203159
  vertex -6.5069475337473675 8.480019125726077 -1.6629831585203159
  vertex -6.862441092325589 8.943307351146826 -1.272792206135786
 endloop
endfacet
facet normal 0 0 0
 outer loop
  vertex -5.344415089128578 9.256798471108452 -1.6629831585203159
  vertex -6.862441092325589 8.943307351146826 -1.272792206135786
  vertex -5.63639610306789 9.762524422096817 -1.272792206135786
 endloop
endfacet
facet normal 0 0 0
 outer loop
  vertex -5.63639610306789 9.762524422096817 -1.272792206135786
  vertex -6.862441092325589 8.943307351146826 -1.272792206135786
  vertex -7.099974294085469 9.252866646572512 -0.6888301782571628
 endloop
endfacet
facet normal 0 0 0
 outer loop
  vertex -5.63639610306789 9.762524422096817 -1.272792206135786
  vertex -7.099974294085469 9.252866646572512 -0.6888301782571628
  vertex -5.831491579260155 10.100439699188664 -0.6888301782571628
 endloop
endfacet
facet normal 0 0 0
 outer loop
  vertex -5.831491579260155 10.100439699188664 -0.6888301782571628
  vertex -7.099974294085469 9.252866646572512 -0.6888301782571628
  vertex -7.183384862302904 9.361569415436575 -4.4087284769304716e-16
 endloop
endfacet
facet normal 0 0 0
 outer loop
  vertex -5.831491579260155 10.100439699188664 -0.6888301782571628
  vertex -7.183384862302904 9.361569415436575 -4.4087284769304716e-16
  vertex -5.899999999999998 10.219099764656377 -4.4087284769304716e-16
 endloop
endfacet
facet normal 0 0 0
 outer loop
  vertex -7.183384862302904 9.361569415436575 0
  vertex -8.34386001800126 8.343860018001262 0
  vertex -8.246974480254213 8.246974480254215 0.6888301782571616
 endloop
endfacet
facet normal 0 0 0
 outer loop
  vertex -7.183384862302904 9.361569415436575 0
  vertex -8.246974480254213 8.246974480254215 0.6888301782571616
  vertex -7.099974294085469 9.252866646572512 0.6888301782571616
 endloop
endfacet
facet normal 0 0 0
 outer loop
  vertex -7.099974294085469 9.252866646572512 0.6888301782571616
  vertex -8.246974480254213 8.246974480254215 0.6888301782571616
  vertex -7.971067811865475 7.971067811865477 1.2727922061357855
 endloop
endfacet
facet normal 0 0 0
 outer loop
  vertex -7.099974294085469 9.252866646572512 0.6888301782571616
  vertex -7.971067811865475 7.971067811865477 1.2727922061357855
  vertex -6.86244109232559 8.943307351146828 1.2727922061357855
 endloop
endfacet
facet normal 0 0 0
 outer loop
  vertex -6.86244109232559 8.943307351146828 1.2727922061357855
  vertex -7.971067811865475 7.971067811865477 1.2727922061357855
  vertex -7.558144301997052 7.558144301997053 1.662983158520316
 endloop
endfacet
facet normal 0 0 0
 outer loop
  vertex -6.86244109232559 8.943307351146828 1.2727922061357855
  vertex -7.558144301997052 7.558144301997053 1.662983158520316
  vertex -6.5069475337473675 8.480019125726077 1.662983158520316
 endloop
endfacet
facet normal 0 0 0
 outer loop
  vertex -6.5069475337473675 8.480019125726077 1.662983158520316
  vertex -7.558144301997052 7.558144301997053 1.662983158520316
  vertex -7.071067811865475 7.0710678118654755 1.8
 endloop
endfacet
facet normal 0 0 0
 outer loop
  vertex -6.5069475337473675 8.480019125726077 1.662983158520316
  vertex -7.071067811865475 7.0710678118654755 1.8
  vertex -6.087614290087206 7.933533402912351 1.8
 endloop
endfacet
facet normal 0 0 0
 outer loop
  vertex -6.087614290087206 7.933533402912351 1.8
  vertex -7.071067811865475 7.0710678118654755 1.8
  vertex -6.5839913217338975 6.583991321733898 1.662983158520316
 endloop
endfacet
facet normal 0 0 0
 outer loop
  vertex -6.087614290087206 7.933533402912351 1.8
  vertex -6.5839913217338975 6.583991321733898 1.662983158520316
  vertex -5.668281046427046 7.387047680098625 1.662983158520316
 endloop
endfacet
facet normal 0 0 0
 outer loop
  vertex -5.668281046427046 7.387047680098625 1.662983158520316
  vertex -6.5839913217338975 6.583991321733898 1.662983158520316
  vertex -6.171067811865475 6.171067811865476 1.2727922061357857
 endloop
endfacet
facet normal 0 0 0
 outer loop
  vertex -5.668281046427046 7.387047680098625 1.662983158520316
  vertex -6.171067811865475 6.171067811865476 1.2727922061357857
  vertex -5.312787487848824 6.923759454677876 1.2727922061357857
 endloop
endfacet
facet normal 0 0 0
 outer loop
  vertex -5.312787487848824 6.923759454677876 1.2727922061357857
  vertex -6.171067811865475 6.171067811865476 1.2727922061357857
  vertex -5.895161143476736 5.895161143476737 0.6888301782571619
 endloop
endfacet
facet normal 0 0 0
 outer loop
  vertex -5.312787487848824 6.923759454677876 1.2727922061357857
  vertex -5.895161143476736 5.895161143476737 0.6888301782571619
  vertex -5.075254286088944 6.61420015925219 0.6888301782571619
 endloop
endfacet
facet normal 0 0 0
 outer loop
  vertex -5.075254286088944 6.61420015925219 0.6888301782571619
  vertex -5.895161143476736 5.895161143476737 0.6888301782571619
  vertex -5.798275605729689 5.79827560572969 2.2043642384652358e-16
 endloop
endfacet
facet normal 0 0 0
 outer loop
  vertex -5.075254286088944 6.61420015925219 0.6888301782571619
  vertex -5.798275605729689 5.79827560572969 2.2043642384652358e-16
  vertex -4.991843717871509 6.505497390388128 2.2043642384652358e-16
 endloop
endfacet
facet normal 0 0 0
 outer loop
  vertex -4.991843717871509 6.505497390388128 2.2043642384652358e-16
  vertex -5.798275605729689 5.79827560572969 2.2043642384652358e-16
  vertex -5.895161143476736 5.895161143476737 -0.6888301782571614
 endloop
endfacet
facet normal 0 0 0
 outer loop
  vertex -4.991843717871509 6.505497390388128 2.2043642384652358e-16
  vertex -5.895161143476736 5.895161143476737 -0.6888301782571614
  vertex -5.075254286088944 6.61420015925219 -0.6888301782571614
 endloop
endfacet
facet normal 0 0 0
 outer loop
  vertex -5.075254286088944 6.61420015925219 -0.6888301782571614
  vertex -5.895161143476736 5.895161143476737 -0.6888301782571614
  vertex -6.171067811865474 6.171067811865475 -1.2727922061357855
 endloop
endfacet
facet normal 0 0 0
 outer loop
  vertex -5.075254286088944 6.61420015925219 -0.6888301782571614
  vertex -6.171067811865474 6.171067811865475 -1.2727922061357855
  vertex -5.312787487848823 6.923759454677875 -1.2727922061357855
 endloop
endfacet
facet normal 0 0 0
 outer loop
  vertex -5.312787487848823 6.923759454677875 -1.2727922061357855
  vertex -6.171067811865474 6.171067811865475 -1.2727922061357855
  vertex -6.583991321733897 6.5839913217338975 -1.6629831585203159
 endloop
endfacet
facet normal 0 0 0
 outer loop
  vertex -5.312787487848823 6.923759454677875 -1.2727922061357855
  vertex -6.583991321733897 6.5839913217338975 -1.6629831585203159
  vertex -5.668281046427044 7.3870476800986244 -1.6629831585203159
 endloop
endfacet
facet normal 0 0 0
 outer loop
  vertex -5.668281046427044 7.3870476800986244 -1.6629831585203159
  vertex -6.583991321733897 6.5839913217338975 -1.6629831585203159
  vertex -7.071067811865475 7.0710678118654755 -1.8
 endloop
endfacet
facet normal 0 0 0
 outer loop
  vertex -5.668281046427044 7.3870476800986244 -1.6629831585203159
  vertex -7.071067811865475 7.0710678118654755 -1.8
  vertex -6.087614290087206 7.933533402912351 -1.8
 endloop
endfacet
facet normal 0 0 0
 outer loop
  vertex -6.087614290087206 7.933533402912351 -1.8
  vertex -7.071067811865475 7.0710678118654755 -1.8
  vertex -7.558144301997052 7.558144301997053 -1.6629831585203159
 endloop
endfacet
facet normal 0 0 0
 outer loop
  vertex -6.087614290087206 7.933533402912351 -1.8
  vertex -7.558144301997052 7.558144301997053 -1.6629831585203159
  vertex -6.5069475337473675 8.480019125726077 -1.6629831585203159
 endloop
endfacet
facet normal 0 0 0
 outer loop
  vertex -6.5069475337473675 8.480019125726077 -1.6629831585203159
  vertex -7.558144301997052 7.558144301997053 -1.6629831585203159
  vertex -7.971067811865474 7.971067811865475 -1.272792206135786
 endloop
endfacet
facet normal 0 0 0
 outer loop
  vertex -6.5069475337473675 8.480019125726077 -1.6629831585203159
  vertex -7.971067811865474 7.971067811865475 -1.272792206135786
  vertex -6.862441092325589 8.943307351146826 -1.272792206135786
 endloop
endfacet
facet normal 0 0 0
 outer loop
  vertex -6.862441092325589 8.943307351146826 -1.272792206135786
  vertex -7.971067811865474 7.971067811865475 -1.272792206135786
  vertex -8.246974480254213 8.246974480254215 -0.6888301782571628
 endloop
endfacet
facet normal 0 0 0
 outer loop
  vertex -6.862441092325589 8.943307351146826 -1.272792206135786
  vertex -8.246974480254213 8.246974480254215 -0.6888301782571628
  vertex -7.099974294085469 9.252866646572512 -0.6888301782571628
 endloop
endfacet
facet normal 0 0 0
 outer loop
  vertex -7.099974294085469 9.252866646572512 -0.6888301782571628
  vertex -8.246974480254213 8.246974480254215 -0.6888301782571628
  vertex -8.34386001800126 8.343860018001262 -4.4087284769304716e-16
 endloop
endfacet
facet normal 0 0 0
 outer loop
  vertex -7.099974294085469 9.252866646572512 -0.6888301782571628
  vertex -8.34386001800126 8.343860018001262 -4.4087284769304716e-16
  vertex -7.183384862302904 9.361569415436575 -4.4087284769304716e-16
 endloop
endfacet
facet normal 0 0 0
 outer loop
  vertex -8.34386001800126 8.343860018001262 0
  vertex -9.361569415436573 7.183384862302907 0
  vertex -9.252866646572512 7.099974294085472 0.6888301782571616
 endloop
endfacet
facet normal 0 0 0
 outer loop
  vertex -8.34386001800126 8.343860018001262 0
  vertex -9.252866646572512 7.099974294085472 0.6888301782571616
  vertex -8.246974480254213 8.246974480254215 0.6888301782571616
 endloop
endfacet
facet normal 0 0 0
 outer loop
  vertex -8.246974480254213 8.246974480254215 0.6888301782571616
  vertex -9.252866646572512 7.099974294085472 0.6888301782571616
  vertex -8.943307351146826 6.862441092325593 1.2727922061357855
 endloop
endfacet
facet normal 0 0 0
 outer loop
  vertex -8.246974480254213 8.246974480254215 0.6888301782571616
  vertex -8.943307351146826 6.862441092325593 1.2727922061357855
  vertex -7.971067811865475 7.971067811865477 1.2727922061357855
 endloop
endfacet
facet normal 0 0 0
 outer loop
  vertex -7.971067811865475 7.971067811865477 1.2727922061357855
  vertex -8.943307351146826 6.862441092325593 1.2727922061357855
  vertex -8.480019125726077 6.50694753374737 1.662983158520316
 endloop
endfacet
facet normal 0 0 0
 outer loop
  vertex -7.971067811865475 7.971067811865477 1.2727922061357855
  vertex -8.480019125726077 6.50694753374737 1.662983158520316
  vertex -7.558144301997052 7.558144301997053 1.662983158520316
 endloop
endfacet
facet normal 0 0 0
 outer loop
  vertex -7.558144301997052 7.558144301997053 1.662983158520316
  vertex -8.480019125726077 6.50694753374737 1.662983158520316
  vertex -7.93353340291235 6.087614290087209 1.8
 endloop
endfacet
facet normal 0 0 0
 outer loop
  vertex -7.558144301997052 7.558144301997053 1.662983158520316
  vertex -7.93353340291235 6.087614290087209 1.8
  vertex -7.071067811865475 7.0710678118654755 1.8
 endloop
endfacet
facet normal 0 0 0
 outer loop
  vertex -7.071067811865475 7.0710678118654755 1.8
  vertex -7.93353340291235 6.087614290087209 1.8
  vertex -7.3870476800986244 5.668281046427047 1.662983158520316
 endloop
endfacet
facet normal 0 0 0
 outer loop
  vertex -7.071067811865475 7.0710678118654755 1.8
  vertex -7.3870476800986244 5.668281046427047 1.662983158520316
  vertex -6.5839913217338975 6.583991321733898 1.662983158520316
 endloop
endfacet
facet normal 0 0 0
 outer loop
  vertex -6.5839913217338975 6.583991321733898 1.662983158520316
  vertex -7.3870476800986244 5.668281046427047 1.662983158520316
  vertex -6.923759454677875 5.312787487848826 1.2727922061357857
 endloop
endfacet
facet normal 0 0 0
 outer loop
  vertex -6.5839913217338975 6.583991321733898 1.662983158520316
  vertex -6.923759454677875 5.312787487848826 1.2727922061357857
  vertex -6.171067811865475 6.171067811865476 1.2727922061357857
 endloop
endfacet
facet normal 0 0 0
 outer loop
  vertex -6.171067811865475 6.171067811865476 1.2727922061357857
  vertex -6.923759454677875 5.312787487848826 1.2727922061357857
  vertex -6.6142001592521895 5.075254286088946 0.6888301782571619
 endloop
endfacet
facet normal 0 0 0
 outer loop
  vertex -6.171067811865475 6.171067811865476 1.2727922061357857
  vertex -6.6142001592521895 5.075254286088946 0.6888301782571619
  vertex -5.895161143476736 5.895161143476737 0.6888301782571619
 endloop
endfacet
facet normal 0 0 0
 outer loop
  vertex -5.895161143476736 5.895161143476737 0.6888301782571619
  vertex -6.6142001592521895 5.075254286088946 0.6888301782571619
  vertex -6.505497390388127 4.991843717871511 2.2043642384652358e-16
 endloop
endfacet
facet normal 0 0 0
 outer loop
  vertex -5.895161143476736 5.895161143476737 0.6888301782571619
  vertex -6.505497390388127 4.991843717871511 2.2043642384652358e-16
  vertex -5.798275605729689 5.79827560572969 2.2043642384652358e-16
 endloop
endfacet
facet normal 0 0 0
 outer loop
  vertex -5.798275605729689 5.79827560572969 2.2043642384652358e-16
  vertex -6.505497390388127 4.991843717871511 2.2043642384652358e-16
  vertex -6.6142001592521895 5.075254286088946 -0.6888301782571614
 endloop
endfacet
facet normal 0 0 0
 outer loop
  vertex -5.798275605729689 5.79827560572969 2.2043642384652358e-16
  vertex -6.6142001592521895 5.075254286088946 -0.6888301782571614
  vertex -5.895161143476736 5.895161143476737 -0.6888301782571614
 endloop
endfacet
facet normal 0 0 0
 outer loop
  vertex -5.895161143476736 5.895161143476737 -0.6888301782571614
  vertex -6.6142001592521895 5.075254286088946 -0.6888301782571614
  vertex -6.9237594546778745 5.312787487848825 -1.2727922061357855
 endloop
endfacet
facet normal 0 0 0
 outer loop
  vertex -5.895161143476736 5.895161143476737 -0.6888301782571614
  vertex -6.9237594546778745 5.312787487848825 -1.2727922061357855
  vertex -6.171067811865474 6.171067811865475 -1.2727922061357855
 endloop
endfacet
facet normal 0 0 0
 outer loop
  vertex -6.171067811865474 6.171067811865475 -1.2727922061357855
  vertex -6.9237594546778745 5.312787487848825 -1.2727922061357855
  vertex -7.387047680098624 5.6682810464270466 -1.6629831585203159
 endloop
endfacet
facet normal 0 0 0
 outer loop
  vertex -6.171067811865474 6.171067811865475 -1.2727922061357855
  vertex -7.387047680098624 5.6682810464270466 -1.6629831585203159
  vertex -6.583991321733897 6.5839913217338975 -1.6629831585203159
 endloop
endfacet
facet normal 0 0 0
 outer loop
  vertex -6.583991321733897 6.5839913217338975 -1.6629831585203159
  vertex -7.387047680098624 5.6682810464270466 -1.6629831585203159
  vertex -7.93353340291235 6.087614290087209 -1.8
 endloop
endfacet
facet normal 0 0 0
 outer loop
  vertex -6.583991321733897 6.5839913217338975 -1.6629831585203159
  vertex -7.93353340291235 6.087614290087209 -1.8
  vertex -7.071067811865475 7.0710678118654755 -1.8
 endloop
endfacet
facet normal 0 0 0
 outer loop
  vertex -7.071067811865475 7.0710678118654755 -1.8
  vertex -7.93353340291235 6.087614290087209 -1.8
  vertex -8.480019125726077 6.50694753374737 -1.6629831585203159
 endloop
endfacet
facet normal 0 0 0
 outer loop
  vertex -7.071067811865475 7.0710678118654755 -1.8
  vertex -8.480019125726077 6.50694753374737 -1.6629831585203159
  vertex -7.558144301997052 7.558144301997053 -1.6629831585203159
 endloop
endfacet
facet normal 0 0 0
 outer loop
  vertex -7.558144301997052 7.558144301997053 -1.6629831585203159
  vertex -8.480019125726077 6.50694753374737 -1.6629831585203159
  vertex -8.943307351146826 6.862441092325591 -1.272792206135786
 endloop
endfacet
facet normal 0 0 0
 outer loop
  vertex -7.558144301997052 7.558144301997053 -1.6629831585203159
  vertex -8.943307351146826 6.862441092325591 -1.272792206135786
  vertex -7.971067811865474 7.971067811865475 -1.272792206135786
 endloop
endfacet
facet normal 0 0 0
 outer loop
  vertex -7.971067811865474 7.971067811865475 -1.272792206135786
  vertex -8.943307351146826 6.862441092325591 -1.272792206135786
  vertex -9.252866646572512 7.099974294085472 -0.6888301782571628
 endloop
endfacet
facet normal 0 0 0
 outer loop
  vertex -7.971067811865474 7.971067811865475 -1.272792206135786
  vertex -9.252866646572512 7.099974294085472 -0.6888301782571628
  vertex -8.246974480254213 8.246974480254215 -0.6888301782571628
 endloop
endfacet
facet normal 0 0 0
 outer loop
  vertex -8.246974480254213 8.246974480254215 -0.6888301782571628
  vertex -9.252866646572512 7.099974294085472 -0.6888301782571628
  vertex -9.361569415436573 7.183384862302907 -4.4087284769304716e-16
 endloop
endfacet
facet normal 0 0 0
 outer loop
  vertex -8.246974480254213 8.246974480254215 -0.6888301782571628
  vertex -9.361569415436573 7.183384862302907 -4.4087284769304716e-16
  vertex -8.34386001800126 8.343860018001262 -4.4087284769304716e-16
 endloop
endfacet
facet normal 0 0 0
 outer loop
  vertex -9.361569415436573 7.183384862302907 0
  vertex -10.219099764656377 5.8999999999999995 0
  vertex -10.100439699188664 5.831491579260157 0.6888301782571616
 endloop
endfacet
facet normal 0 0 0
 outer loop
  vertex -9.361569415436573 7.183384862302907 0
  vertex -10.100439699188664 5.831491579260157 0.6888301782571616
  vertex -9.252866646572512 7.099974294085472 0.6888301782571616
 endloop
endfacet
facet normal 0 0 0
 outer loop
  vertex -9.252866646572512 7.099974294085472 0.6888301782571616
  vertex -10.100439699188664 5.831491579260157 0.6888301782571616
  vertex -9.762524422096819 5.636396103067892 1.2727922061357855
 endloop
endfacet
facet normal 0 0 0
 outer loop
  vertex -9.252866646572512 7.099974294085472 0.6888301782571616
  vertex -9.762524422096819 5.636396103067892 1.2727922061357855
  vertex -8.943307351146826 6.862441092325593 1.2727922061357855
 endloop
endfacet
facet normal 0 0 0
 outer loop
  vertex -8.943307351146826 6.862441092325593 1.2727922061357855
  vertex -9.762524422096819 5.636396103067892 1.2727922061357855
  vertex -9.256798471108452 5.34441508912858 1.662983158520316
 endloop
endfacet
facet normal 0 0 0
 outer loop
  vertex -8.943307351146826 6.862441092325593 1.2727922061357855
  vertex -9.256798471108452 5.34441508912858 1.662983158520316
  vertex -8.480019125726077 6.50694753374737 1.662983158520316
 endloop
endfacet
facet normal 0 0 0
 outer loop
  vertex -8.480019125726077 6.50694753374737 1.662983158520316
  vertex -9.256798471108452 5.34441508912858 1.662983158520316
  vertex -8.660254037844387 4.999999999999999 1.8
 endloop
endfacet
facet normal 0 0 0
 outer loop
  vertex -8.480019125726077 6.50694753374737 1.662983158520316
  vertex -8.660254037844387 4.999999999999999 1.8
  vertex -7.93353340291235 6.087614290087209 1.8
 endloop
endfacet
facet normal 0 0 0
 outer loop
  vertex -7.93353340291235 6.087614290087209 1.8
  vertex -8.660254037844387 4.999999999999999 1.8
  vertex -8.063709604580323 4.6555849108714185 1.662983158520316
 endloop
endfacet
facet normal 0 0 0
 outer loop
  vertex -7.93353340291235 6.087614290087209 1.8
  vertex -8.063709604580323 4.6555849108714185 1.662983158520316
  vertex -7.3870476800986244 5.668281046427047 1.662983158520316
 endloop
endfacet
facet normal 0 0 0
 outer loop
  vertex -7.3870476800986244 5.668281046427047 1.662983158520316
  vertex -8.063709604580323 4.6555849108714185 1.662983158520316
  vertex -7.557983653591958 4.363603896932107 1.2727922061357857
 endloop
endfacet
facet normal 0 0 0
 outer loop
  vertex -7.3870476800986244 5.668281046427047 1.662983158520316
  vertex -7.557983653591958 4.363603896932107 1.2727922061357857
  vertex -6.923759454677875 5.312787487848826 1.2727922061357857
 endloop
endfacet
facet normal 0 0 0
 outer loop
  vertex -6.923759454677875 5.312787487848826 1.2727922061357857
  vertex -7.557983653591958 4.363603896932107 1.2727922061357857
  vertex -7.22006837650011 4.168508420739841 0.6888301782571619
 endloop
endfacet
facet normal 0 0 0
 outer loop
  vertex -6.923759454677875 5.312787487848826 1.2727922061357857
  vertex -7.22006837650011 4.168508420739841 0.6888301782571619
  vertex -6.6142001592521895 5.075254286088946 0.6888301782571619
 endloop
endfacet
facet normal 0 0 0
 outer loop
  vertex -6.6142001592521895 5.075254286088946 0.6888301782571619
  vertex -7.22006837650011 4.168508420739841 0.6888301782571619
  vertex -7.1014083110323964 4.099999999999999 2.2043642384652358e-16
 endloop
endfacet
facet normal 0 0 0
 outer loop
  vertex -6.6142001592521895 5.075254286088946 0.6888301782571619
  vertex -7.1014083110323964 4.099999999999999 2.2043642384652358e-16
  vertex -6.505497390388127 4.991843717871511 2.2043642384652358e-16
 endloop
endfacet
facet normal 0 0 0
 outer loop
  vertex -6.505497390388127 4.991843717871511 2.2043642384652358e-16
  vertex -7.1014083110323964 4.099999999999999 2.2043642384652358e-16
  vertex -7.22006837650011 4.168508420739841 -0.6888301782571614
 endloop
endfacet
facet normal 0 0 0
 outer loop
  vertex -6.505497390388127 4.991843717871511 2.2043642384652358e-16
  vertex -7.22006837650011 4.168508420739841 -0.6888301782571614
  vertex -6.6142001592521895 5.075254286088946 -0.6888301782571614
 endloop
endfacet
facet normal 0 0 0
 outer loop
  vertex -6.6142001592521895 5.075254286088946 -0.6888301782571614
  vertex -7.22006837650011 4.168508420739841 -0.6888301782571614
  vertex -7.557983653591956 4.363603896932106 -1.2727922061357855
 endloop
endfacet
facet normal 0 0 0
 outer loop
  vertex -6.6142001592521895 5.075254286088946 -0.6888301782571614
  vertex -7.557983653591956 4.363603896932106 -1.2727922061357855
  vertex -6.9237594546778745 5.312787487848825 -1.2727922061357855
 endloop
endfacet
facet normal 0 0 0
 outer loop
  vertex -6.9237594546778745 5.312787487848825 -1.2727922061357855
  vertex -7.557983653591956 4.363603896932106 -1.2727922061357855
  vertex -8.063709604580321 4.655584910871418 -1.6629831585203159
 endloop
endfacet
facet normal 0 0 0
 outer loop
  vertex -6.9237594546778745 5.312787487848825 -1.2727922061357855
  vertex -8.063709604580321 4.655584910871418 -1.6629831585203159
  vertex -7.387047680098624 5.6682810464270466 -1.6629831585203159
 endloop
endfacet
facet normal 0 0 0
 outer loop
  vertex -7.387047680098624 5.6682810464270466 -1.6629831585203159
  vertex -8.063709604580321 4.655584910871418 -1.6629831585203159
  vertex -8.660254037844387 4.999999999999999 -1.8
 endloop
endfacet
facet normal 0 0 0
 outer loop
  vertex -7.387047680098624 5.6682810464270466 -1.6629831585203159
  vertex -8.660254037844387 4.999999999999999 -1.8
  vertex -7.93353340291235 6.087614290087209 -1.8
 endloop
endfacet
facet normal 0 0 0
 outer loop
  vertex -7.93353340291235 6.087614290087209 -1.8
  vertex -8.660254037844387 4.999999999999999 -1.8
  vertex -9.256798471108452 5.34441508912858 -1.6629831585203159
 endloop
endfacet
facet normal 0 0 0
 outer loop
  vertex -7.93353340291235 6.087614290087209 -1.8
  vertex -9.256798471108452 5.34441508912858 -1.6629831585203159
  vertex -8.480019125726077 6.50694753374737 -1.6629831585203159
 endloop
endfacet
facet normal 0 0 0
 outer loop
  vertex -8.480019125726077 6.50694753374737 -1.6629831585203159
  vertex -9.256798471108452 5.34441508912858 -1.6629831585203159
  vertex -9.762524422096817 5.6363961030678915 -1.272792206135786
 endloop
endfacet
facet normal 0 0 0
 outer loop
  vertex -8.480019125726077 6.50694753374737 -1.6629831585203159
  vertex -9.762524422096817 5.6363961030678915 -1.272792206135786
  vertex -8.943307351146826 6.862441092325591 -1.272792206135786
 endloop
endfacet
facet normal 0 0 0
 outer loop
  vertex -8.943307351146826 6.862441092325591 -1.272792206135786
  vertex -9.762524422096817 5.6363961030678915 -1.272792206135786
  vertex -10.100439699188664 5.831491579260157 -0.6888301782571628
 endloop
endfacet
facet normal 0 0 0
 outer loop
  vertex -8.943307351146826 6.862441092325591 -1.272792206135786
  vertex -10.100439699188664 5.831491579260157 -0.6888301782571628
  vertex -9.252866646572512 7.099974294085472 -0.6888301782571628
 endloop
endfacet
facet normal 0 0 0
 outer loop
  vertex -9.252866646572512 7.099974294085472 -0.6888301782571628
  vertex -10.100439699188664 5.831491579260157 -0.6888301782571628
  vertex -10.219099764656377 5.8999999999999995 -4.4087284769304716e-16
 endloop
endfacet
facet normal 0 0 0
 outer loop
  vertex -9.252866646572512 7.099974294085472 -0.6888301782571628
  vertex -10.219099764656377 5.8999999999999995 -4.4087284769304716e-16
  vertex -9.361569415436573 7.183384862302907 -4.4087284769304716e-16
 endloop
endfacet
facet normal 0 0 0
 outer loop
  vertex -10.219099764656377 5.8999999999999995 0
  vertex -10.901778483633183 4.515664501908061 0
  vertex -10.77519142818076 4.463230426718792 0.6888301782571616
 endloop
endfacet
facet normal 0 0 0
 outer loop
  vertex -10.219099764656377 5.8999999999999995 0
  vertex -10.77519142818076 4.463230426718792 0.6888301782571616
  vertex -10.100439699188664 5.831491579260157 0.6888301782571616
 endloop
endfacet
facet normal 0 0 0
 outer loop
  vertex -10.100439699188664 5.831491579260157 0.6888301782571616
  vertex -10.77519142818076 4.463230426718792 0.6888301782571616
  vertex -10.414701993501607 4.313910813782477 1.2727922061357855
 endloop
endfacet
facet normal 0 0 0
 outer loop
  vertex -10.100439699188664 5.831491579260157 0.6888301782571616
  vertex -10.414701993501607 4.313910813782477 1.2727922061357855
  vertex -9.762524422096819 5.636396103067892 1.2727922061357855
 endloop
endfacet
facet normal 0 0 0
 outer loop
  vertex -9.762524422096819 5.636396103067892 1.2727922061357855
  vertex -10.414701993501607 4.313910813782477 1.2727922061357855
  vertex -9.87519142818076 4.090438220583006 1.662983158520316
 endloop
endfacet
facet normal 0 0 0
 outer loop
  vertex -9.762524422096819 5.636396103067892 1.2727922061357855
  vertex -9.87519142818076 4.090438220583006 1.662983158520316
  vertex -9.256798471108452 5.34441508912858 1.662983158520316
 endloop
endfacet
facet normal 0 0 0
 outer loop
  vertex -9.256798471108452 5.34441508912858 1.662983158520316
  vertex -9.87519142818076 4.090438220583006 1.662983158520316
  vertex -9.238795325112868 3.826834323650899 1.8
 endloop
endfacet
facet normal 0 0 0
 outer loop
  vertex -9.256798471108452 5.34441508912858 1.662983158520316
  vertex -9.238795325112868 3.826834323650899 1.8
  vertex -8.660254037844387 4.999999999999999 1.8
 endloop
endfacet
facet normal 0 0 0
 outer loop
  vertex -8.660254037844387 4.999999999999999 1.8
  vertex -9.238795325112868 3.826834323650899 1.8
  vertex -8.602399222044975 3.5632304267187918 1.662983158520316
 endloop
endfacet
facet normal 0 0 0
 outer loop
  vertex -8.660254037844387 4.999999999999999 1.8
  vertex -8.602399222044975 3.5632304267187918 1.662983158520316
  vertex -8.063709604580323 4.6555849108714185 1.662983158520316
 endloop
endfacet
facet normal 0 0 0
 outer loop
  vertex -8.063709604580323 4.6555849108714185 1.662983158520316
  vertex -8.602399222044975 3.5632304267187918 1.662983158520316
  vertex -8.062888656724128 3.3397578335193217 1.2727922061357857
 endloop
endfacet
facet normal 0 0 0
 outer loop
  vertex -8.063709604580323 4.6555849108714185 1.662983158520316
  vertex -8.062888656724128 3.3397578335193217 1.2727922061357857
  vertex -7.557983653591958 4.363603896932107 1.2727922061357857
 endloop
endfacet
facet normal 0 0 0
 outer loop
  vertex -7.557983653591958 4.363603896932107 1.2727922061357857
  vertex -8.062888656724128 3.3397578335193217 1.2727922061357857
  vertex -7.702399222044975 3.190438220583006 0.6888301782571619
 endloop
endfacet
facet normal 0 0 0
 outer loop
  vertex -7.557983653591958 4.363603896932107 1.2727922061357857
  vertex -7.702399222044975 3.190438220583006 0.6888301782571619
  vertex -7.22006837650011 4.168508420739841 0.6888301782571619
 endloop
endfacet
facet normal 0 0 0
 outer loop
  vertex -7.22006837650011 4.168508420739841 0.6888301782571619
  vertex -7.702399222044975 3.190438220583006 0.6888301782571619
  vertex -7.57581216659255 3.138004145393737 2.2043642384652358e-16
 endloop
endfacet
facet normal 0 0 0
 outer loop
  vertex -7.22006837650011 4.168508420739841 0.6888301782571619
  vertex -7.57581216659255 3.138004145393737 2.2043642384652358e-16
  vertex -7.1014083110323964 4.099999999999999 2.2043642384652358e-16
 endloop
endfacet
facet normal 0 0 0
 outer loop
  vertex -7.1014083110323964 4.099999999999999 2.2043642384652358e-16
  vertex -7.57581216659255 3.138004145393737 2.2043642384652358e-16
  vertex -7.702399222044975 3.190438220583006 -0.6888301782571614
 endloop
endfacet
facet normal 0 0 0
 outer loop
  vertex -7.1014083110323964 4.099999999999999 2.2043642384652358e-16
  vertex -7.702399222044975 3.190438220583006 -0.6888301782571614
  vertex -7.22006837650011 4.168508420739841 -0.6888301782571614
 endloop
endfacet
facet normal 0 0 0
 outer loop
  vertex -7.22006837650011 4.168508420739841 -0.6888301782571614
  vertex -7.702399222044975 3.190438220583006 -0.6888301782571614
  vertex -8.062888656724127 3.339757833519321 -1.2727922061357855
 endloop
endfacet
facet normal 0 0 0
 outer loop
  vertex -7.22006837650011 4.168508420739841 -0.6888301782571614
  vertex -8.062888656724127 3.339757833519321 -1.2727922061357855
  vertex -7.557983653591956 4.363603896932106 -1.2727922061357855
 endloop
endfacet
facet normal 0 0 0
 outer loop
  vertex -7.557983653591956 4.363603896932106 -1.2727922061357855
  vertex -8.062888656724127 3.339757833519321 -1.2727922061357855
  vertex -8.602399222044973 3.563230426718791 -1.6629831585203159
 endloop
endfacet
facet normal 0 0 0
 outer loop
  vertex -7.557983653591956 4.363603896932106 -1.2727922061357855
  vertex -8.602399222044973 3.563230426718791 -1.6629831585203159
  vertex -8.063709604580321 4.655584910871418 -1.6629831585203159
 endloop
endfacet
facet normal 0 0 0
 outer loop
  vertex -8.063709604580321 4.655584910871418 -1.6629831585203159
  vertex -8.602399222044973 3.563230426718791 -1.6629831585203159
  vertex -9.238795325112868 3.826834323650899 -1.8
 endloop
endfacet
facet normal 0 0 0
 outer loop
  vertex -8.063709604580321 4.655584910871418 -1.6629831585203159
  vertex -9.238795325112868 3.826834323650899 -1.8
  vertex -8.660254037844387 4.999999999999999 -1.8
 endloop
endfacet
facet normal 0 0 0
 outer loop
  vertex -8.660254037844387 4.999999999999999 -1.8
  vertex -9.238795325112868 3.826834323650899 -1.8
  vertex -9.87519142818076 4.090438220583006 -1.6629831585203159
 endloop
endfacet
facet normal 0 0 0
 outer loop
  vertex -8.660254037844387 4.999999999999999 -1.8
  vertex -9.87519142818076 4.090438220583006 -1.6629831585203159
  vertex -9.256798471108452 5.34441508912858 -1.6629831585203159
 endloop
endfacet
facet normal 0 0 0
 outer loop
  vertex -9.256798471108452 5.34441508912858 -1.6629831585203159
  vertex -9.87519142818076 4.090438220583006 -1.6629831585203159
  vertex -10.414701993501605 4.313910813782476 -1.272792206135786
 endloop
endfacet
facet normal 0 0 0
 outer loop
  vertex -9.256798471108452 5.34441508912858 -1.6629831585203159
  vertex -10.414701993501605 4.313910813782476 -1.272792206135786
  vertex -9.762524422096817 5.6363961030678915 -1.272792206135786
 endloop
endfacet
facet normal 0 0 0
 outer loop
  vertex -9.762524422096817 5.6363961030678915 -1.272792206135786
  vertex -10.414701993501605 4.313910813782476 -1.272792206135786
  vertex -10.77519142818076 4.463230426718792 -0.6888301782571628
 endloop
endfacet
facet normal 0 0 0
 outer loop
  vertex -9.762524422096817 5.6363961030678915 -1.272792206135786
  vertex -10.77519142818076 4.463230426718792 -0.6888301782571628
  vertex -10.100439699188664 5.831491579260157 -0.6888301782571628
 endloop
endfacet
facet normal 0 0 0
 outer loop
  vertex -10.100439699188664 5.831491579260157 -0.6888301782571628
  vertex -10.77519142818076 4.463230426718792 -0.6888301782571628
  vertex -10.901778483633183 4.515664501908061 -4.4087284769304716e-16
 endloop
endfacet
facet normal 0 0 0
 outer loop
  vertex -10.100439699188664 5.831491579260157 -0.6888301782571628
  vertex -10.901778483633183 4.515664501908061 -4.4087284769304716e-16
  vertex -10.219099764656377 5.8999999999999995 -4.4087284769304716e-16
 endloop
endfacet
facet normal 0 0 0
 outer loop
  vertex -10.901778483633183 4.515664501908061 0
  vertex -11.397924750211006 3.0540647322097483 0
  vertex -11.265576644389222 3.0186021641350127 0.6888301782571616
 endloop
endfacet
facet normal 0 0 0
 outer loop
  vertex -10.901778483633183 4.515664501908061 0
  vertex -11.265576644389222 3.0186021641350127 0.6888301782571616
  vertex -10.77519142818076 4.463230426718792 0.6888301782571616
 endloop
endfacet
facet normal 0 0 0
 outer loop
  vertex -10.77519142818076 4.463230426718792 0.6888301782571616
  vertex -11.265576644389222 3.0186021641350127 0.6888301782571616
  vertex -10.888681126296678 2.9176133144312058 1.2727922061357855
 endloop
endfacet
facet normal 0 0 0
 outer loop
  vertex -10.77519142818076 4.463230426718792 0.6888301782571616
  vertex -10.888681126296678 2.9176133144312058 1.2727922061357855
  vertex -10.414701993501607 4.313910813782477 1.2727922061357855
 endloop
endfacet
facet normal 0 0 0
 outer loop
  vertex -10.414701993501607 4.313910813782477 1.2727922061357855
  vertex -10.888681126296678 2.9176133144312058 1.2727922061357855
  vertex -10.324617121996576 2.766472819999528 1.662983158520316
 endloop
endfacet
facet normal 0 0 0
 outer loop
  vertex -10.414701993501607 4.313910813782477 1.2727922061357855
  vertex -10.324617121996576 2.766472819999528 1.662983158520316
  vertex -9.87519142818076 4.090438220583006 1.662983158520316
 endloop
endfacet
facet normal 0 0 0
 outer loop
  vertex -9.87519142818076 4.090438220583006 1.662983158520316
  vertex -10.324617121996576 2.766472819999528 1.662983158520316
  vertex -9.659258262890681 2.58819045102521 1.8
 endloop
endfacet
facet normal 0 0 0
 outer loop
  vertex -9.87519142818076 4.090438220583006 1.662983158520316
  vertex -9.659258262890681 2.58819045102521 1.8
  vertex -9.238795325112868 3.826834323650899 1.8
 endloop
endfacet
facet normal 0 0 0
 outer loop
  vertex -9.238795325112868 3.826834323650899 1.8
  vertex -9.659258262890681 2.58819045102521 1.8
  vertex -8.993899403784788 2.4099080820508925 1.662983158520316
 endloop
endfacet
facet normal 0 0 0
 outer loop
  vertex -9.238795325112868 3.826834323650899 1.8
  vertex -8.993899403784788 2.4099080820508925 1.662983158520316
  vertex -8.602399222044975 3.5632304267187918 1.662983158520316
 endloop
endfacet
facet normal 0 0 0
 outer loop
  vertex -8.602399222044975 3.5632304267187918 1.662983158520316
  vertex -8.993899403784788 2.4099080820508925 1.662983158520316
  vertex -8.429835399484688 2.2587675876192153 1.2727922061357857
 endloop
endfacet
facet normal 0 0 0
 outer loop
  vertex -8.602399222044975 3.5632304267187918 1.662983158520316
  vertex -8.429835399484688 2.2587675876192153 1.2727922061357857
  vertex -8.062888656724128 3.3397578335193217 1.2727922061357857
 endloop
endfacet
facet normal 0 0 0
 outer loop
  vertex -8.062888656724128 3.3397578335193217 1.2727922061357857
  vertex -8.429835399484688 2.2587675876192153 1.2727922061357857
  vertex -8.052939881392142 2.157778737915408 0.6888301782571619
 endloop
endfacet
facet normal 0 0 0
 outer loop
  vertex -8.062888656724128 3.3397578335193217 1.2727922061357857
  vertex -8.052939881392142 2.157778737915408 0.6888301782571619
  vertex -7.702399222044975 3.190438220583006 0.6888301782571619
 endloop
endfacet
facet normal 0 0 0
 outer loop
  vertex -7.702399222044975 3.190438220583006 0.6888301782571619
  vertex -8.052939881392142 2.157778737915408 0.6888301782571619
  vertex -7.920591775570359 2.1223161698406723 2.2043642384652358e-16
 endloop
endfacet
facet normal 0 0 0
 outer loop
  vertex -7.702399222044975 3.190438220583006 0.6888301782571619
  vertex -7.920591775570359 2.1223161698406723 2.2043642384652358e-16
  vertex -7.57581216659255 3.138004145393737 2.2043642384652358e-16
 endloop
endfacet
facet normal 0 0 0
 outer loop
  vertex -7.57581216659255 3.138004145393737 2.2043642384652358e-16
  vertex -7.920591775570359 2.1223161698406723 2.2043642384652358e-16
  vertex -8.052939881392142 2.157778737915408 -0.6888301782571614
 endloop
endfacet
facet normal 0 0 0
 outer loop
  vertex -7.57581216659255 3.138004145393737 2.2043642384652358e-16
  vertex -8.052939881392142 2.157778737915408 -0.6888301782571614
  vertex -7.702399222044975 3.190438220583006 -0.6888301782571614
 endloop
endfacet
facet normal 0 0 0
 outer loop
  vertex -7.702399222044975 3.190438220583006 -0.6888301782571614
  vertex -8.052939881392142 2.157778737915408 -0.6888301782571614
  vertex -8.429835399484686 2.258767587619215 -1.2727922061357855
 endloop
endfacet
facet normal 0 0 0
 outer loop
  vertex -7.702399222044975 3.190438220583006 -0.6888301782571614
  vertex -8.429835399484686 2.258767587619215 -1.2727922061357855
  vertex -8.062888656724127 3.339757833519321 -1.2727922061357855
 endloop
endfacet
facet normal 0 0 0
 outer loop
  vertex -8.062888656724127 3.339757833519321 -1.2727922061357855
  vertex -8.429835399484686 2.258767587619215 -1.2727922061357855
  vertex -8.993899403784786 2.409908082050892 -1.6629831585203159
 endloop
endfacet
facet normal 0 0 0
 outer loop
  vertex -8.062888656724127 3.339757833519321 -1.2727922061357855
  vertex -8.993899403784786 2.409908082050892 -1.6629831585203159
  vertex -8.602399222044973 3.563230426718791 -1.6629831585203159
 endloop
endfacet
facet normal 0 0 0
 outer loop
  vertex -8.602399222044973 3.563230426718791 -1.6629831585203159
  vertex -8.993899403784786 2.409908082050892 -1.6629831585203159
  vertex -9.659258262890681 2.58819045102521 -1.8
 endloop
endfacet
facet normal 0 0 0
 outer loop
  vertex -8.602399222044973 3.563230426718791 -1.6629831585203159
  vertex -9.659258262890681 2.58819045102521 -1.8
  vertex -9.238795325112868 3.826834323650899 -1.8
 endloop
endfacet
facet normal 0 0 0
 outer loop
  vertex -9.238795325112868 3.826834323650899 -1.8
  vertex -9.659258262890681 2.58819045102521 -1.8
  vertex -10.324617121996576 2.766472819999528 -1.6629831585203159
 endloop
endfacet
facet normal 0 0 0
 outer loop
  vertex -9.238795325112868 3.826834323650899 -1.8
  vertex -10.324617121996576 2.766472819999528 -1.6629831585203159
  vertex -9.87519142818076 4.090438220583006 -1.6629831585203159
 endloop
endfacet
facet normal 0 0 0
 outer loop
  vertex -9.87519142818076 4.090438220583006 -1.6629831585203159
  vertex -10.324617121996576 2.766472819999528 -1.6629831585203159
  vertex -10.888681126296676 2.9176133144312053 -1.272792206135786
 endloop
endfacet
facet normal 0 0 0
 outer loop
  vertex -9.87519142818076 4.090438220583006 -1.6629831585203159
  vertex -10.888681126296676 2.9176133144312053 -1.272792206135786
  vertex -10.414701993501605 4.313910813782476 -1.272792206135786
 endloop
endfacet
facet normal 0 0 0
 outer loop
  vertex -10.414701993501605 4.313910813782476 -1.272792206135786
  vertex -10.888681126296676 2.9176133144312053 -1.272792206135786
  vertex -11.265576644389222 3.0186021641350127 -0.6888301782571628
 endloop
endfacet
facet normal 0 0 0
 outer loop
  vertex -10.414701993501605 4.313910813782476 -1.272792206135786
  vertex -11.265576644389222 3.0186021641350127 -0.6888301782571628
  vertex -10.77519142818076 4.463230426718792 -0.6888301782571628
 endloop
endfacet
facet normal 0 0 0
 outer loop
  vertex -10.77519142818076 4.463230426718792 -0.6888301782571628
  vertex -11.265576644389222 3.0186021641350127 -0.6888301782571628
  vertex -11.397924750211006 3.0540647322097483 -4.4087284769304716e-16
 endloop
endfacet
facet normal 0 0 0
 outer loop
  vertex -10.77519142818076 4.463230426718792 -0.6888301782571628
  vertex -11.397924750211006 3.0540647322097483 -4.4087284769304716e-16
  vertex -10.901778483633183 4.515664501908061 -4.4087284769304716e-16
 endloop
endfacet
facet normal 0 0 0
 outer loop
  vertex -11.397924750211006 3.0540647322097483 0
  vertex -11.699049364210964 1.5402090681966136 0
  vertex -11.56320472080426 1.522324781608252 0.6888301782571616
 endloop
endfacet
facet normal 0 0 0
 outer loop
  vertex -11.397924750211006 3.0540647322097483 0
  vertex -11.56320472080426 1.522324781608252 0.6888301782571616
  vertex -11.265576644389222 3.0186021641350127 0.6888301782571616
 endloop
endfacet
facet normal 0 0 0
 outer loop
  vertex -11.265576644389222 3.0186021641350127 0.6888301782571616
  vertex -11.56320472080426 1.522324781608252 0.6888301782571616
  vertex -11.176351906108065 1.4713946423547837 1.2727922061357855
 endloop
endfacet
facet normal 0 0 0
 outer loop
  vertex -11.265576644389222 3.0186021641350127 0.6888301782571616
  vertex -11.176351906108065 1.4713946423547837 1.2727922061357855
  vertex -10.888681126296678 2.9176133144312058 1.2727922061357855
 endloop
endfacet
facet normal 0 0 0
 outer loop
  vertex -10.888681126296678 2.9176133144312058 1.2727922061357855
  vertex -11.176351906108065 1.4713946423547837 1.2727922061357855
  vertex -10.597385754330372 1.3951723024546867 1.662983158520316
 endloop
endfacet
facet normal 0 0 0
 outer loop
  vertex -10.888681126296678 2.9176133144312058 1.2727922061357855
  vertex -10.597385754330372 1.3951723024546867 1.662983158520316
  vertex -10.324617121996576 2.766472819999528 1.662983158520316
 endloop
endfacet
facet normal 0 0 0
 outer loop
  vertex -10.324617121996576 2.766472819999528 1.662983158520316
  vertex -10.597385754330372 1.3951723024546867 1.662983158520316
  vertex -9.914448613738104 1.30526192220052 1.8
 endloop
endfacet
facet normal 0 0 0
 outer loop
  vertex -10.324617121996576 2.766472819999528 1.662983158520316
  vertex -9.914448613738104 1.30526192220052 1.8
  vertex -9.659258262890681 2.58819045102521 1.8
 endloop
endfacet
facet normal 0 0 0
 outer loop
  vertex -9.659258262890681 2.58819045102521 1.8
  vertex -9.914448613738104 1.30526192220052 1.8
  vertex -9.231511473145835 1.215351541946353 1.662983158520316
 endloop
endfacet
facet normal 0 0 0
 outer loop
  vertex -9.659258262890681 2.58819045102521 1.8
  vertex -9.231511473145835 1.215351541946353 1.662983158520316
  vertex -8.993899403784788 2.4099080820508925 1.662983158520316
 endloop
endfacet
facet normal 0 0 0
 outer loop
  vertex -8.993899403784788 2.4099080820508925 1.662983158520316
  vertex -9.231511473145835 1.215351541946353 1.662983158520316
  vertex -8.652545321368144 1.1391292020462565 1.2727922061357857
 endloop
endfacet
facet normal 0 0 0
 outer loop
  vertex -8.993899403784788 2.4099080820508925 1.662983158520316
  vertex -8.652545321368144 1.1391292020462565 1.2727922061357857
  vertex -8.429835399484688 2.2587675876192153 1.2727922061357857
 endloop
endfacet
facet normal 0 0 0
 outer loop
  vertex -8.429835399484688 2.2587675876192153 1.2727922061357857
  vertex -8.652545321368144 1.1391292020462565 1.2727922061357857
  vertex -8.265692506671948 1.088199062792788 0.6888301782571619
 endloop
endfacet
facet normal 0 0 0
 outer loop
  vertex -8.429835399484688 2.2587675876192153 1.2727922061357857
  vertex -8.265692506671948 1.088199062792788 0.6888301782571619
  vertex -8.052939881392142 2.157778737915408 0.6888301782571619
 endloop
endfacet
facet normal 0 0 0
 outer loop
  vertex -8.052939881392142 2.157778737915408 0.6888301782571619
  vertex -8.265692506671948 1.088199062792788 0.6888301782571619
  vertex -8.129847863265244 1.0703147762044263 2.2043642384652358e-16
 endloop
endfacet
facet normal 0 0 0
 outer loop
  vertex -8.052939881392142 2.157778737915408 0.6888301782571619
  vertex -8.129847863265244 1.0703147762044263 2.2043642384652358e-16
  vertex -7.920591775570359 2.1223161698406723 2.2043642384652358e-16
 endloop
endfacet
facet normal 0 0 0
 outer loop
  vertex -7.920591775570359 2.1223161698406723 2.2043642384652358e-16
  vertex -8.129847863265244 1.0703147762044263 2.2043642384652358e-16
  vertex -8.265692506671948 1.088199062792788 -0.6888301782571614
 endloop
endfacet
facet normal 0 0 0
 outer loop
  vertex -7.920591775570359 2.1223161698406723 2.2043642384652358e-16
  vertex -8.265692506671948 1.088199062792788 -0.6888301782571614
  vertex -8.052939881392142 2.157778737915408 -0.6888301782571614
 endloop
endfacet
facet normal 0 0 0
 outer loop
  vertex -8.052939881392142 2.157778737915408 -0.6888301782571614
  vertex -8.265692506671948 1.088199062792788 -0.6888301782571614
  vertex -8.652545321368143 1.1391292020462562 -1.2727922061357855
 endloop
endfacet
facet normal 0 0 0
 outer loop
  vertex -8.052939881392142 2.157778737915408 -0.6888301782571614
  vertex -8.652545321368143 1.1391292020462562 -1.2727922061357855
  vertex -8.429835399484686 2.258767587619215 -1.2727922061357855
 endloop
endfacet
facet normal 0 0 0
 outer loop
  vertex -8.429835399484686 2.258767587619215 -1.2727922061357855
  vertex -8.652545321368143 1.1391292020462562 -1.2727922061357855
  vertex -9.231511473145833 1.2153515419463528 -1.6629831585203159
 endloop
endfacet
facet normal 0 0 0
 outer loop
  vertex -8.429835399484686 2.258767587619215 -1.2727922061357855
  vertex -9.231511473145833 1.2153515419463528 -1.6629831585203159
  vertex -8.993899403784786 2.409908082050892 -1.6629831585203159
 endloop
endfacet
facet normal 0 0 0
 outer loop
  vertex -8.993899403784786 2.409908082050892 -1.6629831585203159
  vertex -9.231511473145833 1.2153515419463528 -1.6629831585203159
  vertex -9.914448613738104 1.30526192220052 -1.8
 endloop
endfacet
facet normal 0 0 0
 outer loop
  vertex -8.993899403784786 2.409908082050892 -1.6629831585203159
  vertex -9.914448613738104 1.30526192220052 -1.8
  vertex -9.659258262890681 2.58819045102521 -1.8
 endloop
endfacet
facet normal 0 0 0
 outer loop
  vertex -9.659258262890681 2.58819045102521 -1.8
  vertex -9.914448613738104 1.30526192220052 -1.8
  vertex -10.597385754330372 1.3951723024546867 -1.6629831585203159
 endloop
endfacet
facet normal 0 0 0
 outer loop
  vertex -9.659258262890681 2.58819045102521 -1.8
  vertex -10.597385754330372 1.3951723024546867 -1.6629831585203159
  vertex -10.324617121996576 2.766472819999528 -1.6629831585203159
 endloop
endfacet
facet normal 0 0 0
 outer loop
  vertex -10.324617121996576 2.766472819999528 -1.6629831585203159
  vertex -10.597385754330372 1.3951723024546867 -1.6629831585203159
  vertex -11.176351906108064 1.4713946423547835 -1.272792206135786
 endloop
endfacet
facet normal 0 0 0
 outer loop
  vertex -10.324617121996576 2.766472819999528 -1.6629831585203159
  vertex -11.176351906108064 1.4713946423547835 -1.272792206135786
  vertex -10.888681126296676 2.9176133144312053 -1.272792206135786
 endloop
endfacet
facet normal 0 0 0
 outer loop
  vertex -10.888681126296676 2.9176133144312053 -1.272792206135786
  vertex -11.176351906108064 1.4713946423547835 -1.272792206135786
  vertex -11.56320472080426 1.522324781608252 -0.6888301782571628
 endloop
endfacet
facet normal 0 0 0
 outer loop
  vertex -10.888681126296676 2.9176133144312053 -1.272792206135786
  vertex -11.56320472080426 1.522324781608252 -0.6888301782571628
  vertex -11.265576644389222 3.0186021641350127 -0.6888301782571628
 endloop
endfacet
facet normal 0 0 0
 outer loop
  vertex -11.265576644389222 3.0186021641350127 -0.6888301782571628
  vertex -11.56320472080426 1.522324781608252 -0.6888301782571628
  vertex -11.699049364210964 1.5402090681966136 -4.4087284769304716e-16
 endloop
endfacet
facet normal 0 0 0
 outer loop
  vertex -11.265576644389222 3.0186021641350127 -0.6888301782571628
  vertex -11.699049364210964 1.5402090681966136 -4.4087284769304716e-16
  vertex -11.397924750211006 3.0540647322097483 -4.4087284769304716e-16
 endloop
endfacet
facet normal 0 0 0
 outer loop
  vertex -11.699049364210964 1.5402090681966136 0
  vertex -11.8 1.4450832229938768e-15 0
  vertex -11.662983158520316 1.4283034993591392e-15 0.6888301782571616
 endloop
endfacet
facet normal 0 0 0
 outer loop
  vertex -11.699049364210964 1.5402090681966136 0
  vertex -11.662983158520316 1.4283034993591392e-15 0.6888301782571616
  vertex -11.56320472080426 1.522324781608252 0.6888301782571616
 endloop
endfacet
facet normal 0 0 0
 outer loop
  vertex -11.56320472080426 1.522324781608252 0.6888301782571616
  vertex -11.662983158520316 1.4283034993591392e-15 0.6888301782571616
  vertex -11.272792206135787 1.3805188892697422e-15 1.2727922061357855
 endloop
endfacet
facet normal 0 0 0
 outer loop
  vertex -11.56320472080426 1.522324781608252 0.6888301782571616
  vertex -11.272792206135787 1.3805188892697422e-15 1.2727922061357855
  vertex -11.176351906108065 1.4713946423547837 1.2727922061357855
 endloop
endfacet
facet normal 0 0 0
 outer loop
  vertex -11.176351906108065 1.4713946423547837 1.2727922061357855
  vertex -11.272792206135787 1.3805188892697422e-15 1.2727922061357855
  vertex -10.688830178257161 1.3090041664432266e-15 1.662983158520316
 endloop
endfacet
facet normal 0 0 0
 outer loop
  vertex -11.176351906108065 1.4713946423547837 1.2727922061357855
  vertex -10.688830178257161 1.3090041664432266e-15 1.662983158520316
  vertex -10.597385754330372 1.3951723024546867 1.662983158520316
 endloop
endfacet
facet normal 0 0 0
 outer loop
  vertex -10.597385754330372 1.3951723024546867 1.662983158520316
  vertex -10.688830178257161 1.3090041664432266e-15 1.662983158520316
  vertex -10 1.2246467991473533e-15 1.8
 endloop
endfacet
facet normal 0 0 0
 outer loop
  vertex -10.597385754330372 1.3951723024546867 1.662983158520316
  vertex -10 1.2246467991473533e-15 1.8
  vertex -9.914448613738104 1.30526192220052 1.8
 endloop
endfacet
facet normal 0 0 0
 outer loop
  vertex -9.914448613738104 1.30526192220052 1.8
  vertex -10 1.2246467991473533e-15 1.8
  vertex -9.311169821742839 1.14028943185148e-15 1.662983158520316
 endloop
endfacet
facet normal 0 0 0
 outer loop
  vertex -9.914448613738104 1.30526192220052 1.8
  vertex -9.311169821742839 1.14028943185148e-15 1.662983158520316
  vertex -9.231511473145835 1.215351541946353 1.662983158520316
 endloop
endfacet
facet normal 0 0 0
 outer loop
  vertex -9.231511473145835 1.215351541946353 1.662983158520316
  vertex -9.311169821742839 1.14028943185148e-15 1.662983158520316
  vertex -8.727207793864215 1.0687747090249645e-15 1.2727922061357857
 endloop
endfacet
facet normal 0 0 0
 outer loop
  vertex -9.231511473145835 1.215351541946353 1.662983158520316
  vertex -8.727207793864215 1.0687747090249645e-15 1.2727922061357857
  vertex -8.652545321368144 1.1391292020462565 1.2727922061357857
 endloop
endfacet
facet normal 0 0 0
 outer loop
  vertex -8.652545321368144 1.1391292020462565 1.2727922061357857
  vertex -8.727207793864215 1.0687747090249645e-15 1.2727922061357857
  vertex -8.337016841479684 1.0209900989355671e-15 0.6888301782571619
 endloop
endfacet
facet normal 0 0 0
 outer loop
  vertex -8.652545321368144 1.1391292020462565 1.2727922061357857
  vertex -8.337016841479684 1.0209900989355671e-15 0.6888301782571619
  vertex -8.265692506671948 1.088199062792788 0.6888301782571619
 endloop
endfacet
facet normal 0 0 0
 outer loop
  vertex -8.265692506671948 1.088199062792788 0.6888301782571619
  vertex -8.337016841479684 1.0209900989355671e-15 0.6888301782571619
  vertex -8.2 1.0042103753008295e-15 2.2043642384652358e-16
 endloop
endfacet
facet normal 0 0 0
 outer loop
  vertex -8.265692506671948 1.088199062792788 0.6888301782571619
  vertex -8.2 1.0042103753008295e-15 2.2043642384652358e-16
  vertex -8.129847863265244 1.0703147762044263 2.2043642384652358e-16
 endloop
endfacet
facet normal 0 0 0
 outer loop
  vertex -8.129847863265244 1.0703147762044263 2.2043642384652358e-16
  vertex -8.2 1.0042103753008295e-15 2.2043642384652358e-16
  vertex -8.337016841479684 1.0209900989355671e-15 -0.6888301782571614
 endloop
endfacet
facet normal 0 0 0
 outer loop
  vertex -8.129847863265244 1.0703147762044263 2.2043642384652358e-16
  vertex -8.337016841479684 1.0209900989355671e-15 -0.6888301782571614
  vertex -8.265692506671948 1.088199062792788 -0.6888301782571614
 endloop
endfacet
facet normal 0 0 0
 outer loop
  vertex -8.265692506671948 1.088199062792788 -0.6888301782571614
  vertex -8.337016841479684 1.0209900989355671e-15 -0.6888301782571614
  vertex -8.727207793864213 1.0687747090249643e-15 -1.2727922061357855
 endloop
endfacet
facet normal 0 0 0
 outer loop
  vertex -8.265692506671948 1.088199062792788 -0.6888301782571614
  vertex -8.727207793864213 1.0687747090249643e-15 -1.2727922061357855
  vertex -8.652545321368143 1.1391292020462562 -1.2727922061357855
 endloop
endfacet
facet normal 0 0 0
 outer loop
  vertex -8.652545321368143 1.1391292020462562 -1.2727922061357855
  vertex -8.727207793864213 1.0687747090249643e-15 -1.2727922061357855
  vertex -9.311169821742837 1.1402894318514796e-15 -1.6629831585203159
 endloop
endfacet
facet normal 0 0 0
 outer loop
  vertex -8.652545321368143 1.1391292020462562 -1.2727922061357855
  vertex -9.311169821742837 1.1402894318514796e-15 -1.6629831585203159
  vertex -9.231511473145833 1.2153515419463528 -1.6629831585203159
 endloop
endfacet
facet normal 0 0 0
 outer loop
  vertex -9.231511473145833 1.2153515419463528 -1.6629831585203159
  vertex -9.311169821742837 1.1402894318514796e-15 -1.6629831585203159
  vertex -10 1.2246467991473533e-15 -1.8
 endloop
endfacet
facet normal 0 0 0
 outer loop
  vertex -9.231511473145833 1.2153515419463528 -1.6629831585203159
  vertex -10 1.2246467991473533e-15 -1.8
  vertex -9.914448613738104 1.30526192220052 -1.8
 endloop
endfacet
facet normal 0 0 0
 outer loop
  vertex -9.914448613738104 1.30526192220052 -1.8
  vertex -10 1.2246467991473533e-15 -1.8
  vertex -10.688830178257161 1.3090041664432266e-15 -1.6629831585203159
 endloop
endfacet
facet normal 0 0 0
 outer loop
  vertex -9.914448613738104 1.30526192220052 -1.8
  vertex -10.688830178257161 1.3090041664432266e-15 -1.6629831585203159
  vertex -10.597385754330372 1.3951723024546867 -1.6629831585203159
 endloop
endfacet
facet normal 0 0 0
 outer loop
  vertex -10.597385754330372 1.3951723024546867 -1.6629831585203159
  vertex -10.688830178257161 1.3090041664432266e-15 -1.6629831585203159
  vertex -11.272792206135785 1.380518889269742e-15 -1.272792206135786
 endloop
endfacet
facet normal 0 0 0
 outer loop
  vertex -10.597385754330372 1.3951723024546867 -1.6629831585203159
  vertex -11.272792206135785 1.380518889269742e-15 -1.272792206135786
  vertex -11.176351906108064 1.4713946423547835 -1.272792206135786
 endloop
endfacet
facet normal 0 0 0
 outer loop
  vertex -11.176351906108064 1.4713946423547835 -1.272792206135786
  vertex -11.272792206135785 1.380518889269742e-15 -1.272792206135786
  vertex -11.662983158520316 1.4283034993591392e-15 -0.6888301782571628
 endloop
endfacet
facet normal 0 0 0
 outer loop
  vertex -11.176351906108064 1.4713946423547835 -1.272792206135786
  vertex -11.662983158520316 1.4283034993591392e-15 -0.6888301782571628
  vertex -11.56320472080426 1.522324781608252 -0.6888301782571628
 endloop
endfacet
facet normal 0 0 0
 outer loop
  vertex -11.56320472080426 1.522324781608252 -0.6888301782571628
  vertex -11.662983158520316 1.4283034993591392e-15 -0.6888301782571628
  vertex -11.8 1.4450832229938768e-15 -4.4087284769304716e-16
 endloop
endfacet
facet normal 0 0 0
 outer loop
  vertex -11.56320472080426 1.522324781608252 -0.6888301782571628
  vertex -11.8 1.4450832229938768e-15 -4.4087284769304716e-16
  vertex -11.699049364210964 1.5402090681966136 -4.4087284769304716e-16
 endloop
endfacet
facet normal 0 0 0
 outer loop
  vertex -11.8 1.4450832229938768e-15 0
  vertex -11.699049364210964 -1.540209068196611 0
  vertex -11.56320472080426 -1.5223247816082492 0.6888301782571616
 endloop
endfacet
facet normal 0 0 0
 outer loop
  vertex -11.8 1.4450832229938768e-15 0
  vertex -11.56320472080426 -1.5223247816082492 0.6888301782571616
  vertex -11.662983158520316 1.4283034993591392e-15 0.6888301782571616
 endloop
endfacet
facet normal 0 0 0
 outer loop
  vertex -11.662983158520316 1.4283034993591392e-15 0.6888301782571616
  vertex -11.56320472080426 -1.5223247816082492 0.6888301782571616
  vertex -11.176351906108065 -1.471394642354781 1.2727922061357855
 endloop
endfacet
facet normal 0 0 0
 outer loop
  vertex -11.662983158520316 1.4283034993591392e-15 0.6888301782571616
  vertex -11.176351906108065 -1.471394642354781 1.2727922061357855
  vertex -11.272792206135787 1.3805188892697422e-15 1.2727922061357855
 endloop
endfacet
facet normal 0 0 0
 outer loop
  vertex -11.272792206135787 1.3805188892697422e-15 1.2727922061357855
  vertex -11.176351906108065 -1.471394642354781 1.2727922061357855
  vertex -10.597385754330372 -1.3951723024546845 1.662983158520316
 endloop
endfacet
facet normal 0 0 0
 outer loop
  vertex -11.272792206135787 1.3805188892697422e-15 1.2727922061357855
  vertex -10.597385754330372 -1.3951723024546845 1.662983158520316
  vertex -10.688830178257161 1.3090041664432266e-15 1.662983158520316
 endloop
endfacet
facet normal 0 0 0
 outer loop
  vertex -10.688830178257161 1.3090041664432266e-15 1.662983158520316
  vertex -10.597385754330372 -1.3951723024546845 1.662983158520316
  vertex -9.914448613738104 -1.3052619222005177 1.8
 endloop
endfacet
facet normal 0 0 0
 outer loop
  vertex -10.688830178257161 1.3090041664432266e-15 1.662983158520316
  vertex -9.914448613738104 -1.3052619222005177 1.8
  vertex -10 1.2246467991473533e-15 1.8
 endloop
endfacet
facet normal 0 0 0
 outer loop
  vertex -10 1.2246467991473533e-15 1.8
  vertex -9.914448613738104 -1.3052619222005177 1.8
  vertex -9.231511473145835 -1.215351541946351 1.662983158520316
 endloop
endfacet
facet normal 0 0 0
 outer loop
  vertex -10 1.2246467991473533e-15 1.8
  vertex -9.231511473145835 -1.215351541946351 1.662983158520316
  vertex -9.311169821742839 1.14028943185148e-15 1.662983158520316
 endloop
endfacet
facet normal 0 0 0
 outer loop
  vertex -9.311169821742839 1.14028943185148e-15 1.662983158520316
  vertex -9.231511473145835 -1.215351541946351 1.662983158520316
  vertex -8.652545321368144 -1.1391292020462545 1.2727922061357857
 endloop
endfacet
facet normal 0 0 0
 outer loop
  vertex -9.311169821742839 1.14028943185148e-15 1.662983158520316
  vertex -8.652545321368144 -1.1391292020462545 1.2727922061357857
  vertex -8.727207793864215 1.0687747090249645e-15 1.2727922061357857
 endloop
endfacet
facet normal 0 0 0
 outer loop
  vertex -8.727207793864215 1.0687747090249645e-15 1.2727922061357857
  vertex -8.652545321368144 -1.1391292020462545 1.2727922061357857
  vertex -8.265692506671948 -1.0881990627927862 0.6888301782571619
 endloop
endfacet
facet normal 0 0 0
 outer loop
  vertex -8.727207793864215 1.0687747090249645e-15 1.2727922061357857
  vertex -8.265692506671948 -1.0881990627927862 0.6888301782571619
  vertex -8.337016841479684 1.0209900989355671e-15 0.6888301782571619
 endloop
endfacet
facet normal 0 0 0
 outer loop
  vertex -8.337016841479684 1.0209900989355671e-15 0.6888301782571619
  vertex -8.265692506671948 -1.0881990627927862 0.6888301782571619
  vertex -8.129847863265244 -1.0703147762044245 2.2043642384652358e-16
 endloop
endfacet
facet normal 0 0 0
 outer loop
  vertex -8.337016841479684 1.0209900989355671e-15 0.6888301782571619
  vertex -8.129847863265244 -1.0703147762044245 2.2043642384652358e-16
  vertex -8.2 1.0042103753008295e-15 2.2043642384652358e-16
 endloop
endfacet
facet normal 0 0 0
 outer loop
  vertex -8.2 1.0042103753008295e-15 2.2043642384652358e-16
  vertex -8.129847863265244 -1.0703147762044245 2.2043642384652358e-16
  vertex -8.265692506671948 -1.0881990627927862 -0.6888301782571614
 endloop
endfacet
facet normal 0 0 0
 outer loop
  vertex -8.2 1.0042103753008295e-15 2.2043642384652358e-16
  vertex -8.265692506671948 -1.0881990627927862 -0.6888301782571614
  vertex -8.337016841479684 1.0209900989355671e-15 -0.6888301782571614
 endloop
endfacet
facet normal 0 0 0
 outer loop
  vertex -8.337016841479684 1.0209900989355671e-15 -0.6888301782571614
  vertex -8.265692506671948 -1.0881990627927862 -0.6888301782571614
  vertex -8.652545321368143 -1.1391292020462542 -1.2727922061357855
 endloop
endfacet
facet normal 0 0 0
 outer loop
  vertex -8.337016841479684 1.0209900989355671e-15 -0.6888301782571614
  vertex -8.652545321368143 -1.1391292020462542 -1.2727922061357855
  vertex -8.727207793864213 1.0687747090249643e-15 -1.2727922061357855
 endloop
endfacet
facet normal 0 0 0
 outer loop
  vertex -8.727207793864213 1.0687747090249643e-15 -1.2727922061357855
  vertex -8.652545321368143 -1.1391292020462542 -1.2727922061357855
  vertex -9.231511473145833 -1.2153515419463508 -1.6629831585203159
 endloop
endfacet
facet normal 0 0 0
 outer loop
  vertex -8.727207793864213 1.0687747090249643e-15 -1.2727922061357855
  vertex -9.231511473145833 -1.2153515419463508 -1.6629831585203159
  vertex -9.311169821742837 1.1402894318514796e-15 -1.6629831585203159
 endloop
endfacet
facet normal 0 0 0
 outer loop
  vertex -9.311169821742837 1.1402894318514796e-15 -1.6629831585203159
  vertex -9.231511473145833 -1.2153515419463508 -1.6629831585203159
  vertex -9.914448613738104 -1.3052619222005177 -1.8
 endloop
endfacet
facet normal 0 0 0
 outer loop
  vertex -9.311169821742837 1.1402894318514796e-15 -1.6629831585203159
  vertex -9.914448613738104 -1.3052619222005177 -1.8
  vertex -10 1.2246467991473533e-15 -1.8
 endloop
endfacet
facet normal 0 0 0
 outer loop
  vertex -10 1.2246467991473533e-15 -1.8
  vertex -9.914448613738104 -1.3052619222005177 -1.8
  vertex -10.597385754330372 -1.3951723024546845 -1.6629831585203159
 endloop
endfacet
facet normal 0 0 0
 outer loop
  vertex -10 1.2246467991473533e-15 -1.8
  vertex -10.597385754330372 -1.3951723024546845 -1.6629831585203159
  vertex -10.688830178257161 1.3090041664432266e-15 -1.6629831585203159
 endloop
endfacet
facet normal 0 0 0
 outer loop
  vertex -10.688830178257161 1.3090041664432266e-15 -1.6629831585203159
  vertex -10.597385754330372 -1.3951723024546845 -1.6629831585203159
  vertex -11.176351906108064 -1.4713946423547808 -1.272792206135786
 endloop
endfacet
facet normal 0 0 0
 outer loop
  vertex -10.688830178257161 1.3090041664432266e-15 -1.6629831585203159
  vertex -11.176351906108064 -1.4713946423547808 -1.272792206135786
  vertex -11.272792206135785 1.380518889269742e-15 -1.272792206135786
 endloop
endfacet
facet normal 0 0 0
 outer loop
  vertex -11.272792206135785 1.380518889269742e-15 -1.272792206135786
  vertex -11.176351906108064 -1.4713946423547808 -1.272792206135786
  vertex -11.56320472080426 -1.5223247816082492 -0.6888301782571628
 endloop
endfacet
facet normal 0 0 0
 outer loop
  vertex -11.272792206135785 1.380518889269742e-15 -1.272792206135786
  vertex -11.56320472080426 -1.5223247816082492 -0.6888301782571628
  vertex -11.662983158520316 1.4283034993591392e-15 -0.6888301782571628
 endloop
endfacet
facet normal 0 0 0
 outer loop
  vertex -11.662983158520316 1.4283034993591392e-15 -0.6888301782571628
  vertex -11.56320472080426 -1.5223247816082492 -0.6888301782571628
  vertex -11.699049364210964 -1.540209068196611 -4.4087284769304716e-16
 endloop
endfacet
facet normal 0 0 0
 outer loop
  vertex -11.662983158520316 1.4283034993591392e-15 -0.6888301782571628
  vertex -11.699049364210964 -1.540209068196611 -4.4087284769304716e-16
  vertex -11.8 1.4450832229938768e-15 -4.4087284769304716e-16
 endloop
endfacet
facet normal 0 0 0
 outer loop
  vertex -11.699049364210964 -1.540209068196611 0
  vertex -11.397924750211006 -3.0540647322097456 0
  vertex -11.265576644389224 -3.01860216413501 0.6888301782571616
 endloop
endfacet
facet normal 0 0 0
 outer loop
  vertex -11.699049364210964 -1.540209068196611 0
  vertex -11.265576644389224 -3.01860216413501 0.6888301782571616
  vertex -11.56320472080426 -1.5223247816082492 0.6888301782571616
 endloop
endfacet
facet normal 0 0 0
 outer loop
  vertex -11.56320472080426 -1.5223247816082492 0.6888301782571616
  vertex -11.265576644389224 -3.01860216413501 0.6888301782571616
  vertex -10.888681126296678 -2.917613314431203 1.2727922061357855
 endloop
endfacet
facet normal 0 0 0
 outer loop
  vertex -11.56320472080426 -1.5223247816082492 0.6888301782571616
  vertex -10.888681126296678 -2.917613314431203 1.2727922061357855
  vertex -11.176351906108065 -1.471394642354781 1.2727922061357855
 endloop
endfacet
facet normal 0 0 0
 outer loop
  vertex -11.176351906108065 -1.471394642354781 1.2727922061357855
  vertex -10.888681126296678 -2.917613314431203 1.2727922061357855
  vertex -10.324617121996578 -2.7664728199995254 1.662983158520316
 endloop
endfacet
facet normal 0 0 0
 outer loop
  vertex -11.176351906108065 -1.471394642354781 1.2727922061357855
  vertex -10.324617121996578 -2.7664728199995254 1.662983158520316
  vertex -10.597385754330372 -1.3951723024546845 1.662983158520316
 endloop
endfacet
facet normal 0 0 0
 outer loop
  vertex -10.597385754330372 -1.3951723024546845 1.662983158520316
  vertex -10.324617121996578 -2.7664728199995254 1.662983158520316
  vertex -9.659258262890683 -2.588190451025208 1.8
 endloop
endfacet
facet normal 0 0 0
 outer loop
  vertex -10.597385754330372 -1.3951723024546845 1.662983158520316
  vertex -9.659258262890683 -2.588190451025208 1.8
  vertex -9.914448613738104 -1.3052619222005177 1.8
 endloop
endfacet
facet normal 0 0 0
 outer loop
  vertex -9.914448613738104 -1.3052619222005177 1.8
  vertex -9.659258262890683 -2.588190451025208 1.8
  vertex -8.993899403784788 -2.4099080820508902 1.662983158520316
 endloop
endfacet
facet normal 0 0 0
 outer loop
  vertex -9.914448613738104 -1.3052619222005177 1.8
  vertex -8.993899403784788 -2.4099080820508902 1.662983158520316
  vertex -9.231511473145835 -1.215351541946351 1.662983158520316
 endloop
endfacet
facet normal 0 0 0
 outer loop
  vertex -9.231511473145835 -1.215351541946351 1.662983158520316
  vertex -8.993899403784788 -2.4099080820508902 1.662983158520316
  vertex -8.42983539948469 -2.2587675876192135 1.2727922061357857
 endloop
endfacet
facet normal 0 0 0
 outer loop
  vertex -9.231511473145835 -1.215351541946351 1.662983158520316
  vertex -8.42983539948469 -2.2587675876192135 1.2727922061357857
  vertex -8.652545321368144 -1.1391292020462545 1.2727922061357857
 endloop
endfacet
facet normal 0 0 0
 outer loop
  vertex -8.652545321368144 -1.1391292020462545 1.2727922061357857
  vertex -8.42983539948469 -2.2587675876192135 1.2727922061357857
  vertex -8.052939881392142 -2.157778737915406 0.6888301782571619
 endloop
endfacet
facet normal 0 0 0
 outer loop
  vertex -8.652545321368144 -1.1391292020462545 1.2727922061357857
  vertex -8.052939881392142 -2.157778737915406 0.6888301782571619
  vertex -8.265692506671948 -1.0881990627927862 0.6888301782571619
 endloop
endfacet
facet normal 0 0 0
 outer loop
  vertex -8.265692506671948 -1.0881990627927862 0.6888301782571619
  vertex -8.052939881392142 -2.157778737915406 0.6888301782571619
  vertex -7.92059177557036 -2.1223161698406705 2.2043642384652358e-16
 endloop
endfacet
facet normal 0 0 0
 outer loop
  vertex -8.265692506671948 -1.0881990627927862 0.6888301782571619
  vertex -7.92059177557036 -2.1223161698406705 2.2043642384652358e-16
  vertex -8.129847863265244 -1.0703147762044245 2.2043642384652358e-16
 endloop
endfacet
facet normal 0 0 0
 outer loop
  vertex -8.129847863265244 -1.0703147762044245 2.2043642384652358e-16
  vertex -7.92059177557036 -2.1223161698406705 2.2043642384652358e-16
  vertex -8.052939881392142 -2.157778737915406 -0.6888301782571614
 endloop
endfacet
facet normal 0 0 0
 outer loop
  vertex -8.129847863265244 -1.0703147762044245 2.2043642384652358e-16
  vertex -8.052939881392142 -2.157778737915406 -0.6888301782571614
  vertex -8.265692506671948 -1.0881990627927862 -0.6888301782571614
 endloop
endfacet
facet normal 0 0 0
 outer loop
  vertex -8.265692506671948 -1.0881990627927862 -0.6888301782571614
  vertex -8.052939881392142 -2.157778737915406 -0.6888301782571614
  vertex -8.429835399484688 -2.258767587619213 -1.2727922061357855
 endloop
endfacet
facet normal 0 0 0
 outer loop
  vertex -8.265692506671948 -1.0881990627927862 -0.6888301782571614
  vertex -8.429835399484688 -2.258767587619213 -1.2727922061357855
  vertex -8.652545321368143 -1.1391292020462542 -1.2727922061357855
 endloop
endfacet
facet normal 0 0 0
 outer loop
  vertex -8.652545321368143 -1.1391292020462542 -1.2727922061357855
  vertex -8.429835399484688 -2.258767587619213 -1.2727922061357855
  vertex -8.993899403784786 -2.40990808205089 -1.6629831585203159
 endloop
endfacet
facet normal 0 0 0
 outer loop
  vertex -8.652545321368143 -1.1391292020462542 -1.2727922061357855
  vertex -8.993899403784786 -2.40990808205089 -1.6629831585203159
  vertex -9.231511473145833 -1.2153515419463508 -1.6629831585203159
 endloop
endfacet
facet normal 0 0 0
 outer loop
  vertex -9.231511473145833 -1.2153515419463508 -1.6629831585203159
  vertex -8.993899403784786 -2.40990808205089 -1.6629831585203159
  vertex -9.659258262890683 -2.588190451025208 -1.8
 endloop
endfacet
facet normal 0 0 0
 outer loop
  vertex -9.231511473145833 -1.2153515419463508 -1.6629831585203159
  vertex -9.659258262890683 -2.588190451025208 -1.8
  vertex -9.914448613738104 -1.3052619222005177 -1.8
 endloop
endfacet
facet normal 0 0 0
 outer loop
  vertex -9.914448613738104 -1.3052619222005177 -1.8
  vertex -9.659258262890683 -2.588190451025208 -1.8
  vertex -10.324617121996578 -2.7664728199995254 -1.6629831585203159
 endloop
endfacet
facet normal 0 0 0
 outer loop
  vertex -9.914448613738104 -1.3052619222005177 -1.8
  vertex -10.324617121996578 -2.7664728199995254 -1.6629831585203159
  vertex -10.597385754330372 -1.3951723024546845 -1.6629831585203159
 endloop
endfacet
facet normal 0 0 0
 outer loop
  vertex -10.597385754330372 -1.3951723024546845 -1.6629831585203159
  vertex -10.324617121996578 -2.7664728199995254 -1.6629831585203159
  vertex -10.888681126296678 -2.9176133144312026 -1.272792206135786
 endloop
endfacet
facet normal 0 0 0
 outer loop
  vertex -10.597385754330372 -1.3951723024546845 -1.6629831585203159
  vertex -10.888681126296678 -2.9176133144312026 -1.272792206135786
  vertex -11.176351906108064 -1.4713946423547808 -1.272792206135786
 endloop
endfacet
facet normal 0 0 0
 outer loop
  vertex -11.176351906108064 -1.4713946423547808 -1.272792206135786
  vertex -10.888681126296678 -2.9176133144312026 -1.272792206135786
  vertex -11.265576644389224 -3.01860216413501 -0.6888301782571628
 endloop
endfacet
facet normal 0 0 0
 outer loop
  vertex -11.176351906108064 -1.4713946423547808 -1.272792206135786
  vertex -11.265576644389224 -3.01860216413501 -0.6888301782571628
  vertex -11.56320472080426 -1.5223247816082492 -0.6888301782571628
 endloop
endfacet
facet normal 0 0 0
 outer loop
  vertex -11.56320472080426 -1.5223247816082492 -0.6888301782571628
  vertex -11.265576644389224 -3.01860216413501 -0.6888301782571628
  vertex -11.397924750211006 -3.0540647322097456 -4.4087284769304716e-16
 endloop
endfacet
facet normal 0 0 0
 outer loop
  vertex -11.56320472080426 -1.5223247816082492 -0.6888301782571628
  vertex -11.397924750211006 -3.0540647322097456 -4.4087284769304716e-16
  vertex -11.699049364210964 -1.540209068196611 -4.4087284769304716e-16
 endloop
endfacet
facet normal 0 0 0
 outer loop
  vertex -11.397924750211006 -3.0540647322097456 0
  vertex -10.901778483633185 -4.515664501908058 0
  vertex -10.775191428180761 -4.4632304267187894 0.6888301782571616
 endloop
endfacet
facet normal 0 0 0
 outer loop
  vertex -11.397924750211006 -3.0540647322097456 0
  vertex -10.775191428180761 -4.4632304267187894 0.6888301782571616
  vertex -11.265576644389224 -3.01860216413501 0.6888301782571616
 endloop
endfacet
facet normal 0 0 0
 outer loop
  vertex -11.265576644389224 -3.01860216413501 0.6888301782571616
  vertex -10.775191428180761 -4.4632304267187894 0.6888301782571616
  vertex -10.414701993501609 -4.313910813782474 1.2727922061357855
 endloop
endfacet
facet normal 0 0 0
 outer loop
  vertex -11.265576644389224 -3.01860216413501 0.6888301782571616
  vertex -10.414701993501609 -4.313910813782474 1.2727922061357855
  vertex -10.888681126296678 -2.917613314431203 1.2727922061357855
 endloop
endfacet
facet normal 0 0 0
 outer loop
  vertex -10.888681126296678 -2.917613314431203 1.2727922061357855
  vertex -10.414701993501609 -4.313910813782474 1.2727922061357855
  vertex -9.875191428180761 -4.090438220583004 1.662983158520316
 endloop
endfacet
facet normal 0 0 0
 outer loop
  vertex -10.888681126296678 -2.917613314431203 1.2727922061357855
  vertex -9.875191428180761 -4.090438220583004 1.662983158520316
  vertex -10.324617121996578 -2.7664728199995254 1.662983158520316
 endloop
endfacet
facet normal 0 0 0
 outer loop
  vertex -10.324617121996578 -2.7664728199995254 1.662983158520316
  vertex -9.875191428180761 -4.090438220583004 1.662983158520316
  vertex -9.238795325112868 -3.8268343236508966 1.8
 endloop
endfacet
facet normal 0 0 0
 outer loop
  vertex -10.324617121996578 -2.7664728199995254 1.662983158520316
  vertex -9.238795325112868 -3.8268343236508966 1.8
  vertex -9.659258262890683 -2.588190451025208 1.8
 endloop
endfacet
facet normal 0 0 0
 outer loop
  vertex -9.659258262890683 -2.588190451025208 1.8
  vertex -9.238795325112868 -3.8268343236508966 1.8
  vertex -8.602399222044976 -3.5632304267187895 1.662983158520316
 endloop
endfacet
facet normal 0 0 0
 outer loop
  vertex -9.659258262890683 -2.588190451025208 1.8
  vertex -8.602399222044976 -3.5632304267187895 1.662983158520316
  vertex -8.993899403784788 -2.4099080820508902 1.662983158520316
 endloop
endfacet
facet normal 0 0 0
 outer loop
  vertex -8.993899403784788 -2.4099080820508902 1.662983158520316
  vertex -8.602399222044976 -3.5632304267187895 1.662983158520316
  vertex -8.06288865672413 -3.33975783351932 1.2727922061357857
 endloop
endfacet
facet normal 0 0 0
 outer loop
  vertex -8.993899403784788 -2.4099080820508902 1.662983158520316
  vertex -8.06288865672413 -3.33975783351932 1.2727922061357857
  vertex -8.42983539948469 -2.2587675876192135 1.2727922061357857
 endloop
endfacet
facet normal 0 0 0
 outer loop
  vertex -8.42983539948469 -2.2587675876192135 1.2727922061357857
  vertex -8.06288865672413 -3.33975783351932 1.2727922061357857
  vertex -7.702399222044976 -3.190438220583004 0.6888301782571619
 endloop
endfacet
facet normal 0 0 0
 outer loop
  vertex -8.42983539948469 -2.2587675876192135 1.2727922061357857
  vertex -7.702399222044976 -3.190438220583004 0.6888301782571619
  vertex -8.052939881392142 -2.157778737915406 0.6888301782571619
 endloop
endfacet
facet normal 0 0 0
 outer loop
  vertex -8.052939881392142 -2.157778737915406 0.6888301782571619
  vertex -7.702399222044976 -3.190438220583004 0.6888301782571619
  vertex -7.575812166592551 -3.138004145393735 2.2043642384652358e-16
 endloop
endfacet
facet normal 0 0 0
 outer loop
  vertex -8.052939881392142 -2.157778737915406 0.6888301782571619
  vertex -7.575812166592551 -3.138004145393735 2.2043642384652358e-16
  vertex -7.92059177557036 -2.1223161698406705 2.2043642384652358e-16
 endloop
endfacet
facet normal 0 0 0
 outer loop
  vertex -7.92059177557036 -2.1223161698406705 2.2043642384652358e-16
  vertex -7.575812166592551 -3.138004145393735 2.2043642384652358e-16
  vertex -7.702399222044976 -3.190438220583004 -0.6888301782571614
 endloop
endfacet
facet normal 0 0 0
 outer loop
  vertex -7.92059177557036 -2.1223161698406705 2.2043642384652358e-16
  vertex -7.702399222044976 -3.190438220583004 -0.6888301782571614
  vertex -8.052939881392142 -2.157778737915406 -0.6888301782571614
 endloop
endfacet
facet normal 0 0 0
 outer loop
  vertex -8.052939881392142 -2.157778737915406 -0.6888301782571614
  vertex -7.702399222044976 -3.190438220583004 -0.6888301782571614
  vertex -8.062888656724128 -3.339757833519319 -1.2727922061357855
 endloop
endfacet
facet normal 0 0 0
 outer loop
  vertex -8.052939881392142 -2.157778737915406 -0.6888301782571614
  vertex -8.062888656724128 -3.339757833519319 -1.2727922061357855
  vertex -8.429835399484688 -2.258767587619213 -1.2727922061357855
 endloop
endfacet
facet normal 0 0 0
 outer loop
  vertex -8.429835399484688 -2.258767587619213 -1.2727922061357855
  vertex -8.062888656724128 -3.339757833519319 -1.2727922061357855
  vertex -8.602399222044975 -3.563230426718789 -1.6629831585203159
 endloop
endfacet
facet normal 0 0 0
 outer loop
  vertex -8.429835399484688 -2.258767587619213 -1.2727922061357855
  vertex -8.602399222044975 -3.563230426718789 -1.6629831585203159
  vertex -8.993899403784786 -2.40990808205089 -1.6629831585203159
 endloop
endfacet
facet normal 0 0 0
 outer loop
  vertex -8.993899403784786 -2.40990808205089 -1.6629831585203159
  vertex -8.602399222044975 -3.563230426718789 -1.6629831585203159
  vertex -9.238795325112868 -3.8268343236508966 -1.8
 endloop
endfacet
facet normal 0 0 0
 outer loop
  vertex -8.993899403784786 -2.40990808205089 -1.6629831585203159
  vertex -9.238795325112868 -3.8268343236508966 -1.8
  vertex -9.659258262890683 -2.588190451025208 -1.8
 endloop
endfacet
facet normal 0 0 0
 outer loop
  vertex -9.659258262890683 -2.588190451025208 -1.8
  vertex -9.238795325112868 -3.8268343236508966 -1.8
  vertex -9.875191428180761 -4.090438220583004 -1.6629831585203159
 endloop
endfacet
facet normal 0 0 0
 outer loop
  vertex -9.659258262890683 -2.588190451025208 -1.8
  vertex -9.875191428180761 -4.090438220583004 -1.6629831585203159
  vertex -10.324617121996578 -2.7664728199995254 -1.6629831585203159
 endloop
endfacet
facet normal 0 0 0
 outer loop
  vertex -10.324617121996578 -2.7664728199995254 -1.6629831585203159
  vertex -9.875191428180761 -4.090438220583004 -1.6629831585203159
  vertex -10.414701993501607 -4.313910813782473 -1.272792206135786
 endloop
endfacet
facet normal 0 0 0
 outer loop
  vertex -10.324617121996578 -2.7664728199995254 -1.6629831585203159
  vertex -10.414701993501607 -4.313910813782473 -1.272792206135786
  vertex -10.888681126296678 -2.9176133144312026 -1.272792206135786
 endloop
endfacet
facet normal 0 0 0
 outer loop
  vertex -10.888681126296678 -2.9176133144312026 -1.272792206135786
  vertex -10.414701993501607 -4.313910813782473 -1.272792206135786
  vertex -10.775191428180761 -4.4632304267187894 -0.6888301782571628
 endloop
endfacet
facet normal 0 0 0
 outer loop
  vertex -10.888681126296678 -2.9176133144312026 -1.272792206135786
  vertex -10.775191428180761 -4.4632304267187894 -0.6888301782571628
  vertex -11.265576644389224 -3.01860216413501 -0.6888301782571628
 endloop
endfacet
facet normal 0 0 0
 outer loop
  vertex -11.265576644389224 -3.01860216413501 -0.6888301782571628
  vertex -10.775191428180761 -4.4632304267187894 -0.6888301782571628
  vertex -10.901778483633185 -4.515664501908058 -4.4087284769304716e-16
 endloop
endfacet
facet normal 0 0 0
 outer loop
  vertex -11.265576644389224 -3.01860216413501 -0.6888301782571628
  vertex -10.901778483633185 -4.515664501908058 -4.4087284769304716e-16
  vertex -11.397924750211006 -3.0540647322097456 -4.4087284769304716e-16
 endloop
endfacet
facet normal 0 0 0
 outer loop
  vertex -10.901778483633185 -4.515664501908058 0
  vertex -10.219099764656379 -5.899999999999997 0
  vertex -10.100439699188666 -5.831491579260154 0.6888301782571616
 endloop
endfacet
facet normal 0 0 0
 outer loop
  vertex -10.901778483633185 -4.515664501908058 0
  vertex -10.100439699188666 -5.831491579260154 0.6888301782571616
  vertex -10.775191428180761 -4.4632304267187894 0.6888301782571616
 endloop
endfacet
facet normal 0 0 0
 outer loop
  vertex -10.775191428180761 -4.4632304267187894 0.6888301782571616
  vertex -10.100439699188666 -5.831491579260154 0.6888301782571616
  vertex -9.762524422096819 -5.63639610306789 1.2727922061357855
 endloop
endfacet
facet normal 0 0 0
 outer loop
  vertex -10.775191428180761 -4.4632304267187894 0.6888301782571616
  vertex -9.762524422096819 -5.63639610306789 1.2727922061357855
  vertex -10.414701993501609 -4.313910813782474 1.2727922061357855
 endloop
endfacet
facet normal 0 0 0
 outer loop
  vertex -10.414701993501609 -4.313910813782474 1.2727922061357855
  vertex -9.762524422096819 -5.63639610306789 1.2727922061357855
  vertex -9.256798471108453 -5.344415089128578 1.662983158520316
 endloop
endfacet
facet normal 0 0 0
 outer loop
  vertex -10.414701993501609 -4.313910813782474 1.2727922061357855
  vertex -9.256798471108453 -5.344415089128578 1.662983158520316
  vertex -9.875191428180761 -4.090438220583004 1.662983158520316
 endloop
endfacet
facet normal 0 0 0
 outer loop
  vertex -9.875191428180761 -4.090438220583004 1.662983158520316
  vertex -9.256798471108453 -5.344415089128578 1.662983158520316
  vertex -8.660254037844389 -4.999999999999997 1.8
 endloop
endfacet
facet normal 0 0 0
 outer loop
  vertex -9.875191428180761 -4.090438220583004 1.662983158520316
  vertex -8.660254037844389 -4.999999999999997 1.8
  vertex -9.238795325112868 -3.8268343236508966 1.8
 endloop
endfacet
facet normal 0 0 0
 outer loop
  vertex -9.238795325112868 -3.8268343236508966 1.8
  vertex -8.660254037844389 -4.999999999999997 1.8
  vertex -8.063709604580323 -4.655584910871417 1.662983158520316
 endloop
endfacet
facet normal 0 0 0
 outer loop
  vertex -9.238795325112868 -3.8268343236508966 1.8
  vertex -8.063709604580323 -4.655584910871417 1.662983158520316
  vertex -8.602399222044976 -3.5632304267187895 1.662983158520316
 endloop
endfacet
facet normal 0 0 0
 outer loop
  vertex -8.602399222044976 -3.5632304267187895 1.662983158520316
  vertex -8.063709604580323 -4.655584910871417 1.662983158520316
  vertex -7.5579836535919585 -4.363603896932105 1.2727922061357857
 endloop
endfacet
facet normal 0 0 0
 outer loop
  vertex -8.602399222044976 -3.5632304267187895 1.662983158520316
  vertex -7.5579836535919585 -4.363603896932105 1.2727922061357857
  vertex -8.06288865672413 -3.33975783351932 1.2727922061357857
 endloop
endfacet
facet normal 0 0 0
 outer loop
  vertex -8.06288865672413 -3.33975783351932 1.2727922061357857
  vertex -7.5579836535919585 -4.363603896932105 1.2727922061357857
  vertex -7.220068376500111 -4.1685084207398395 0.6888301782571619
 endloop
endfacet
facet normal 0 0 0
 outer loop
  vertex -8.06288865672413 -3.33975783351932 1.2727922061357857
  vertex -7.220068376500111 -4.1685084207398395 0.6888301782571619
  vertex -7.702399222044976 -3.190438220583004 0.6888301782571619
 endloop
endfacet
facet normal 0 0 0
 outer loop
  vertex -7.702399222044976 -3.190438220583004 0.6888301782571619
  vertex -7.220068376500111 -4.1685084207398395 0.6888301782571619
  vertex -7.101408311032397 -4.099999999999997 2.2043642384652358e-16
 endloop
endfacet
facet normal 0 0 0
 outer loop
  vertex -7.702399222044976 -3.190438220583004 0.6888301782571619
  vertex -7.101408311032397 -4.099999999999997 2.2043642384652358e-16
  vertex -7.575812166592551 -3.138004145393735 2.2043642384652358e-16
 endloop
endfacet
facet normal 0 0 0
 outer loop
  vertex -7.575812166592551 -3.138004145393735 2.2043642384652358e-16
  vertex -7.101408311032397 -4.099999999999997 2.2043642384652358e-16
  vertex -7.220068376500111 -4.1685084207398395 -0.6888301782571614
 endloop
endfacet
facet normal 0 0 0
 outer loop
  vertex -7.575812166592551 -3.138004145393735 2.2043642384652358e-16
  vertex -7.220068376500111 -4.1685084207398395 -0.6888301782571614
  vertex -7.702399222044976 -3.190438220583004 -0.6888301782571614
 endloop
endfacet
facet normal 0 0 0
 outer loop
  vertex -7.702399222044976 -3.190438220583004 -0.6888301782571614
  vertex -7.220068376500111 -4.1685084207398395 -0.6888301782571614
  vertex -7.557983653591957 -4.363603896932104 -1.2727922061357855
 endloop
endfacet
facet normal 0 0 0
 outer loop
  vertex -7.702399222044976 -3.190438220583004 -0.6888301782571614
  vertex -7.557983653591957 -4.363603896932104 -1.2727922061357855
  vertex -8.062888656724128 -3.339757833519319 -1.2727922061357855
 endloop
endfacet
facet normal 0 0 0
 outer loop
  vertex -8.062888656724128 -3.339757833519319 -1.2727922061357855
  vertex -7.557983653591957 -4.363603896932104 -1.2727922061357855
  vertex -8.063709604580321 -4.655584910871416 -1.6629831585203159
 endloop
endfacet
facet normal 0 0 0
 outer loop
  vertex -8.062888656724128 -3.339757833519319 -1.2727922061357855
  vertex -8.063709604580321 -4.655584910871416 -1.6629831585203159
  vertex -8.602399222044975 -3.563230426718789 -1.6629831585203159
 endloop
endfacet
facet normal 0 0 0
 outer loop
  vertex -8.602399222044975 -3.563230426718789 -1.6629831585203159
  vertex -8.063709604580321 -4.655584910871416 -1.6629831585203159
  vertex -8.660254037844389 -4.999999999999997 -1.8
 endloop
endfacet
facet normal 0 0 0
 outer loop
  vertex -8.602399222044975 -3.563230426718789 -1.6629831585203159
  vertex -8.660254037844389 -4.999999999999997 -1.8
  vertex -9.238795325112868 -3.8268343236508966 -1.8
 endloop
endfacet
facet normal 0 0 0
 outer loop
  vertex -9.238795325112868 -3.8268343236508966 -1.8
  vertex -8.660254037844389 -4.999999999999997 -1.8
  vertex -9.256798471108453 -5.344415089128578 -1.6629831585203159
 endloop
endfacet
facet normal 0 0 0
 outer loop
  vertex -9.238795325112868 -3.8268343236508966 -1.8
  vertex -9.256798471108453 -5.344415089128578 -1.6629831585203159
  vertex -9.875191428180761 -4.090438220583004 -1.6629831585203159
 endloop
endfacet
facet normal 0 0 0
 outer loop
  vertex -9.875191428180761 -4.090438220583004 -1.6629831585203159
  vertex -9.256798471108453 -5.344415089128578 -1.6629831585203159
  vertex -9.762524422096817 -5.636396103067889 -1.272792206135786
 endloop
endfacet
facet normal 0 0 0
 outer loop
  vertex -9.875191428180761 -4.090438220583004 -1.6629831585203159
  vertex -9.762524422096817 -5.636396103067889 -1.272792206135786
  vertex -10.414701993501607 -4.313910813782473 -1.272792206135786
 endloop
endfacet
facet normal 0 0 0
 outer loop
  vertex -10.414701993501607 -4.313910813782473 -1.272792206135786
  vertex -9.762524422096817 -5.636396103067889 -1.272792206135786
  vertex -10.100439699188666 -5.831491579260154 -0.6888301782571628
 endloop
endfacet
facet normal 0 0 0
 outer loop
  vertex -10.414701993501607 -4.313910813782473 -1.272792206135786
  vertex -10.100439699188666 -5.831491579260154 -0.6888301782571628
  vertex -10.775191428180761 -4.4632304267187894 -0.6888301782571628
 endloop
endfacet
facet normal 0 0 0
 outer loop
  vertex -10.775191428180761 -4.4632304267187894 -0.6888301782571628
  vertex -10.100439699188666 -5.831491579260154 -0.6888301782571628
  vertex -10.219099764656379 -5.899999999999997 -4.4087284769304716e-16
 endloop
endfacet
facet normal 0 0 0
 outer loop
  vertex -10.775191428180761 -4.4632304267187894 -0.6888301782571628
  vertex -10.219099764656379 -5.899999999999997 -4.4087284769304716e-16
  vertex -10.901778483633185 -4.515664501908058 -4.4087284769304716e-16
 endloop
endfacet
facet normal 0 0 0
 outer loop
  vertex -10.219099764656379 -5.899999999999997 0
  vertex -9.361569415436575 -7.183384862302904 0
  vertex -9.252866646572512 -7.099974294085469 0.6888301782571616
 endloop
endfacet
facet normal 0 0 0
 outer loop
  vertex -10.219099764656379 -5.899999999999997 0
  vertex -9.252866646572512 -7.099974294085469 0.6888301782571616
  vertex -10.100439699188666 -5.831491579260154 0.6888301782571616
 endloop
endfacet
facet normal 0 0 0
 outer loop
  vertex -10.100439699188666 -5.831491579260154 0.6888301782571616
  vertex -9.252866646572512 -7.099974294085469 0.6888301782571616
  vertex -8.943307351146828 -6.86244109232559 1.2727922061357855
 endloop
endfacet
facet normal 0 0 0
 outer loop
  vertex -10.100439699188666 -5.831491579260154 0.6888301782571616
  vertex -8.943307351146828 -6.86244109232559 1.2727922061357855
  vertex -9.762524422096819 -5.63639610306789 1.2727922061357855
 endloop
endfacet
facet normal 0 0 0
 outer loop
  vertex -9.762524422096819 -5.63639610306789 1.2727922061357855
  vertex -8.943307351146828 -6.86244109232559 1.2727922061357855
  vertex -8.480019125726077 -6.5069475337473675 1.662983158520316
 endloop
endfacet
facet normal 0 0 0
 outer loop
  vertex -9.762524422096819 -5.63639610306789 1.2727922061357855
  vertex -8.480019125726077 -6.5069475337473675 1.662983158520316
  vertex -9.256798471108453 -5.344415089128578 1.662983158520316
 endloop
endfacet
facet normal 0 0 0
 outer loop
  vertex -9.256798471108453 -5.344415089128578 1.662983158520316
  vertex -8.480019125726077 -6.5069475337473675 1.662983158520316
  vertex -7.933533402912351 -6.087614290087206 1.8
 endloop
endfacet
facet normal 0 0 0
 outer loop
  vertex -9.256798471108453 -5.344415089128578 1.662983158520316
  vertex -7.933533402912351 -6.087614290087206 1.8
  vertex -8.660254037844389 -4.999999999999997 1.8
 endloop
endfacet
facet normal 0 0 0
 outer loop
  vertex -8.660254037844389 -4.999999999999997 1.8
  vertex -7.933533402912351 -6.087614290087206 1.8
  vertex -7.387047680098625 -5.668281046427046 1.662983158520316
 endloop
endfacet
facet normal 0 0 0
 outer loop
  vertex -8.660254037844389 -4.999999999999997 1.8
  vertex -7.387047680098625 -5.668281046427046 1.662983158520316
  vertex -8.063709604580323 -4.655584910871417 1.662983158520316
 endloop
endfacet
facet normal 0 0 0
 outer loop
  vertex -8.063709604580323 -4.655584910871417 1.662983158520316
  vertex -7.387047680098625 -5.668281046427046 1.662983158520316
  vertex -6.923759454677876 -5.312787487848824 1.2727922061357857
 endloop
endfacet
facet normal 0 0 0
 outer loop
  vertex -8.063709604580323 -4.655584910871417 1.662983158520316
  vertex -6.923759454677876 -5.312787487848824 1.2727922061357857
  vertex -7.5579836535919585 -4.363603896932105 1.2727922061357857
 endloop
endfacet
facet normal 0 0 0
 outer loop
  vertex -7.5579836535919585 -4.363603896932105 1.2727922061357857
  vertex -6.923759454677876 -5.312787487848824 1.2727922061357857
  vertex -6.61420015925219 -5.075254286088944 0.6888301782571619
 endloop
endfacet
facet normal 0 0 0
 outer loop
  vertex -7.5579836535919585 -4.363603896932105 1.2727922061357857
  vertex -6.61420015925219 -5.075254286088944 0.6888301782571619
  vertex -7.220068376500111 -4.1685084207398395 0.6888301782571619
 endloop
endfacet
facet normal 0 0 0
 outer loop
  vertex -7.220068376500111 -4.1685084207398395 0.6888301782571619
  vertex -6.61420015925219 -5.075254286088944 0.6888301782571619
  vertex -6.505497390388128 -4.991843717871509 2.2043642384652358e-16
 endloop
endfacet
facet normal 0 0 0
 outer loop
  vertex -7.220068376500111 -4.1685084207398395 0.6888301782571619
  vertex -6.505497390388128 -4.991843717871509 2.2043642384652358e-16
  vertex -7.101408311032397 -4.099999999999997 2.2043642384652358e-16
 endloop
endfacet
facet normal 0 0 0
 outer loop
  vertex -7.101408311032397 -4.099999999999997 2.2043642384652358e-16
  vertex -6.505497390388128 -4.991843717871509 2.2043642384652358e-16
  vertex -6.61420015925219 -5.075254286088944 -0.6888301782571614
 endloop
endfacet
facet normal 0 0 0
 outer loop
  vertex -7.101408311032397 -4.099999999999997 2.2043642384652358e-16
  vertex -6.61420015925219 -5.075254286088944 -0.6888301782571614
  vertex -7.220068376500111 -4.1685084207398395 -0.6888301782571614
 endloop
endfacet
facet normal 0 0 0
 outer loop
  vertex -7.220068376500111 -4.1685084207398395 -0.6888301782571614
  vertex -6.61420015925219 -5.075254286088944 -0.6888301782571614
  vertex -6.923759454677875 -5.312787487848823 -1.2727922061357855
 endloop
endfacet
facet normal 0 0 0
 outer loop
  vertex -7.220068376500111 -4.1685084207398395 -0.6888301782571614
  vertex -6.923759454677875 -5.312787487848823 -1.2727922061357855
  vertex -7.557983653591957 -4.363603896932104 -1.2727922061357855
 endloop
endfacet
facet normal 0 0 0
 outer loop
  vertex -7.557983653591957 -4.363603896932104 -1.2727922061357855
  vertex -6.923759454677875 -5.312787487848823 -1.2727922061357855
  vertex -7.3870476800986244 -5.668281046427044 -1.6629831585203159
 endloop
endfacet
facet normal 0 0 0
 outer loop
  vertex -7.557983653591957 -4.363603896932104 -1.2727922061357855
  vertex -7.3870476800986244 -5.668281046427044 -1.6629831585203159
  vertex -8.063709604580321 -4.655584910871416 -1.6629831585203159
 endloop
endfacet
facet normal 0 0 0
 outer loop
  vertex -8.063709604580321 -4.655584910871416 -1.6629831585203159
  vertex -7.3870476800986244 -5.668281046427044 -1.6629831585203159
  vertex -7.933533402912351 -6.087614290087206 -1.8
 endloop
endfacet
facet normal 0 0 0
 outer loop
  vertex -8.063709604580321 -4.655584910871416 -1.6629831585203159
  vertex -7.933533402912351 -6.087614290087206 -1.8
  vertex -8.660254037844389 -4.999999999999997 -1.8
 endloop
endfacet
facet normal 0 0 0
 outer loop
  vertex -8.660254037844389 -4.999999999999997 -1.8
  vertex -7.933533402912351 -6.087614290087206 -1.8
  vertex -8.480019125726077 -6.5069475337473675 -1.6629831585203159
 endloop
endfacet
facet normal 0 0 0
 outer loop
  vertex -8.660254037844389 -4.999999999999997 -1.8
  vertex -8.480019125726077 -6.5069475337473675 -1.6629831585203159
  vertex -9.256798471108453 -5.344415089128578 -1.6629831585203159
 endloop
endfacet
facet normal 0 0 0
 outer loop
  vertex -9.256798471108453 -5.344415089128578 -1.6629831585203159
  vertex -8.480019125726077 -6.5069475337473675 -1.6629831585203159
  vertex -8.943307351146826 -6.862441092325589 -1.272792206135786
 endloop
endfacet
facet normal 0 0 0
 outer loop
  vertex -9.256798471108453 -5.344415089128578 -1.6629831585203159
  vertex -8.943307351146826 -6.862441092325589 -1.272792206135786
  vertex -9.762524422096817 -5.636396103067889 -1.272792206135786
 endloop
endfacet
facet normal 0 0 0
 outer loop
  vertex -9.762524422096817 -5.636396103067889 -1.272792206135786
  vertex -8.943307351146826 -6.862441092325589 -1.272792206135786
  vertex -9.252866646572512 -7.099974294085469 -0.6888301782571628
 endloop
endfacet
facet normal 0 0 0
 outer loop
  vertex -9.762524422096817 -5.636396103067889 -1.272792206135786
  vertex -9.252866646572512 -7.099974294085469 -0.6888301782571628
  vertex -10.100439699188666 -5.831491579260154 -0.6888301782571628
 endloop
endfacet
facet normal 0 0 0
 outer loop
  vertex -10.100439699188666 -5.831491579260154 -0.6888301782571628
  vertex -9.252866646572512 -7.099974294085469 -0.6888301782571628
  vertex -9.361569415436575 -7.183384862302904 -4.4087284769304716e-16
 endloop
endfacet
facet normal 0 0 0
 outer loop
  vertex -10.100439699188666 -5.831491579260154 -0.6888301782571628
  vertex -9.361569415436575 -7.183384862302904 -4.4087284769304716e-16
  vertex -10.219099764656379 -5.899999999999997 -4.4087284769304716e-16
 endloop
endfacet
facet normal 0 0 0
 outer loop
  vertex -9.361569415436575 -7.183384862302904 0
  vertex -8.343860018001266 -8.343860018001257 0
  vertex -8.246974480254218 -8.24697448025421 0.6888301782571616
 endloop
endfacet
facet normal 0 0 0
 outer loop
  vertex -9.361569415436575 -7.183384862302904 0
  vertex -8.246974480254218 -8.24697448025421 0.6888301782571616
  vertex -9.252866646572512 -7.099974294085469 0.6888301782571616
 endloop
endfacet
facet normal 0 0 0
 outer loop
  vertex -9.252866646572512 -7.099974294085469 0.6888301782571616
  vertex -8.246974480254218 -8.24697448025421 0.6888301782571616
  vertex -7.97106781186548 -7.971067811865471 1.2727922061357855
 endloop
endfacet
facet normal 0 0 0
 outer loop
  vertex -9.252866646572512 -7.099974294085469 0.6888301782571616
  vertex -7.97106781186548 -7.971067811865471 1.2727922061357855
  vertex -8.943307351146828 -6.86244109232559 1.2727922061357855
 endloop
endfacet
facet normal 0 0 0
 outer loop
  vertex -8.943307351146828 -6.86244109232559 1.2727922061357855
  vertex -7.97106781186548 -7.971067811865471 1.2727922061357855
  vertex -7.558144301997056 -7.558144301997048 1.662983158520316
 endloop
endfacet
facet normal 0 0 0
 outer loop
  vertex -8.943307351146828 -6.86244109232559 1.2727922061357855
  vertex -7.558144301997056 -7.558144301997048 1.662983158520316
  vertex -8.480019125726077 -6.5069475337473675 1.662983158520316
 endloop
endfacet
facet normal 0 0 0
 outer loop
  vertex -8.480019125726077 -6.5069475337473675 1.662983158520316
  vertex -7.558144301997056 -7.558144301997048 1.662983158520316
  vertex -7.071067811865479 -7.071067811865471 1.8
 endloop
endfacet
facet normal 0 0 0
 outer loop
  vertex -8.480019125726077 -6.5069475337473675 1.662983158520316
  vertex -7.071067811865479 -7.071067811865471 1.8
  vertex -7.933533402912351 -6.087614290087206 1.8
 endloop
endfacet
facet normal 0 0 0
 outer loop
  vertex -7.933533402912351 -6.087614290087206 1.8
  vertex -7.071067811865479 -7.071067811865471 1.8
  vertex -6.583991321733902 -6.583991321733895 1.662983158520316
 endloop
endfacet
facet normal 0 0 0
 outer loop
  vertex -7.933533402912351 -6.087614290087206 1.8
  vertex -6.583991321733902 -6.583991321733895 1.662983158520316
  vertex -7.387047680098625 -5.668281046427046 1.662983158520316
 endloop
endfacet
facet normal 0 0 0
 outer loop
  vertex -7.387047680098625 -5.668281046427046 1.662983158520316
  vertex -6.583991321733902 -6.583991321733895 1.662983158520316
  vertex -6.171067811865479 -6.1710678118654725 1.2727922061357857
 endloop
endfacet
facet normal 0 0 0
 outer loop
  vertex -7.387047680098625 -5.668281046427046 1.662983158520316
  vertex -6.171067811865479 -6.1710678118654725 1.2727922061357857
  vertex -6.923759454677876 -5.312787487848824 1.2727922061357857
 endloop
endfacet
facet normal 0 0 0
 outer loop
  vertex -6.923759454677876 -5.312787487848824 1.2727922061357857
  vertex -6.171067811865479 -6.1710678118654725 1.2727922061357857
  vertex -5.89516114347674 -5.8951611434767335 0.6888301782571619
 endloop
endfacet
facet normal 0 0 0
 outer loop
  vertex -6.923759454677876 -5.312787487848824 1.2727922061357857
  vertex -5.89516114347674 -5.8951611434767335 0.6888301782571619
  vertex -6.61420015925219 -5.075254286088944 0.6888301782571619
 endloop
endfacet
facet normal 0 0 0
 outer loop
  vertex -6.61420015925219 -5.075254286088944 0.6888301782571619
  vertex -5.89516114347674 -5.8951611434767335 0.6888301782571619
  vertex -5.7982756057296925 -5.798275605729686 2.2043642384652358e-16
 endloop
endfacet
facet normal 0 0 0
 outer loop
  vertex -6.61420015925219 -5.075254286088944 0.6888301782571619
  vertex -5.7982756057296925 -5.798275605729686 2.2043642384652358e-16
  vertex -6.505497390388128 -4.991843717871509 2.2043642384652358e-16
 endloop
endfacet
facet normal 0 0 0
 outer loop
  vertex -6.505497390388128 -4.991843717871509 2.2043642384652358e-16
  vertex -5.7982756057296925 -5.798275605729686 2.2043642384652358e-16
  vertex -5.89516114347674 -5.8951611434767335 -0.6888301782571614
 endloop
endfacet
facet normal 0 0 0
 outer loop
  vertex -6.505497390388128 -4.991843717871509 2.2043642384652358e-16
  vertex -5.89516114347674 -5.8951611434767335 -0.6888301782571614
  vertex -6.61420015925219 -5.075254286088944 -0.6888301782571614
 endloop
endfacet
facet normal 0 0 0
 outer loop
  vertex -6.61420015925219 -5.075254286088944 -0.6888301782571614
  vertex -5.89516114347674 -5.8951611434767335 -0.6888301782571614
  vertex -6.171067811865478 -6.171067811865471 -1.2727922061357855
 endloop
endfacet
facet normal 0 0 0
 outer loop
  vertex -6.61420015925219 -5.075254286088944 -0.6888301782571614
  vertex -6.171067811865478 -6.171067811865471 -1.2727922061357855
  vertex -6.923759454677875 -5.312787487848823 -1.2727922061357855
 endloop
endfacet
facet normal 0 0 0
 outer loop
  vertex -6.923759454677875 -5.312787487848823 -1.2727922061357855
  vertex -6.171067811865478 -6.171067811865471 -1.2727922061357855
  vertex -6.5839913217339 -6.583991321733893 -1.6629831585203159
 endloop
endfacet
facet normal 0 0 0
 outer loop
  vertex -6.923759454677875 -5.312787487848823 -1.2727922061357855
  vertex -6.5839913217339 -6.583991321733893 -1.6629831585203159
  vertex -7.3870476800986244 -5.668281046427044 -1.6629831585203159
 endloop
endfacet
facet normal 0 0 0
 outer loop
  vertex -7.3870476800986244 -5.668281046427044 -1.6629831585203159
  vertex -6.5839913217339 -6.583991321733893 -1.6629831585203159
  vertex -7.071067811865479 -7.071067811865471 -1.8
 endloop
endfacet
facet normal 0 0 0
 outer loop
  vertex -7.3870476800986244 -5.668281046427044 -1.6629831585203159
  vertex -7.071067811865479 -7.071067811865471 -1.8
  vertex -7.933533402912351 -6.087614290087206 -1.8
 endloop
endfacet
facet normal 0 0 0
 outer loop
  vertex -7.933533402912351 -6.087614290087206 -1.8
  vertex -7.071067811865479 -7.071067811865471 -1.8
  vertex -7.558144301997056 -7.558144301997048 -1.6629831585203159
 endloop
endfacet
facet normal 0 0 0
 outer loop
  vertex -7.933533402912351 -6.087614290087206 -1.8
  vertex -7.558144301997056 -7.558144301997048 -1.6629831585203159
  vertex -8.480019125726077 -6.5069475337473675 -1.6629831585203159
 endloop
endfacet
facet normal 0 0 0
 outer loop
  vertex -8.480019125726077 -6.5069475337473675 -1.6629831585203159
  vertex -7.558144301997056 -7.558144301997048 -1.6629831585203159
  vertex -7.971067811865479 -7.9710678118654705 -1.272792206135786
 endloop
endfacet
facet normal 0 0 0
 outer loop
  vertex -8.480019125726077 -6.5069475337473675 -1.6629831585203159
  vertex -7.971067811865479 -7.9710678118654705 -1.272792206135786
  vertex -8.943307351146826 -6.862441092325589 -1.272792206135786
 endloop
endfacet
facet normal 0 0 0
 outer loop
  vertex -8.943307351146826 -6.862441092325589 -1.272792206135786
  vertex -7.971067811865479 -7.9710678118654705 -1.272792206135786
  vertex -8.246974480254218 -8.24697448025421 -0.6888301782571628
 endloop
endfacet
facet normal 0 0 0
 outer loop
  vertex -8.943307351146826 -6.862441092325589 -1.272792206135786
  vertex -8.246974480254218 -8.24697448025421 -0.6888301782571628
  vertex -9.252866646572512 -7.099974294085469 -0.6888301782571628
 endloop
endfacet
facet normal 0 0 0
 outer loop
  vertex -9.252866646572512 -7.099974294085469 -0.6888301782571628
  vertex -8.246974480254218 -8.24697448025421 -0.6888301782571628
  vertex -8.343860018001266 -8.343860018001257 -4.4087284769304716e-16
 endloop
endfacet
facet normal 0 0 0
 outer loop
  vertex -9.252866646572512 -7.099974294085469 -0.6888301782571628
  vertex -8.343860018001266 -8.343860018001257 -4.4087284769304716e-16
  vertex -9.361569415436575 -7.183384862302904 -4.4087284769304716e-16
 endloop
endfacet
facet normal 0 0 0
 outer loop
  vertex -8.343860018001266 -8.343860018001257 0
  vertex -7.183384862302907 -9.361569415436573 0
  vertex -7.099974294085472 -9.25286664657251 0.6888301782571616
 endloop
endfacet
facet normal 0 0 0
 outer loop
  vertex -8.343860018001266 -8.343860018001257 0
  vertex -7.099974294085472 -9.25286664657251 0.6888301782571616
  vertex -8.246974480254218 -8.24697448025421 0.6888301782571616
 endloop
endfacet
facet normal 0 0 0
 outer loop
  vertex -8.246974480254218 -8.24697448025421 0.6888301782571616
  vertex -7.099974294085472 -9.25286664657251 0.6888301782571616
  vertex -6.862441092325593 -8.943307351146826 1.2727922061357855
 endloop
endfacet
facet normal 0 0 0
 outer loop
  vertex -8.246974480254218 -8.24697448025421 0.6888301782571616
  vertex -6.862441092325593 -8.943307351146826 1.2727922061357855
  vertex -7.97106781186548 -7.971067811865471 1.2727922061357855
 endloop
endfacet
facet normal 0 0 0
 outer loop
  vertex -7.97106781186548 -7.971067811865471 1.2727922061357855
  vertex -6.862441092325593 -8.943307351146826 1.2727922061357855
  vertex -6.50694753374737 -8.480019125726075 1.662983158520316
 endloop
endfacet
facet normal 0 0 0
 outer loop
  vertex -7.97106781186548 -7.971067811865471 1.2727922061357855
  vertex -6.50694753374737 -8.480019125726075 1.662983158520316
  vertex -7.558144301997056 -7.558144301997048 1.662983158520316
 endloop
endfacet
facet normal 0 0 0
 outer loop
  vertex -7.558144301997056 -7.558144301997048 1.662983158520316
  vertex -6.50694753374737 -8.480019125726075 1.662983158520316
  vertex -6.087614290087209 -7.933533402912349 1.8
 endloop
endfacet
facet normal 0 0 0
 outer loop
  vertex -7.558144301997056 -7.558144301997048 1.662983158520316
  vertex -6.087614290087209 -7.933533402912349 1.8
  vertex -7.071067811865479 -7.071067811865471 1.8
 endloop
endfacet
facet normal 0 0 0
 outer loop
  vertex -7.071067811865479 -7.071067811865471 1.8
  vertex -6.087614290087209 -7.933533402912349 1.8
  vertex -5.668281046427047 -7.387047680098624 1.662983158520316
 endloop
endfacet
facet normal 0 0 0
 outer loop
  vertex -7.071067811865479 -7.071067811865471 1.8
  vertex -5.668281046427047 -7.387047680098624 1.662983158520316
  vertex -6.583991321733902 -6.583991321733895 1.662983158520316
 endloop
endfacet
facet normal 0 0 0
 outer loop
  vertex -6.583991321733902 -6.583991321733895 1.662983158520316
  vertex -5.668281046427047 -7.387047680098624 1.662983158520316
  vertex -5.312787487848826 -6.9237594546778745 1.2727922061357857
 endloop
endfacet
facet normal 0 0 0
 outer loop
  vertex -6.583991321733902 -6.583991321733895 1.662983158520316
  vertex -5.312787487848826 -6.9237594546778745 1.2727922061357857
  vertex -6.171067811865479 -6.1710678118654725 1.2727922061357857
 endloop
endfacet
facet normal 0 0 0
 outer loop
  vertex -6.171067811865479 -6.1710678118654725 1.2727922061357857
  vertex -5.312787487848826 -6.9237594546778745 1.2727922061357857
  vertex -5.075254286088946 -6.614200159252189 0.6888301782571619
 endloop
endfacet
facet normal 0 0 0
 outer loop
  vertex -6.171067811865479 -6.1710678118654725 1.2727922061357857
  vertex -5.075254286088946 -6.614200159252189 0.6888301782571619
  vertex -5.89516114347674 -5.8951611434767335 0.6888301782571619
 endloop
endfacet
facet normal 0 0 0
 outer loop
  vertex -5.89516114347674 -5.8951611434767335 0.6888301782571619
  vertex -5.075254286088946 -6.614200159252189 0.6888301782571619
  vertex -4.991843717871511 -6.505497390388126 2.2043642384652358e-16
 endloop
endfacet
facet normal 0 0 0
 outer loop
  vertex -5.89516114347674 -5.8951611434767335 0.6888301782571619
  vertex -4.991843717871511 -6.505497390388126 2.2043642384652358e-16
  vertex -5.7982756057296925 -5.798275605729686 2.2043642384652358e-16
 endloop
endfacet
facet normal 0 0 0
 outer loop
  vertex -5.7982756057296925 -5.798275605729686 2.2043642384652358e-16
  vertex -4.991843717871511 -6.505497390388126 2.2043642384652358e-16
  vertex -5.075254286088946 -6.614200159252189 -0.6888301782571614
 endloop
endfacet
facet normal 0 0 0
 outer loop
  vertex -5.7982756057296925 -5.798275605729686 2.2043642384652358e-16
  vertex -5.075254286088946 -6.614200159252189 -0.6888301782571614
  vertex -5.89516114347674 -5.8951611434767335 -0.6888301782571614
 endloop
endfacet
facet normal 0 0 0
 outer loop
  vertex -5.89516114347674 -5.8951611434767335 -0.6888301782571614
  vertex -5.075254286088946 -6.614200159252189 -0.6888301782571614
  vertex -5.312787487848825 -6.923759454677873 -1.2727922061357855
 endloop
endfacet
facet normal 0 0 0
 outer loop
  vertex -5.89516114347674 -5.8951611434767335 -0.6888301782571614
  vertex -5.312787487848825 -6.923759454677873 -1.2727922061357855
  vertex -6.171067811865478 -6.171067811865471 -1.2727922061357855
 endloop
endfacet
facet normal 0 0 0
 outer loop
  vertex -6.171067811865478 -6.171067811865471 -1.2727922061357855
  vertex -5.312787487848825 -6.923759454677873 -1.2727922061357855
  vertex -5.6682810464270466 -7.387047680098623 -1.6629831585203159
 endloop
endfacet
facet normal 0 0 0
 outer loop
  vertex -6.171067811865478 -6.171067811865471 -1.2727922061357855
  vertex -5.6682810464270466 -7.387047680098623 -1.6629831585203159
  vertex -6.5839913217339 -6.583991321733893 -1.6629831585203159
 endloop
endfacet
facet normal 0 0 0
 outer loop
  vertex -6.5839913217339 -6.583991321733893 -1.6629831585203159
  vertex -5.6682810464270466 -7.387047680098623 -1.6629831585203159
  vertex -6.087614290087209 -7.933533402912349 -1.8
 endloop
endfacet
facet normal 0 0 0
 outer loop
  vertex -6.5839913217339 -6.583991321733893 -1.6629831585203159
  vertex -6.087614290087209 -7.933533402912349 -1.8
  vertex -7.071067811865479 -7.071067811865471 -1.8
 endloop
endfacet
facet normal 0 0 0
 outer loop
  vertex -7.071067811865479 -7.071067811865471 -1.8
  vertex -6.087614290087209 -7.933533402912349 -1.8
  vertex -6.50694753374737 -8.480019125726075 -1.6629831585203159
 endloop
endfacet
facet normal 0 0 0
 outer loop
  vertex -7.071067811865479 -7.071067811865471 -1.8
  vertex -6.50694753374737 -8.480019125726075 -1.6629831585203159
  vertex -7.558144301997056 -7.558144301997048 -1.6629831585203159
 endloop
endfacet
facet normal 0 0 0
 outer loop
  vertex -7.558144301997056 -7.558144301997048 -1.6629831585203159
  vertex -6.50694753374737 -8.480019125726075 -1.6629831585203159
  vertex -6.862441092325591 -8.943307351146824 -1.272792206135786
 endloop
endfacet
facet normal 0 0 0
 outer loop
  vertex -7.558144301997056 -7.558144301997048 -1.6629831585203159
  vertex -6.862441092325591 -8.943307351146824 -1.272792206135786
  vertex -7.971067811865479 -7.9710678118654705 -1.272792206135786
 endloop
endfacet
facet normal 0 0 0
 outer loop
  vertex -7.971067811865479 -7.9710678118654705 -1.272792206135786
  vertex -6.862441092325591 -8.943307351146824 -1.272792206135786
  vertex -7.099974294085472 -9.25286664657251 -0.6888301782571628
 endloop
endfacet
facet normal 0 0 0
 outer loop
  vertex -7.971067811865479 -7.9710678118654705 -1.272792206135786
  vertex -7.099974294085472 -9.25286664657251 -0.6888301782571628
  vertex -8.246974480254218 -8.24697448025421 -0.6888301782571628
 endloop
endfacet
facet normal 0 0 0
 outer loop
  vertex -8.246974480254218 -8.24697448025421 -0.6888301782571628
  vertex -7.099974294085472 -9.25286664657251 -0.6888301782571628
  vertex -7.183384862302907 -9.361569415436573 -4.4087284769304716e-16
 endloop
endfacet
facet normal 0 0 0
 outer loop
  vertex -8.246974480254218 -8.24697448025421 -0.6888301782571628
  vertex -7.183384862302907 -9.361569415436573 -4.4087284769304716e-16
  vertex -8.343860018001266 -8.343860018001257 -4.4087284769304716e-16
 endloop
endfacet
facet normal 0 0 0
 outer loop
  vertex -7.183384862302907 -9.361569415436573 0
  vertex -5.900000000000006 -10.219099764656375 0
  vertex -5.831491579260163 -10.100439699188662 0.6888301782571616
 endloop
endfacet
facet normal 0 0 0
 outer loop
  vertex -7.183384862302907 -9.361569415436573 0
  vertex -5.831491579260163 -10.100439699188662 0.6888301782571616
  vertex -7.099974294085472 -9.25286664657251 0.6888301782571616
 endloop
endfacet
facet normal 0 0 0
 outer loop
  vertex -7.099974294085472 -9.25286664657251 0.6888301782571616
  vertex -5.831491579260163 -10.100439699188662 0.6888301782571616
  vertex -5.636396103067899 -9.762524422096815 1.2727922061357855
 endloop
endfacet
facet normal 0 0 0
 outer loop
  vertex -7.099974294085472 -9.25286664657251 0.6888301782571616
  vertex -5.636396103067899 -9.762524422096815 1.2727922061357855
  vertex -6.862441092325593 -8.943307351146826 1.2727922061357855
 endloop
endfacet
facet normal 0 0 0
 outer loop
  vertex -6.862441092325593 -8.943307351146826 1.2727922061357855
  vertex -5.636396103067899 -9.762524422096815 1.2727922061357855
  vertex -5.344415089128585 -9.25679847110845 1.662983158520316
 endloop
endfacet
facet normal 0 0 0
 outer loop
  vertex -6.862441092325593 -8.943307351146826 1.2727922061357855
  vertex -5.344415089128585 -9.25679847110845 1.662983158520316
  vertex -6.50694753374737 -8.480019125726075 1.662983158520316
 endloop
endfacet
facet normal 0 0 0
 outer loop
  vertex -6.50694753374737 -8.480019125726075 1.662983158520316
  vertex -5.344415089128585 -9.25679847110845 1.662983158520316
  vertex -5.000000000000004 -8.660254037844386 1.8
 endloop
endfacet
facet normal 0 0 0
 outer loop
  vertex -6.50694753374737 -8.480019125726075 1.662983158520316
  vertex -5.000000000000004 -8.660254037844386 1.8
  vertex -6.087614290087209 -7.933533402912349 1.8
 endloop
endfacet
facet normal 0 0 0
 outer loop
  vertex -6.087614290087209 -7.933533402912349 1.8
  vertex -5.000000000000004 -8.660254037844386 1.8
  vertex -4.655584910871424 -8.06370960458032 1.662983158520316
 endloop
endfacet
facet normal 0 0 0
 outer loop
  vertex -6.087614290087209 -7.933533402912349 1.8
  vertex -4.655584910871424 -8.06370960458032 1.662983158520316
  vertex -5.668281046427047 -7.387047680098624 1.662983158520316
 endloop
endfacet
facet normal 0 0 0
 outer loop
  vertex -5.668281046427047 -7.387047680098624 1.662983158520316
  vertex -4.655584910871424 -8.06370960458032 1.662983158520316
  vertex -4.363603896932111 -7.557983653591956 1.2727922061357857
 endloop
endfacet
facet normal 0 0 0
 outer loop
  vertex -5.668281046427047 -7.387047680098624 1.662983158520316
  vertex -4.363603896932111 -7.557983653591956 1.2727922061357857
  vertex -5.312787487848826 -6.9237594546778745 1.2727922061357857
 endloop
endfacet
facet normal 0 0 0
 outer loop
  vertex -5.312787487848826 -6.9237594546778745 1.2727922061357857
  vertex -4.363603896932111 -7.557983653591956 1.2727922061357857
  vertex -4.168508420739846 -7.220068376500108 0.6888301782571619
 endloop
endfacet
facet normal 0 0 0
 outer loop
  vertex -5.312787487848826 -6.9237594546778745 1.2727922061357857
  vertex -4.168508420739846 -7.220068376500108 0.6888301782571619
  vertex -5.075254286088946 -6.614200159252189 0.6888301782571619
 endloop
endfacet
facet normal 0 0 0
 outer loop
  vertex -5.075254286088946 -6.614200159252189 0.6888301782571619
  vertex -4.168508420739846 -7.220068376500108 0.6888301782571619
  vertex -4.100000000000003 -7.101408311032395 2.2043642384652358e-16
 endloop
endfacet
facet normal 0 0 0
 outer loop
  vertex -5.075254286088946 -6.614200159252189 0.6888301782571619
  vertex -4.100000000000003 -7.101408311032395 2.2043642384652358e-16
  vertex -4.991843717871511 -6.505497390388126 2.2043642384652358e-16
 endloop
endfacet
facet normal 0 0 0
 outer loop
  vertex -4.991843717871511 -6.505497390388126 2.2043642384652358e-16
  vertex -4.100000000000003 -7.101408311032395 2.2043642384652358e-16
  vertex -4.168508420739846 -7.220068376500108 -0.6888301782571614
 endloop
endfacet
facet normal 0 0 0
 outer loop
  vertex -4.991843717871511 -6.505497390388126 2.2043642384652358e-16
  vertex -4.168508420739846 -7.220068376500108 -0.6888301782571614
  vertex -5.075254286088946 -6.614200159252189 -0.6888301782571614
 endloop
endfacet
facet normal 0 0 0
 outer loop
  vertex -5.075254286088946 -6.614200159252189 -0.6888301782571614
  vertex -4.168508420739846 -7.220068376500108 -0.6888301782571614
  vertex -4.36360389693211 -7.557983653591954 -1.2727922061357855
 endloop
endfacet
facet normal 0 0 0
 outer loop
  vertex -5.075254286088946 -6.614200159252189 -0.6888301782571614
  vertex -4.36360389693211 -7.557983653591954 -1.2727922061357855
  vertex -5.312787487848825 -6.923759454677873 -1.2727922061357855
 endloop
endfacet
facet normal 0 0 0
 outer loop
  vertex -5.312787487848825 -6.923759454677873 -1.2727922061357855
  vertex -4.36360389693211 -7.557983653591954 -1.2727922061357855
  vertex -4.655584910871423 -8.063709604580318 -1.6629831585203159
 endloop
endfacet
facet normal 0 0 0
 outer loop
  vertex -5.312787487848825 -6.923759454677873 -1.2727922061357855
  vertex -4.655584910871423 -8.063709604580318 -1.6629831585203159
  vertex -5.6682810464270466 -7.387047680098623 -1.6629831585203159
 endloop
endfacet
facet normal 0 0 0
 outer loop
  vertex -5.6682810464270466 -7.387047680098623 -1.6629831585203159
  vertex -4.655584910871423 -8.063709604580318 -1.6629831585203159
  vertex -5.000000000000004 -8.660254037844386 -1.8
 endloop
endfacet
facet normal 0 0 0
 outer loop
  vertex -5.6682810464270466 -7.387047680098623 -1.6629831585203159
  vertex -5.000000000000004 -8.660254037844386 -1.8
  vertex -6.087614290087209 -7.933533402912349 -1.8
 endloop
endfacet
facet normal 0 0 0
 outer loop
  vertex -6.087614290087209 -7.933533402912349 -1.8
  vertex -5.000000000000004 -8.660254037844386 -1.8
  vertex -5.344415089128585 -9.25679847110845 -1.6629831585203159
 endloop
endfacet
facet normal 0 0 0
 outer loop
  vertex -6.087614290087209 -7.933533402912349 -1.8
  vertex -5.344415089128585 -9.25679847110845 -1.6629831585203159
  vertex -6.50694753374737 -8.480019125726075 -1.6629831585203159
 endloop
endfacet
facet normal 0 0 0
 outer loop
  vertex -6.50694753374737 -8.480019125726075 -1.6629831585203159
  vertex -5.344415089128585 -9.25679847110845 -1.6629831585203159
  vertex -5.636396103067898 -9.762524422096813 -1.272792206135786
 endloop
endfacet
facet normal 0 0 0
 outer loop
  vertex -6.50694753374737 -8.480019125726075 -1.6629831585203159
  vertex -5.636396103067898 -9.762524422096813 -1.272792206135786
  vertex -6.862441092325591 -8.943307351146824 -1.272792206135786
 endloop
endfacet
facet normal 0 0 0
 outer loop
  vertex -6.862441092325591 -8.943307351146824 -1.272792206135786
  vertex -5.636396103067898 -9.762524422096813 -1.272792206135786
  vertex -5.831491579260163 -10.100439699188662 -0.6888301782571628
 endloop
endfacet
facet normal 0 0 0
 outer loop
  vertex -6.862441092325591 -8.943307351146824 -1.272792206135786
  vertex -5.831491579260163 -10.100439699188662 -0.6888301782571628
  vertex -7.099974294085472 -9.25286664657251 -0.6888301782571628
 endloop
endfacet
facet normal 0 0 0
 outer loop
  vertex -7.099974294085472 -9.25286664657251 -0.6888301782571628
  vertex -5.831491579260163 -10.100439699188662 -0.6888301782571628
  vertex -5.900000000000006 -10.219099764656375 -4.4087284769304716e-16
 endloop
endfacet
facet normal 0 0 0
 outer loop
  vertex -7.099974294085472 -9.25286664657251 -0.6888301782571628
  vertex -5.900000000000006 -10.219099764656375 -4.4087284769304716e-16
  vertex -7.183384862302907 -9.361569415436573 -4.4087284769304716e-16
 endloop
endfacet
facet normal 0 0 0
 outer loop
  vertex -5.900000000000006 -10.219099764656375 0
  vertex -4.515664501908057 -10.901778483633185 0
  vertex -4.463230426718787 -10.775191428180761 0.6888301782571616
 endloop
endfacet
facet normal 0 0 0
 outer loop
  vertex -5.900000000000006 -10.219099764656375 0
  vertex -4.463230426718787 -10.775191428180761 0.6888301782571616
  vertex -5.831491579260163 -10.100439699188662 0.6888301782571616
 endloop
endfacet
facet normal 0 0 0
 outer loop
  vertex -5.831491579260163 -10.100439699188662 0.6888301782571616
  vertex -4.463230426718787 -10.775191428180761 0.6888301782571616
  vertex -4.313910813782472 -10.414701993501609 1.2727922061357855
 endloop
endfacet
facet normal 0 0 0
 outer loop
  vertex -5.831491579260163 -10.100439699188662 0.6888301782571616
  vertex -4.313910813782472 -10.414701993501609 1.2727922061357855
  vertex -5.636396103067899 -9.762524422096815 1.2727922061357855
 endloop
endfacet
facet normal 0 0 0
 outer loop
  vertex -5.636396103067899 -9.762524422096815 1.2727922061357855
  vertex -4.313910813782472 -10.414701993501609 1.2727922061357855
  vertex -4.090438220583002 -9.875191428180761 1.662983158520316
 endloop
endfacet
facet normal 0 0 0
 outer loop
  vertex -5.636396103067899 -9.762524422096815 1.2727922061357855
  vertex -4.090438220583002 -9.875191428180761 1.662983158520316
  vertex -5.344415089128585 -9.25679847110845 1.662983158520316
 endloop
endfacet
facet normal 0 0 0
 outer loop
  vertex -5.344415089128585 -9.25679847110845 1.662983158520316
  vertex -4.090438220583002 -9.875191428180761 1.662983158520316
  vertex -3.8268343236508953 -9.238795325112868 1.8
 endloop
endfacet
facet normal 0 0 0
 outer loop
  vertex -5.344415089128585 -9.25679847110845 1.662983158520316
  vertex -3.8268343236508953 -9.238795325112868 1.8
  vertex -5.000000000000004 -8.660254037844386 1.8
 endloop
endfacet
facet normal 0 0 0
 outer loop
  vertex -5.000000000000004 -8.660254037844386 1.8
  vertex -3.8268343236508953 -9.238795325112868 1.8
  vertex -3.563230426718788 -8.602399222044976 1.662983158520316
 endloop
endfacet
facet normal 0 0 0
 outer loop
  vertex -5.000000000000004 -8.660254037844386 1.8
  vertex -3.563230426718788 -8.602399222044976 1.662983158520316
  vertex -4.655584910871424 -8.06370960458032 1.662983158520316
 endloop
endfacet
facet normal 0 0 0
 outer loop
  vertex -4.655584910871424 -8.06370960458032 1.662983158520316
  vertex -3.563230426718788 -8.602399222044976 1.662983158520316
  vertex -3.3397578335193185 -8.06288865672413 1.2727922061357857
 endloop
endfacet
facet normal 0 0 0
 outer loop
  vertex -4.655584910871424 -8.06370960458032 1.662983158520316
  vertex -3.3397578335193185 -8.06288865672413 1.2727922061357857
  vertex -4.363603896932111 -7.557983653591956 1.2727922061357857
 endloop
endfacet
facet normal 0 0 0
 outer loop
  vertex -4.363603896932111 -7.557983653591956 1.2727922061357857
  vertex -3.3397578335193185 -8.06288865672413 1.2727922061357857
  vertex -3.190438220583003 -7.702399222044976 0.6888301782571619
 endloop
endfacet
facet normal 0 0 0
 outer loop
  vertex -4.363603896932111 -7.557983653591956 1.2727922061357857
  vertex -3.190438220583003 -7.702399222044976 0.6888301782571619
  vertex -4.168508420739846 -7.220068376500108 0.6888301782571619
 endloop
endfacet
facet normal 0 0 0
 outer loop
  vertex -4.168508420739846 -7.220068376500108 0.6888301782571619
  vertex -3.190438220583003 -7.702399222044976 0.6888301782571619
  vertex -3.1380041453937335 -7.575812166592551 2.2043642384652358e-16
 endloop
endfacet
facet normal 0 0 0
 outer loop
  vertex -4.168508420739846 -7.220068376500108 0.6888301782571619
  vertex -3.1380041453937335 -7.575812166592551 2.2043642384652358e-16
  vertex -4.100000000000003 -7.101408311032395 2.2043642384652358e-16
 endloop
endfacet
facet normal 0 0 0
 outer loop
  vertex -4.100000000000003 -7.101408311032395 2.2043642384652358e-16
  vertex -3.1380041453937335 -7.575812166592551 2.2043642384652358e-16
  vertex -3.190438220583003 -7.702399222044976 -0.6888301782571614
 endloop
endfacet
facet normal 0 0 0
 outer loop
  vertex -4.100000000000003 -7.101408311032395 2.2043642384652358e-16
  vertex -3.190438220583003 -7.702399222044976 -0.6888301782571614
  vertex -4.168508420739846 -7.220068376500108 -0.6888301782571614
 endloop
endfacet
facet normal 0 0 0
 outer loop
  vertex -4.168508420739846 -7.220068376500108 -0.6888301782571614
  vertex -3.190438220583003 -7.702399222044976 -0.6888301782571614
  vertex -3.3397578335193177 -8.062888656724128 -1.2727922061357855
 endloop
endfacet
facet normal 0 0 0
 outer loop
  vertex -4.168508420739846 -7.220068376500108 -0.6888301782571614
  vertex -3.3397578335193177 -8.062888656724128 -1.2727922061357855
  vertex -4.36360389693211 -7.557983653591954 -1.2727922061357855
 endloop
endfacet
facet normal 0 0 0
 outer loop
  vertex -4.36360389693211 -7.557983653591954 -1.2727922061357855
  vertex -3.3397578335193177 -8.062888656724128 -1.2727922061357855
  vertex -3.5632304267187873 -8.602399222044975 -1.6629831585203159
 endloop
endfacet
facet normal 0 0 0
 outer loop
  vertex -4.36360389693211 -7.557983653591954 -1.2727922061357855
  vertex -3.5632304267187873 -8.602399222044975 -1.6629831585203159
  vertex -4.655584910871423 -8.063709604580318 -1.6629831585203159
 endloop
endfacet
facet normal 0 0 0
 outer loop
  vertex -4.655584910871423 -8.063709604580318 -1.6629831585203159
  vertex -3.5632304267187873 -8.602399222044975 -1.6629831585203159
  vertex -3.8268343236508953 -9.238795325112868 -1.8
 endloop
endfacet
facet normal 0 0 0
 outer loop
  vertex -4.655584910871423 -8.063709604580318 -1.6629831585203159
  vertex -3.8268343236508953 -9.238795325112868 -1.8
  vertex -5.000000000000004 -8.660254037844386 -1.8
 endloop
endfacet
facet normal 0 0 0
 outer loop
  vertex -5.000000000000004 -8.660254037844386 -1.8
  vertex -3.8268343236508953 -9.238795325112868 -1.8
  vertex -4.090438220583002 -9.875191428180761 -1.6629831585203159
 endloop
endfacet
facet normal 0 0 0
 outer loop
  vertex -5.000000000000004 -8.660254037844386 -1.8
  vertex -4.090438220583002 -9.875191428180761 -1.6629831585203159
  vertex -5.344415089128585 -9.25679847110845 -1.6629831585203159
 endloop
endfacet
facet normal 0 0 0
 outer loop
  vertex -5.344415089128585 -9.25679847110845 -1.6629831585203159
  vertex -4.090438220583002 -9.875191428180761 -1.6629831585203159
  vertex -4.3139108137824715 -10.414701993501607 -1.272792206135786
 endloop
endfacet
facet normal 0 0 0
 outer loop
  vertex -5.344415089128585 -9.25679847110845 -1.6629831585203159
  vertex -4.3139108137824715 -10.414701993501607 -1.272792206135786
  vertex -5.636396103067898 -9.762524422096813 -1.272792206135786
 endloop
endfacet
facet normal 0 0 0
 outer loop
  vertex -5.636396103067898 -9.762524422096813 -1.272792206135786
  vertex -4.3139108137824715 -10.414701993501607 -1.272792206135786
  vertex -4.463230426718787 -10.775191428180761 -0.6888301782571628
 endloop
endfacet
facet normal 0 0 0
 outer loop
  vertex -5.636396103067898 -9.762524422096813 -1.272792206135786
  vertex -4.463230426718787 -10.775191428180761 -0.6888301782571628
  vertex -5.831491579260163 -10.100439699188662 -0.6888301782571628
 endloop
endfacet
facet normal 0 0 0
 outer loop
  vertex -5.831491579260163 -10.100439699188662 -0.6888301782571628
  vertex -4.463230426718787 -10.775191428180761 -0.6888301782571628
  vertex -4.515664501908057 -10.901778483633185 -4.4087284769304716e-16
 endloop
endfacet
facet normal 0 0 0
 outer loop
  vertex -5.831491579260163 -10.100439699188662 -0.6888301782571628
  vertex -4.515664501908057 -10.901778483633185 -4.4087284769304716e-16
  vertex -5.900000000000006 -10.219099764656375 -4.4087284769304716e-16
 endloop
endfacet
facet normal 0 0 0
 outer loop
  vertex -4.515664501908057 -10.901778483633185 0
  vertex -3.0540647322097434 -11.397924750211006 0
  vertex -3.0186021641350083 -11.265576644389224 0.6888301782571616
 endloop
endfacet
facet normal 0 0 0
 outer loop
  vertex -4.515664501908057 -10.901778483633185 0
  vertex -3.0186021641350083 -11.265576644389224 0.6888301782571616
  vertex -4.463230426718787 -10.775191428180761 0.6888301782571616
 endloop
endfacet
facet normal 0 0 0
 outer loop
  vertex -4.463230426718787 -10.775191428180761 0.6888301782571616
  vertex -3.0186021641350083 -11.265576644389224 0.6888301782571616
  vertex -2.9176133144312013 -10.888681126296678 1.2727922061357855
 endloop
endfacet
facet normal 0 0 0
 outer loop
  vertex -4.463230426718787 -10.775191428180761 0.6888301782571616
  vertex -2.9176133144312013 -10.888681126296678 1.2727922061357855
  vertex -4.313910813782472 -10.414701993501609 1.2727922061357855
 endloop
endfacet
facet normal 0 0 0
 outer loop
  vertex -4.313910813782472 -10.414701993501609 1.2727922061357855
  vertex -2.9176133144312013 -10.888681126296678 1.2727922061357855
  vertex -2.7664728199995237 -10.324617121996578 1.662983158520316
 endloop
endfacet
facet normal 0 0 0
 outer loop
  vertex -4.313910813782472 -10.414701993501609 1.2727922061357855
  vertex -2.7664728199995237 -10.324617121996578 1.662983158520316
  vertex -4.090438220583002 -9.875191428180761 1.662983158520316
 endloop
endfacet
facet normal 0 0 0
 outer loop
  vertex -4.090438220583002 -9.875191428180761 1.662983158520316
  vertex -2.7664728199995237 -10.324617121996578 1.662983158520316
  vertex -2.5881904510252065 -9.659258262890683 1.8
 endloop
endfacet
facet normal 0 0 0
 outer loop
  vertex -4.090438220583002 -9.875191428180761 1.662983158520316
  vertex -2.5881904510252065 -9.659258262890683 1.8
  vertex -3.8268343236508953 -9.238795325112868 1.8
 endloop
endfacet
facet normal 0 0 0
 outer loop
  vertex -3.8268343236508953 -9.238795325112868 1.8
  vertex -2.5881904510252065 -9.659258262890683 1.8
  vertex -2.409908082050889 -8.993899403784788 1.662983158520316
 endloop
endfacet
facet normal 0 0 0
 outer loop
  vertex -3.8268343236508953 -9.238795325112868 1.8
  vertex -2.409908082050889 -8.993899403784788 1.662983158520316
  vertex -3.563230426718788 -8.602399222044976 1.662983158520316
 endloop
endfacet
facet normal 0 0 0
 outer loop
  vertex -3.563230426718788 -8.602399222044976 1.662983158520316
  vertex -2.409908082050889 -8.993899403784788 1.662983158520316
  vertex -2.2587675876192117 -8.42983539948469 1.2727922061357857
 endloop
endfacet
facet normal 0 0 0
 outer loop
  vertex -3.563230426718788 -8.602399222044976 1.662983158520316
  vertex -2.2587675876192117 -8.42983539948469 1.2727922061357857
  vertex -3.3397578335193185 -8.06288865672413 1.2727922061357857
 endloop
endfacet
facet normal 0 0 0
 outer loop
  vertex -3.3397578335193185 -8.06288865672413 1.2727922061357857
  vertex -2.2587675876192117 -8.42983539948469 1.2727922061357857
  vertex -2.1577787379154043 -8.052939881392142 0.6888301782571619
 endloop
endfacet
facet normal 0 0 0
 outer loop
  vertex -3.3397578335193185 -8.06288865672413 1.2727922061357857
  vertex -2.1577787379154043 -8.052939881392142 0.6888301782571619
  vertex -3.190438220583003 -7.702399222044976 0.6888301782571619
 endloop
endfacet
facet normal 0 0 0
 outer loop
  vertex -3.190438220583003 -7.702399222044976 0.6888301782571619
  vertex -2.1577787379154043 -8.052939881392142 0.6888301782571619
  vertex -2.122316169840669 -7.92059177557036 2.2043642384652358e-16
 endloop
endfacet
facet normal 0 0 0
 outer loop
  vertex -3.190438220583003 -7.702399222044976 0.6888301782571619
  vertex -2.122316169840669 -7.92059177557036 2.2043642384652358e-16
  vertex -3.1380041453937335 -7.575812166592551 2.2043642384652358e-16
 endloop
endfacet
facet normal 0 0 0
 outer loop
  vertex -3.1380041453937335 -7.575812166592551 2.2043642384652358e-16
  vertex -2.122316169840669 -7.92059177557036 2.2043642384652358e-16
  vertex -2.1577787379154043 -8.052939881392142 -0.6888301782571614
 endloop
endfacet
facet normal 0 0 0
 outer loop
  vertex -3.1380041453937335 -7.575812166592551 2.2043642384652358e-16
  vertex -2.1577787379154043 -8.052939881392142 -0.6888301782571614
  vertex -3.190438220583003 -7.702399222044976 -0.6888301782571614
 endloop
endfacet
facet normal 0 0 0
 outer loop
  vertex -3.190438220583003 -7.702399222044976 -0.6888301782571614
  vertex -2.1577787379154043 -8.052939881392142 -0.6888301782571614
  vertex -2.2587675876192113 -8.429835399484688 -1.2727922061357855
 endloop
endfacet
facet normal 0 0 0
 outer loop
  vertex -3.190438220583003 -7.702399222044976 -0.6888301782571614
  vertex -2.2587675876192113 -8.429835399484688 -1.2727922061357855
  vertex -3.3397578335193177 -8.062888656724128 -1.2727922061357855
 endloop
endfacet
facet normal 0 0 0
 outer loop
  vertex -3.3397578335193177 -8.062888656724128 -1.2727922061357855
  vertex -2.2587675876192113 -8.429835399484688 -1.2727922061357855
  vertex -2.4099080820508885 -8.993899403784786 -1.6629831585203159
 endloop
endfacet
facet normal 0 0 0
 outer loop
  vertex -3.3397578335193177 -8.062888656724128 -1.2727922061357855
  vertex -2.4099080820508885 -8.993899403784786 -1.6629831585203159
  vertex -3.5632304267187873 -8.602399222044975 -1.6629831585203159
 endloop
endfacet
facet normal 0 0 0
 outer loop
  vertex -3.5632304267187873 -8.602399222044975 -1.6629831585203159
  vertex -2.4099080820508885 -8.993899403784786 -1.6629831585203159
  vertex -2.5881904510252065 -9.659258262890683 -1.8
 endloop
endfacet
facet normal 0 0 0
 outer loop
  vertex -3.5632304267187873 -8.602399222044975 -1.6629831585203159
  vertex -2.5881904510252065 -9.659258262890683 -1.8
  vertex -3.8268343236508953 -9.238795325112868 -1.8
 endloop
endfacet
facet normal 0 0 0
 outer loop
  vertex -3.8268343236508953 -9.238795325112868 -1.8
  vertex -2.5881904510252065 -9.659258262890683 -1.8
  vertex -2.7664728199995237 -10.324617121996578 -1.6629831585203159
 endloop
endfacet
facet normal 0 0 0
 outer loop
  vertex -3.8268343236508953 -9.238795325112868 -1.8
  vertex -2.7664728199995237 -10.324617121996578 -1.6629831585203159
  vertex -4.090438220583002 -9.875191428180761 -1.6629831585203159
 endloop
endfacet
facet normal 0 0 0
 outer loop
  vertex -4.090438220583002 -9.875191428180761 -1.6629831585203159
  vertex -2.7664728199995237 -10.324617121996578 -1.6629831585203159
  vertex -2.917613314431201 -10.888681126296678 -1.272792206135786
 endloop
endfacet
facet normal 0 0 0
 outer loop
  vertex -4.090438220583002 -9.875191428180761 -1.6629831585203159
  vertex -2.917613314431201 -10.888681126296678 -1.272792206135786
  vertex -4.3139108137824715 -10.414701993501607 -1.272792206135786
 endloop
endfacet
facet normal 0 0 0
 outer loop
  vertex -4.3139108137824715 -10.414701993501607 -1.272792206135786
  vertex -2.917613314431201 -10.888681126296678 -1.272792206135786
  vertex -3.0186021641350083 -11.265576644389224 -0.6888301782571628
 endloop
endfacet
facet normal 0 0 0
 outer loop
  vertex -4.3139108137824715 -10.414701993501607 -1.272792206135786
  vertex -3.0186021641350083 -11.265576644389224 -0.6888301782571628
  vertex -4.463230426718787 -10.775191428180761 -0.6888301782571628
 endloop
endfacet
facet normal 0 0 0
 outer loop
  vertex -4.463230426718787 -10.775191428180761 -0.6888301782571628
  vertex -3.0186021641350083 -11.265576644389224 -0.6888301782571628
  vertex -3.0540647322097434 -11.397924750211006 -4.4087284769304716e-16
 endloop
endfacet
facet normal 0 0 0
 outer loop
  vertex -4.463230426718787 -10.775191428180761 -0.6888301782571628
  vertex -3.0540647322097434 -11.397924750211006 -4.4087284769304716e-16
  vertex -4.515664501908057 -10.901778483633185 -4.4087284769304716e-16
 endloop
endfacet
facet normal 0 0 0
 outer loop
  vertex -3.0540647322097434 -11.397924750211006 0
  vertex -1.5402090681966094 -11.699049364210964 0
  vertex -1.5223247816082477 -11.56320472080426 0.6888301782571616
 endloop
endfacet
facet normal 0 0 0
 outer loop
  vertex -3.0540647322097434 -11.397924750211006 0
  vertex -1.5223247816082477 -11.56320472080426 0.6888301782571616
  vertex -3.0186021641350083 -11.265576644389224 0.6888301782571616
 endloop
endfacet
facet normal 0 0 0
 outer loop
  vertex -3.0186021641350083 -11.265576644389224 0.6888301782571616
  vertex -1.5223247816082477 -11.56320472080426 0.6888301782571616
  vertex -1.4713946423547795 -11.176351906108065 1.2727922061357855
 endloop
endfacet
facet normal 0 0 0
 outer loop
  vertex -3.0186021641350083 -11.265576644389224 0.6888301782571616
  vertex -1.4713946423547795 -11.176351906108065 1.2727922061357855
  vertex -2.9176133144312013 -10.888681126296678 1.2727922061357855
 endloop
endfacet
facet normal 0 0 0
 outer loop
  vertex -2.9176133144312013 -10.888681126296678 1.2727922061357855
  vertex -1.4713946423547795 -11.176351906108065 1.2727922061357855
  vertex -1.395172302454683 -10.597385754330372 1.662983158520316
 endloop
endfacet
facet normal 0 0 0
 outer loop
  vertex -2.9176133144312013 -10.888681126296678 1.2727922061357855
  vertex -1.395172302454683 -10.597385754330372 1.662983158520316
  vertex -2.7664728199995237 -10.324617121996578 1.662983158520316
 endloop
endfacet
facet normal 0 0 0
 outer loop
  vertex -2.7664728199995237 -10.324617121996578 1.662983158520316
  vertex -1.395172302454683 -10.597385754330372 1.662983158520316
  vertex -1.3052619222005162 -9.914448613738104 1.8
 endloop
endfacet
facet normal 0 0 0
 outer loop
  vertex -2.7664728199995237 -10.324617121996578 1.662983158520316
  vertex -1.3052619222005162 -9.914448613738104 1.8
  vertex -2.5881904510252065 -9.659258262890683 1.8
 endloop
endfacet
facet normal 0 0 0
 outer loop
  vertex -2.5881904510252065 -9.659258262890683 1.8
  vertex -1.3052619222005162 -9.914448613738104 1.8
  vertex -1.2153515419463496 -9.231511473145835 1.662983158520316
 endloop
endfacet
facet normal 0 0 0
 outer loop
  vertex -2.5881904510252065 -9.659258262890683 1.8
  vertex -1.2153515419463496 -9.231511473145835 1.662983158520316
  vertex -2.409908082050889 -8.993899403784788 1.662983158520316
 endloop
endfacet
facet normal 0 0 0
 outer loop
  vertex -2.409908082050889 -8.993899403784788 1.662983158520316
  vertex -1.2153515419463496 -9.231511473145835 1.662983158520316
  vertex -1.1391292020462533 -8.652545321368144 1.2727922061357857
 endloop
endfacet
facet normal 0 0 0
 outer loop
  vertex -2.409908082050889 -8.993899403784788 1.662983158520316
  vertex -1.1391292020462533 -8.652545321368144 1.2727922061357857
  vertex -2.2587675876192117 -8.42983539948469 1.2727922061357857
 endloop
endfacet
facet normal 0 0 0
 outer loop
  vertex -2.2587675876192117 -8.42983539948469 1.2727922061357857
  vertex -1.1391292020462533 -8.652545321368144 1.2727922061357857
  vertex -1.0881990627927849 -8.265692506671948 0.6888301782571619
 endloop
endfacet
facet normal 0 0 0
 outer loop
  vertex -2.2587675876192117 -8.42983539948469 1.2727922061357857
  vertex -1.0881990627927849 -8.265692506671948 0.6888301782571619
  vertex -2.1577787379154043 -8.052939881392142 0.6888301782571619
 endloop
endfacet
facet normal 0 0 0
 outer loop
  vertex -2.1577787379154043 -8.052939881392142 0.6888301782571619
  vertex -1.0881990627927849 -8.265692506671948 0.6888301782571619
  vertex -1.0703147762044232 -8.129847863265244 2.2043642384652358e-16
 endloop
endfacet
facet normal 0 0 0
 outer loop
  vertex -2.1577787379154043 -8.052939881392142 0.6888301782571619
  vertex -1.0703147762044232 -8.129847863265244 2.2043642384652358e-16
  vertex -2.122316169840669 -7.92059177557036 2.2043642384652358e-16
 endloop
endfacet
facet normal 0 0 0
 outer loop
  vertex -2.122316169840669 -7.92059177557036 2.2043642384652358e-16
  vertex -1.0703147762044232 -8.129847863265244 2.2043642384652358e-16
  vertex -1.0881990627927849 -8.265692506671948 -0.6888301782571614
 endloop
endfacet
facet normal 0 0 0
 outer loop
  vertex -2.122316169840669 -7.92059177557036 2.2043642384652358e-16
  vertex -1.0881990627927849 -8.265692506671948 -0.6888301782571614
  vertex -2.1577787379154043 -8.052939881392142 -0.6888301782571614
 endloop
endfacet
facet normal 0 0 0
 outer loop
  vertex -2.1577787379154043 -8.052939881392142 -0.6888301782571614
  vertex -1.0881990627927849 -8.265692506671948 -0.6888301782571614
  vertex -1.1391292020462531 -8.652545321368143 -1.2727922061357855
 endloop
endfacet
facet normal 0 0 0
 outer loop
  vertex -2.1577787379154043 -8.052939881392142 -0.6888301782571614
  vertex -1.1391292020462531 -8.652545321368143 -1.2727922061357855
  vertex -2.2587675876192113 -8.429835399484688 -1.2727922061357855
 endloop
endfacet
facet normal 0 0 0
 outer loop
  vertex -2.2587675876192113 -8.429835399484688 -1.2727922061357855
  vertex -1.1391292020462531 -8.652545321368143 -1.2727922061357855
  vertex -1.2153515419463494 -9.231511473145833 -1.6629831585203159
 endloop
endfacet
facet normal 0 0 0
 outer loop
  vertex -2.2587675876192113 -8.429835399484688 -1.2727922061357855
  vertex -1.2153515419463494 -9.231511473145833 -1.6629831585203159
  vertex -2.4099080820508885 -8.993899403784786 -1.6629831585203159
 endloop
endfacet
facet normal 0 0 0
 outer loop
  vertex -2.4099080820508885 -8.993899403784786 -1.6629831585203159
  vertex -1.2153515419463494 -9.231511473145833 -1.6629831585203159
  vertex -1.3052619222005162 -9.914448613738104 -1.8
 endloop
endfacet
facet normal 0 0 0
 outer loop
  vertex -2.4099080820508885 -8.993899403784786 -1.6629831585203159
  vertex -1.3052619222005162 -9.914448613738104 -1.8
  vertex -2.5881904510252065 -9.659258262890683 -1.8
 endloop
endfacet
facet normal 0 0 0
 outer loop
  vertex -2.5881904510252065 -9.659258262890683 -1.8
  vertex -1.3052619222005162 -9.914448613738104 -1.8
  vertex -1.395172302454683 -10.597385754330372 -1.6629831585203159
 endloop
endfacet
facet normal 0 0 0
 outer loop
  vertex -2.5881904510252065 -9.659258262890683 -1.8
  vertex -1.395172302454683 -10.597385754330372 -1.6629831585203159
  vertex -2.7664728199995237 -10.324617121996578 -1.6629831585203159
 endloop
endfacet
facet normal 0 0 0
 outer loop
  vertex -2.7664728199995237 -10.324617121996578 -1.6629831585203159
  vertex -1.395172302454683 -10.597385754330372 -1.6629831585203159
  vertex -1.4713946423547792 -11.176351906108064 -1.272792206135786
 endloop
endfacet
facet normal 0 0 0
 outer loop
  vertex -2.7664728199995237 -10.324617121996578 -1.6629831585203159
  vertex -1.4713946423547792 -11.176351906108064 -1.272792206135786
  vertex -2.917613314431201 -10.888681126296678 -1.272792206135786
 endloop
endfacet
facet normal 0 0 0
 outer loop
  vertex -2.917613314431201 -10.888681126296678 -1.272792206135786
  vertex -1.4713946423547792 -11.176351906108064 -1.272792206135786
  vertex -1.5223247816082477 -11.56320472080426 -0.6888301782571628
 endloop
endfacet
facet normal 0 0 0
 outer loop
  vertex -2.917613314431201 -10.888681126296678 -1.272792206135786
  vertex -1.5223247816082477 -11.56320472080426 -0.6888301782571628
  vertex -3.0186021641350083 -11.265576644389224 -0.6888301782571628
 endloop
endfacet
facet normal 0 0 0
 outer loop
  vertex -3.0186021641350083 -11.265576644389224 -0.6888301782571628
  vertex -1.5223247816082477 -11.56320472080426 -0.6888301782571628
  vertex -1.5402090681966094 -11.699049364210964 -4.4087284769304716e-16
 endloop
endfacet
facet normal 0 0 0
 outer loop
  vertex -3.0186021641350083 -11.265576644389224 -0.6888301782571628
  vertex -1.5402090681966094 -11.699049364210964 -4.4087284769304716e-16
  vertex -3.0540647322097434 -11.397924750211006 -4.4087284769304716e-16
 endloop
endfacet
facet normal 0 0 0
 outer loop
  vertex -1.5402090681966094 -11.699049364210964 0
  vertex -2.1676248344908154e-15 -11.8 0
  vertex -2.1424552490387085e-15 -11.662983158520316 0.6888301782571616
 endloop
endfacet
facet normal 0 0 0
 outer loop
  vertex -1.5402090681966094 -11.699049364210964 0
  vertex -2.1424552490387085e-15 -11.662983158520316 0.6888301782571616
  vertex -1.5223247816082477 -11.56320472080426 0.6888301782571616
 endloop
endfacet
facet normal 0 0 0
 outer loop
  vertex -1.5223247816082477 -11.56320472080426 0.6888301782571616
  vertex -2.1424552490387085e-15 -11.662983158520316 0.6888301782571616
  vertex -2.070778333904613e-15 -11.272792206135787 1.2727922061357855
 endloop
endfacet
facet normal 0 0 0
 outer loop
  vertex -1.5223247816082477 -11.56320472080426 0.6888301782571616
  vertex -2.070778333904613e-15 -11.272792206135787 1.2727922061357855
  vertex -1.4713946423547795 -11.176351906108065 1.2727922061357855
 endloop
endfacet
facet normal 0 0 0
 outer loop
  vertex -1.4713946423547795 -11.176351906108065 1.2727922061357855
  vertex -2.070778333904613e-15 -11.272792206135787 1.2727922061357855
  vertex -1.9635062496648395e-15 -10.688830178257161 1.662983158520316
 endloop
endfacet
facet normal 0 0 0
 outer loop
  vertex -1.4713946423547795 -11.176351906108065 1.2727922061357855
  vertex -1.9635062496648395e-15 -10.688830178257161 1.662983158520316
  vertex -1.395172302454683 -10.597385754330372 1.662983158520316
 endloop
endfacet
facet normal 0 0 0
 outer loop
  vertex -1.395172302454683 -10.597385754330372 1.662983158520316
  vertex -1.9635062496648395e-15 -10.688830178257161 1.662983158520316
  vertex -1.8369701987210296e-15 -10 1.8
 endloop
endfacet
facet normal 0 0 0
 outer loop
  vertex -1.395172302454683 -10.597385754330372 1.662983158520316
  vertex -1.8369701987210296e-15 -10 1.8
  vertex -1.3052619222005162 -9.914448613738104 1.8
 endloop
endfacet
facet normal 0 0 0
 outer loop
  vertex -1.3052619222005162 -9.914448613738104 1.8
  vertex -1.8369701987210296e-15 -10 1.8
  vertex -1.7104341477772196e-15 -9.311169821742839 1.662983158520316
 endloop
endfacet
facet normal 0 0 0
 outer loop
  vertex -1.3052619222005162 -9.914448613738104 1.8
  vertex -1.7104341477772196e-15 -9.311169821742839 1.662983158520316
  vertex -1.2153515419463496 -9.231511473145835 1.662983158520316
 endloop
endfacet
facet normal 0 0 0
 outer loop
  vertex -1.2153515419463496 -9.231511473145835 1.662983158520316
  vertex -1.7104341477772196e-15 -9.311169821742839 1.662983158520316
  vertex -1.6031620635374466e-15 -8.727207793864215 1.2727922061357857
 endloop
endfacet
facet normal 0 0 0
 outer loop
  vertex -1.2153515419463496 -9.231511473145835 1.662983158520316
  vertex -1.6031620635374466e-15 -8.727207793864215 1.2727922061357857
  vertex -1.1391292020462533 -8.652545321368144 1.2727922061357857
 endloop
endfacet
facet normal 0 0 0
 outer loop
  vertex -1.1391292020462533 -8.652545321368144 1.2727922061357857
  vertex -1.6031620635374466e-15 -8.727207793864215 1.2727922061357857
  vertex -1.5314851484033507e-15 -8.337016841479684 0.6888301782571619
 endloop
endfacet
facet normal 0 0 0
 outer loop
  vertex -1.1391292020462533 -8.652545321368144 1.2727922061357857
  vertex -1.5314851484033507e-15 -8.337016841479684 0.6888301782571619
  vertex -1.0881990627927849 -8.265692506671948 0.6888301782571619
 endloop
endfacet
facet normal 0 0 0
 outer loop
  vertex -1.0881990627927849 -8.265692506671948 0.6888301782571619
  vertex -1.5314851484033507e-15 -8.337016841479684 0.6888301782571619
  vertex -1.5063155629512442e-15 -8.2 2.2043642384652358e-16
 endloop
endfacet
facet normal 0 0 0
 outer loop
  vertex -1.0881990627927849 -8.265692506671948 0.6888301782571619
  vertex -1.5063155629512442e-15 -8.2 2.2043642384652358e-16
  vertex -1.0703147762044232 -8.129847863265244 2.2043642384652358e-16
 endloop
endfacet
facet normal 0 0 0
 outer loop
  vertex -1.0703147762044232 -8.129847863265244 2.2043642384652358e-16
  vertex -1.5063155629512442e-15 -8.2 2.2043642384652358e-16
  vertex -1.5314851484033507e-15 -8.337016841479684 -0.6888301782571614
 endloop
endfacet
facet normal 0 0 0
 outer loop
  vertex -1.0703147762044232 -8.129847863265244 2.2043642384652358e-16
  vertex -1.5314851484033507e-15 -8.337016841479684 -0.6888301782571614
  vertex -1.0881990627927849 -8.265692506671948 -0.6888301782571614
 endloop
endfacet
facet normal 0 0 0
 outer loop
  vertex -1.0881990627927849 -8.265692506671948 -0.6888301782571614
  vertex -1.5314851484033507e-15 -8.337016841479684 -0.6888301782571614
  vertex -1.6031620635374464e-15 -8.727207793864213 -1.2727922061357855
 endloop
endfacet
facet normal 0 0 0
 outer loop
  vertex -1.0881990627927849 -8.265692506671948 -0.6888301782571614
  vertex -1.6031620635374464e-15 -8.727207793864213 -1.2727922061357855
  vertex -1.1391292020462531 -8.652545321368143 -1.2727922061357855
 endloop
endfacet
facet normal 0 0 0
 outer loop
  vertex -1.1391292020462531 -8.652545321368143 -1.2727922061357855
  vertex -1.6031620635374464e-15 -8.727207793864213 -1.2727922061357855
  vertex -1.7104341477772194e-15 -9.311169821742837 -1.6629831585203159
 endloop
endfacet
facet normal 0 0 0
 outer loop
  vertex -1.1391292020462531 -8.652545321368143 -1.2727922061357855
  vertex -1.7104341477772194e-15 -9.311169821742837 -1.6629831585203159
  vertex -1.2153515419463494 -9.231511473145833 -1.6629831585203159
 endloop
endfacet
facet normal 0 0 0
 outer loop
  vertex -1.2153515419463494 -9.231511473145833 -1.6629831585203159
  vertex -1.7104341477772194e-15 -9.311169821742837 -1.6629831585203159
  vertex -1.8369701987210296e-15 -10 -1.8
 endloop
endfacet
facet normal 0 0 0
 outer loop
  vertex -1.2153515419463494 -9.231511473145833 -1.6629831585203159
  vertex -1.8369701987210296e-15 -10 -1.8
  vertex -1.3052619222005162 -9.914448613738104 -1.8
 endloop
endfacet
facet normal 0 0 0
 outer loop
  vertex -1.3052619222005162 -9.914448613738104 -1.8
  vertex -1.8369701987210296e-15 -10 -1.8
  vertex -1.9635062496648395e-15 -10.688830178257161 -1.6629831585203159
 endloop
endfacet
facet normal 0 0 0
 outer loop
  vertex -1.3052619222005162 -9.914448613738104 -1.8
  vertex -1.9635062496648395e-15 -10.688830178257161 -1.6629831585203159
  vertex -1.395172302454683 -10.597385754330372 -1.6629831585203159
 endloop
endfacet
facet normal 0 0 0
 outer loop
  vertex -1.395172302454683 -10.597385754330372 -1.6629831585203159
  vertex -1.9635062496648395e-15 -10.688830178257161 -1.6629831585203159
  vertex -2.0707783339046126e-15 -11.272792206135785 -1.272792206135786
 endloop
endfacet
facet normal 0 0 0
 outer loop
  vertex -1.395172302454683 -10.597385754330372 -1.6629831585203159
  vertex -2.0707783339046126e-15 -11.272792206135785 -1.272792206135786
  vertex -1.4713946423547792 -11.176351906108064 -1.272792206135786
 endloop
endfacet
facet normal 0 0 0
 outer loop
  vertex -1.4713946423547792 -11.176351906108064 -1.272792206135786
  vertex -2.0707783339046126e-15 -11.272792206135785 -1.272792206135786
  vertex -2.1424552490387085e-15 -11.662983158520316 -0.6888301782571628
 endloop
endfacet
facet normal 0 0 0
 outer loop
  vertex -1.4713946423547792 -11.176351906108064 -1.272792206135786
  vertex -2.1424552490387085e-15 -11.662983158520316 -0.6888301782571628
  vertex -1.5223247816082477 -11.56320472080426 -0.6888301782571628
 endloop
endfacet
facet normal 0 0 0
 outer loop
  vertex -1.5223247816082477 -11.56320472080426 -0.6888301782571628
  vertex -2.1424552490387085e-15 -11.662983158520316 -0.6888301782571628
  vertex -2.1676248344908154e-15 -11.8 -4.4087284769304716e-16
 endloop
endfacet
facet normal 0 0 0
 outer loop
  vertex -1.5223247816082477 -11.56320472080426 -0.6888301782571628
  vertex -2.1676248344908154e-15 -11.8 -4.4087284769304716e-16
  vertex -1.5402090681966094 -11.699049364210964 -4.4087284769304716e-16
 endloop
endfacet
facet normal 0 0 0
 outer loop
  vertex -2.1676248344908154e-15 -11.8 0
  vertex 1.540209068196605 -11.699049364210964 0
  vertex 1.5223247816082435 -11.563204720804261 0.6888301782571616
 endloop
endfacet
facet normal 0 0 0
 outer loop
  vertex -2.1676248344908154e-15 -11.8 0
  vertex 1.5223247816082435 -11.563204720804261 0.6888301782571616
  vertex -2.1424552490387085e-15 -11.662983158520316 0.6888301782571616
 endloop
endfacet
facet normal 0 0 0
 outer loop
  vertex -2.1424552490387085e-15 -11.662983158520316 0.6888301782571616
  vertex 1.5223247816082435 -11.563204720804261 0.6888301782571616
  vertex 1.4713946423547755 -11.176351906108067 1.2727922061357855
 endloop
endfacet
facet normal 0 0 0
 outer loop
  vertex -2.1424552490387085e-15 -11.662983158520316 0.6888301782571616
  vertex 1.4713946423547755 -11.176351906108067 1.2727922061357855
  vertex -2.070778333904613e-15 -11.272792206135787 1.2727922061357855
 endloop
endfacet
facet normal 0 0 0
 outer loop
  vertex -2.070778333904613e-15 -11.272792206135787 1.2727922061357855
  vertex 1.4713946423547755 -11.176351906108067 1.2727922061357855
  vertex 1.3951723024546792 -10.597385754330373 1.662983158520316
 endloop
endfacet
facet normal 0 0 0
 outer loop
  vertex -2.070778333904613e-15 -11.272792206135787 1.2727922061357855
  vertex 1.3951723024546792 -10.597385754330373 1.662983158520316
  vertex -1.9635062496648395e-15 -10.688830178257161 1.662983158520316
 endloop
endfacet
facet normal 0 0 0
 outer loop
  vertex -1.9635062496648395e-15 -10.688830178257161 1.662983158520316
  vertex 1.3951723024546792 -10.597385754330373 1.662983158520316
  vertex 1.3052619222005126 -9.914448613738106 1.8
 endloop
endfacet
facet normal 0 0 0
 outer loop
  vertex -1.9635062496648395e-15 -10.688830178257161 1.662983158520316
  vertex 1.3052619222005126 -9.914448613738106 1.8
  vertex -1.8369701987210296e-15 -10 1.8
 endloop
endfacet
facet normal 0 0 0
 outer loop
  vertex -1.8369701987210296e-15 -10 1.8
  vertex 1.3052619222005126 -9.914448613738106 1.8
  vertex 1.2153515419463463 -9.231511473145837 1.662983158520316
 endloop
endfacet
facet normal 0 0 0
 outer loop
  vertex -1.8369701987210296e-15 -10 1.8
  vertex 1.2153515419463463 -9.231511473145837 1.662983158520316
  vertex -1.7104341477772196e-15 -9.311169821742839 1.662983158520316
 endloop
endfacet
facet normal 0 0 0
 outer loop
  vertex -1.7104341477772196e-15 -9.311169821742839 1.662983158520316
  vertex 1.2153515419463463 -9.231511473145837 1.662983158520316
  vertex 1.13912920204625 -8.652545321368144 1.2727922061357857
 endloop
endfacet
facet normal 0 0 0
 outer loop
  vertex -1.7104341477772196e-15 -9.311169821742839 1.662983158520316
  vertex 1.13912920204625 -8.652545321368144 1.2727922061357857
  vertex -1.6031620635374466e-15 -8.727207793864215 1.2727922061357857
 endloop
endfacet
facet normal 0 0 0
 outer loop
  vertex -1.6031620635374466e-15 -8.727207793864215 1.2727922061357857
  vertex 1.13912920204625 -8.652545321368144 1.2727922061357857
  vertex 1.088199062792782 -8.265692506671948 0.6888301782571619
 endloop
endfacet
facet normal 0 0 0
 outer loop
  vertex -1.6031620635374466e-15 -8.727207793864215 1.2727922061357857
  vertex 1.088199062792782 -8.265692506671948 0.6888301782571619
  vertex -1.5314851484033507e-15 -8.337016841479684 0.6888301782571619
 endloop
endfacet
facet normal 0 0 0
 outer loop
  vertex -1.5314851484033507e-15 -8.337016841479684 0.6888301782571619
  vertex 1.088199062792782 -8.265692506671948 0.6888301782571619
  vertex 1.0703147762044203 -8.129847863265246 2.2043642384652358e-16
 endloop
endfacet
facet normal 0 0 0
 outer loop
  vertex -1.5314851484033507e-15 -8.337016841479684 0.6888301782571619
  vertex 1.0703147762044203 -8.129847863265246 2.2043642384652358e-16
  vertex -1.5063155629512442e-15 -8.2 2.2043642384652358e-16
 endloop
endfacet
facet normal 0 0 0
 outer loop
  vertex -1.5063155629512442e-15 -8.2 2.2043642384652358e-16
  vertex 1.0703147762044203 -8.129847863265246 2.2043642384652358e-16
  vertex 1.088199062792782 -8.265692506671948 -0.6888301782571614
 endloop
endfacet
facet normal 0 0 0
 outer loop
  vertex -1.5063155629512442e-15 -8.2 2.2043642384652358e-16
  vertex 1.088199062792782 -8.265692506671948 -0.6888301782571614
  vertex -1.5314851484033507e-15 -8.337016841479684 -0.6888301782571614
 endloop
endfacet
facet normal 0 0 0
 outer loop
  vertex -1.5314851484033507e-15 -8.337016841479684 -0.6888301782571614
  vertex 1.088199062792782 -8.265692506671948 -0.6888301782571614
  vertex 1.1391292020462498 -8.652545321368143 -1.2727922061357855
 endloop
endfacet
facet normal 0 0 0
 outer loop
  vertex -1.5314851484033507e-15 -8.337016841479684 -0.6888301782571614
  vertex 1.1391292020462498 -8.652545321368143 -1.2727922061357855
  vertex -1.6031620635374464e-15 -8.727207793864213 -1.2727922061357855
 endloop
endfacet
facet normal 0 0 0
 outer loop
  vertex -1.6031620635374464e-15 -8.727207793864213 -1.2727922061357855
  vertex 1.1391292020462498 -8.652545321368143 -1.2727922061357855
  vertex 1.215351541946346 -9.231511473145835 -1.6629831585203159
 endloop
endfacet
facet normal 0 0 0
 outer loop
  vertex -1.6031620635374464e-15 -8.727207793864213 -1.2727922061357855
  vertex 1.215351541946346 -9.231511473145835 -1.6629831585203159
  vertex -1.7104341477772194e-15 -9.311169821742837 -1.6629831585203159
 endloop
endfacet
facet normal 0 0 0
 outer loop
  vertex -1.7104341477772194e-15 -9.311169821742837 -1.6629831585203159
  vertex 1.215351541946346 -9.231511473145835 -1.6629831585203159
  vertex 1.3052619222005126 -9.914448613738106 -1.8
 endloop
endfacet
facet normal 0 0 0
 outer loop
  vertex -1.7104341477772194e-15 -9.311169821742837 -1.6629831585203159
  vertex 1.3052619222005126 -9.914448613738106 -1.8
  vertex -1.8369701987210296e-15 -10 -1.8
 endloop
endfacet
facet normal 0 0 0
 outer loop
  vertex -1.8369701987210296e-15 -10 -1.8
  vertex 1.3052619222005126 -9.914448613738106 -1.8
  vertex 1.3951723024546792 -10.597385754330373 -1.6629831585203159
 endloop
endfacet
facet normal 0 0 0
 outer loop
  vertex -1.8369701987210296e-15 -10 -1.8
  vertex 1.3951723024546792 -10.597385754330373 -1.6629831585203159
  vertex -1.9635062496648395e-15 -10.688830178257161 -1.6629831585203159
 endloop
endfacet
facet normal 0 0 0
 outer loop
  vertex -1.9635062496648395e-15 -10.688830178257161 -1.6629831585203159
  vertex 1.3951723024546792 -10.597385754330373 -1.6629831585203159
  vertex 1.4713946423547752 -11.176351906108065 -1.272792206135786
 endloop
endfacet
facet normal 0 0 0
 outer loop
  vertex -1.9635062496648395e-15 -10.688830178257161 -1.6629831585203159
  vertex 1.4713946423547752 -11.176351906108065 -1.272792206135786
  vertex -2.0707783339046126e-15 -11.272792206135785 -1.272792206135786
 endloop
endfacet
facet normal 0 0 0
 outer loop
  vertex -2.0707783339046126e-15 -11.272792206135785 -1.272792206135786
  vertex 1.4713946423547752 -11.176351906108065 -1.272792206135786
  vertex 1.5223247816082435 -11.563204720804261 -0.6888301782571628
 endloop
endfacet
facet normal 0 0 0
 outer loop
  vertex -2.0707783339046126e-15 -11.272792206135785 -1.272792206135786
  vertex 1.5223247816082435 -11.563204720804261 -0.6888301782571628
  vertex -2.1424552490387085e-15 -11.662983158520316 -0.6888301782571628
 endloop
endfacet
facet normal 0 0 0
 outer loop
  vertex -2.1424552490387085e-15 -11.662983158520316 -0.6888301782571628
  vertex 1.5223247816082435 -11.563204720804261 -0.6888301782571628
  vertex 1.540209068196605 -11.699049364210964 -4.4087284769304716e-16
 endloop
endfacet
facet normal 0 0 0
 outer loop
  vertex -2.1424552490387085e-15 -11.662983158520316 -0.6888301782571628
  vertex 1.540209068196605 -11.699049364210964 -4.4087284769304716e-16
  vertex -2.1676248344908154e-15 -11.8 -4.4087284769304716e-16
 endloop
endfacet
facet normal 0 0 0
 outer loop
  vertex 1.540209068196605 -11.699049364210964 0
  vertex 3.05406473220974 -11.397924750211008 0
  vertex 3.0186021641350043 -11.265576644389226 0.6888301782571616
 endloop
endfacet
facet normal 0 0 0
 outer loop
  vertex 1.540209068196605 -11.699049364210964 0
  vertex 3.0186021641350043 -11.265576644389226 0.6888301782571616
  vertex 1.5223247816082435 -11.563204720804261 0.6888301782571616
 endloop
endfacet
facet normal 0 0 0
 outer loop
  vertex 1.5223247816082435 -11.563204720804261 0.6888301782571616
  vertex 3.0186021641350043 -11.265576644389226 0.6888301782571616
  vertex 2.9176133144311973 -10.88868112629668 1.2727922061357855
 endloop
endfacet
facet normal 0 0 0
 outer loop
  vertex 1.5223247816082435 -11.563204720804261 0.6888301782571616
  vertex 2.9176133144311973 -10.88868112629668 1.2727922061357855
  vertex 1.4713946423547755 -11.176351906108067 1.2727922061357855
 endloop
endfacet
facet normal 0 0 0
 outer loop
  vertex 1.4713946423547755 -11.176351906108067 1.2727922061357855
  vertex 2.9176133144311973 -10.88868112629668 1.2727922061357855
  vertex 2.76647281999952 -10.32461712199658 1.662983158520316
 endloop
endfacet
facet normal 0 0 0
 outer loop
  vertex 1.4713946423547755 -11.176351906108067 1.2727922061357855
  vertex 2.76647281999952 -10.32461712199658 1.662983158520316
  vertex 1.3951723024546792 -10.597385754330373 1.662983158520316
 endloop
endfacet
facet normal 0 0 0
 outer loop
  vertex 1.3951723024546792 -10.597385754330373 1.662983158520316
  vertex 2.76647281999952 -10.32461712199658 1.662983158520316
  vertex 2.588190451025203 -9.659258262890685 1.8
 endloop
endfacet
facet normal 0 0 0
 outer loop
  vertex 1.3951723024546792 -10.597385754330373 1.662983158520316
  vertex 2.588190451025203 -9.659258262890685 1.8
  vertex 1.3052619222005126 -9.914448613738106 1.8
 endloop
endfacet
facet normal 0 0 0
 outer loop
  vertex 1.3052619222005126 -9.914448613738106 1.8
  vertex 2.588190451025203 -9.659258262890685 1.8
  vertex 2.409908082050886 -8.99389940378479 1.662983158520316
 endloop
endfacet
facet normal 0 0 0
 outer loop
  vertex 1.3052619222005126 -9.914448613738106 1.8
  vertex 2.409908082050886 -8.99389940378479 1.662983158520316
  vertex 1.2153515419463463 -9.231511473145837 1.662983158520316
 endloop
endfacet
facet normal 0 0 0
 outer loop
  vertex 1.2153515419463463 -9.231511473145837 1.662983158520316
  vertex 2.409908082050886 -8.99389940378479 1.662983158520316
  vertex 2.258767587619209 -8.42983539948469 1.2727922061357857
 endloop
endfacet
facet normal 0 0 0
 outer loop
  vertex 1.2153515419463463 -9.231511473145837 1.662983158520316
  vertex 2.258767587619209 -8.42983539948469 1.2727922061357857
  vertex 1.13912920204625 -8.652545321368144 1.2727922061357857
 endloop
endfacet
facet normal 0 0 0
 outer loop
  vertex 1.13912920204625 -8.652545321368144 1.2727922061357857
  vertex 2.258767587619209 -8.42983539948469 1.2727922061357857
  vertex 2.1577787379154016 -8.052939881392144 0.6888301782571619
 endloop
endfacet
facet normal 0 0 0
 outer loop
  vertex 1.13912920204625 -8.652545321368144 1.2727922061357857
  vertex 2.1577787379154016 -8.052939881392144 0.6888301782571619
  vertex 1.088199062792782 -8.265692506671948 0.6888301782571619
 endloop
endfacet
facet normal 0 0 0
 outer loop
  vertex 1.088199062792782 -8.265692506671948 0.6888301782571619
  vertex 2.1577787379154016 -8.052939881392144 0.6888301782571619
  vertex 2.122316169840666 -7.920591775570361 2.2043642384652358e-16
 endloop
endfacet
facet normal 0 0 0
 outer loop
  vertex 1.088199062792782 -8.265692506671948 0.6888301782571619
  vertex 2.122316169840666 -7.920591775570361 2.2043642384652358e-16
  vertex 1.0703147762044203 -8.129847863265246 2.2043642384652358e-16
 endloop
endfacet
facet normal 0 0 0
 outer loop
  vertex 1.0703147762044203 -8.129847863265246 2.2043642384652358e-16
  vertex 2.122316169840666 -7.920591775570361 2.2043642384652358e-16
  vertex 2.1577787379154016 -8.052939881392144 -0.6888301782571614
 endloop
endfacet
facet normal 0 0 0
 outer loop
  vertex 1.0703147762044203 -8.129847863265246 2.2043642384652358e-16
  vertex 2.1577787379154016 -8.052939881392144 -0.6888301782571614
  vertex 1.088199062792782 -8.265692506671948 -0.6888301782571614
 endloop
endfacet
facet normal 0 0 0
 outer loop
  vertex 1.088199062792782 -8.265692506671948 -0.6888301782571614
  vertex 2.1577787379154016 -8.052939881392144 -0.6888301782571614
  vertex 2.2587675876192086 -8.429835399484688 -1.2727922061357855
 endloop
endfacet
facet normal 0 0 0
 outer loop
  vertex 1.088199062792782 -8.265692506671948 -0.6888301782571614
  vertex 2.2587675876192086 -8.429835399484688 -1.2727922061357855
  vertex 1.1391292020462498 -8.652545321368143 -1.2727922061357855
 endloop
endfacet
facet normal 0 0 0
 outer loop
  vertex 1.1391292020462498 -8.652545321368143 -1.2727922061357855
  vertex 2.2587675876192086 -8.429835399484688 -1.2727922061357855
  vertex 2.4099080820508854 -8.993899403784788 -1.6629831585203159
 endloop
endfacet
facet normal 0 0 0
 outer loop
  vertex 1.1391292020462498 -8.652545321368143 -1.2727922061357855
  vertex 2.4099080820508854 -8.993899403784788 -1.6629831585203159
  vertex 1.215351541946346 -9.231511473145835 -1.6629831585203159
 endloop
endfacet
facet normal 0 0 0
 outer loop
  vertex 1.215351541946346 -9.231511473145835 -1.6629831585203159
  vertex 2.4099080820508854 -8.993899403784788 -1.6629831585203159
  vertex 2.588190451025203 -9.659258262890685 -1.8
 endloop
endfacet
facet normal 0 0 0
 outer loop
  vertex 1.215351541946346 -9.231511473145835 -1.6629831585203159
  vertex 2.588190451025203 -9.659258262890685 -1.8
  vertex 1.3052619222005126 -9.914448613738106 -1.8
 endloop
endfacet
facet normal 0 0 0
 outer loop
  vertex 1.3052619222005126 -9.914448613738106 -1.8
  vertex 2.588190451025203 -9.659258262890685 -1.8
  vertex 2.76647281999952 -10.32461712199658 -1.6629831585203159
 endloop
endfacet
facet normal 0 0 0
 outer loop
  vertex 1.3052619222005126 -9.914448613738106 -1.8
  vertex 2.76647281999952 -10.32461712199658 -1.6629831585203159
  vertex 1.3951723024546792 -10.597385754330373 -1.6629831585203159
 endloop
endfacet
facet normal 0 0 0
 outer loop
  vertex 1.3951723024546792 -10.597385754330373 -1.6629831585203159
  vertex 2.76647281999952 -10.32461712199658 -1.6629831585203159
  vertex 2.917613314431197 -10.888681126296678 -1.272792206135786
 endloop
endfacet
facet normal 0 0 0
 outer loop
  vertex 1.3951723024546792 -10.597385754330373 -1.6629831585203159
  vertex 2.917613314431197 -10.888681126296678 -1.272792206135786
  vertex 1.4713946423547752 -11.176351906108065 -1.272792206135786
 endloop
endfacet
facet normal 0 0 0
 outer loop
  vertex 1.4713946423547752 -11.176351906108065 -1.272792206135786
  vertex 2.917613314431197 -10.888681126296678 -1.272792206135786
  vertex 3.0186021641350043 -11.265576644389226 -0.6888301782571628
 endloop
endfacet
facet normal 0 0 0
 outer loop
  vertex 1.4713946423547752 -11.176351906108065 -1.272792206135786
  vertex 3.0186021641350043 -11.265576644389226 -0.6888301782571628
  vertex 1.5223247816082435 -11.563204720804261 -0.6888301782571628
 endloop
endfacet
facet normal 0 0 0
 outer loop
  vertex 1.5223247816082435 -11.563204720804261 -0.6888301782571628
  vertex 3.0186021641350043 -11.265576644389226 -0.6888301782571628
  vertex 3.05406473220974 -11.397924750211008 -4.4087284769304716e-16
 endloop
endfacet
facet normal 0 0 0
 outer loop
  vertex 1.5223247816082435 -11.563204720804261 -0.6888301782571628
  vertex 3.05406473220974 -11.397924750211008 -4.4087284769304716e-16
  vertex 1.540209068196605 -11.699049364210964 -4.4087284769304716e-16
 endloop
endfacet
facet normal 0 0 0
 outer loop
  vertex 3.05406473220974 -11.397924750211008 0
  vertex 4.515664501908052 -10.901778483633187 0
  vertex 4.463230426718783 -10.775191428180761 0.6888301782571616
 endloop
endfacet
facet normal 0 0 0
 outer loop
  vertex 3.05406473220974 -11.397924750211008 0
  vertex 4.463230426718783 -10.775191428180761 0.6888301782571616
  vertex 3.0186021641350043 -11.265576644389226 0.6888301782571616
 endloop
endfacet
facet normal 0 0 0
 outer loop
  vertex 3.0186021641350043 -11.265576644389226 0.6888301782571616
  vertex 4.463230426718783 -10.775191428180761 0.6888301782571616
  vertex 4.313910813782469 -10.414701993501609 1.2727922061357855
 endloop
endfacet
facet normal 0 0 0
 outer loop
  vertex 3.0186021641350043 -11.265576644389226 0.6888301782571616
  vertex 4.313910813782469 -10.414701993501609 1.2727922061357855
  vertex 2.9176133144311973 -10.88868112629668 1.2727922061357855
 endloop
endfacet
facet normal 0 0 0
 outer loop
  vertex 2.9176133144311973 -10.88868112629668 1.2727922061357855
  vertex 4.313910813782469 -10.414701993501609 1.2727922061357855
  vertex 4.090438220582999 -9.875191428180763 1.662983158520316
 endloop
endfacet
facet normal 0 0 0
 outer loop
  vertex 2.9176133144311973 -10.88868112629668 1.2727922061357855
  vertex 4.090438220582999 -9.875191428180763 1.662983158520316
  vertex 2.76647281999952 -10.32461712199658 1.662983158520316
 endloop
endfacet
facet normal 0 0 0
 outer loop
  vertex 2.76647281999952 -10.32461712199658 1.662983158520316
  vertex 4.090438220582999 -9.875191428180763 1.662983158520316
  vertex 3.8268343236508917 -9.23879532511287 1.8
 endloop
endfacet
facet normal 0 0 0
 outer loop
  vertex 2.76647281999952 -10.32461712199658 1.662983158520316
  vertex 3.8268343236508917 -9.23879532511287 1.8
  vertex 2.588190451025203 -9.659258262890685 1.8
 endloop
endfacet
facet normal 0 0 0
 outer loop
  vertex 2.588190451025203 -9.659258262890685 1.8
  vertex 3.8268343236508917 -9.23879532511287 1.8
  vertex 3.563230426718785 -8.602399222044976 1.662983158520316
 endloop
endfacet
facet normal 0 0 0
 outer loop
  vertex 2.588190451025203 -9.659258262890685 1.8
  vertex 3.563230426718785 -8.602399222044976 1.662983158520316
  vertex 2.409908082050886 -8.99389940378479 1.662983158520316
 endloop
endfacet
facet normal 0 0 0
 outer loop
  vertex 2.409908082050886 -8.99389940378479 1.662983158520316
  vertex 3.563230426718785 -8.602399222044976 1.662983158520316
  vertex 3.3397578335193154 -8.062888656724132 1.2727922061357857
 endloop
endfacet
facet normal 0 0 0
 outer loop
  vertex 2.409908082050886 -8.99389940378479 1.662983158520316
  vertex 3.3397578335193154 -8.062888656724132 1.2727922061357857
  vertex 2.258767587619209 -8.42983539948469 1.2727922061357857
 endloop
endfacet
facet normal 0 0 0
 outer loop
  vertex 2.258767587619209 -8.42983539948469 1.2727922061357857
  vertex 3.3397578335193154 -8.062888656724132 1.2727922061357857
  vertex 3.190438220583 -7.702399222044977 0.6888301782571619
 endloop
endfacet
facet normal 0 0 0
 outer loop
  vertex 2.258767587619209 -8.42983539948469 1.2727922061357857
  vertex 3.190438220583 -7.702399222044977 0.6888301782571619
  vertex 2.1577787379154016 -8.052939881392144 0.6888301782571619
 endloop
endfacet
facet normal 0 0 0
 outer loop
  vertex 2.1577787379154016 -8.052939881392144 0.6888301782571619
  vertex 3.190438220583 -7.702399222044977 0.6888301782571619
  vertex 3.138004145393731 -7.575812166592552 2.2043642384652358e-16
 endloop
endfacet
facet normal 0 0 0
 outer loop
  vertex 2.1577787379154016 -8.052939881392144 0.6888301782571619
  vertex 3.138004145393731 -7.575812166592552 2.2043642384652358e-16
  vertex 2.122316169840666 -7.920591775570361 2.2043642384652358e-16
 endloop
endfacet
facet normal 0 0 0
 outer loop
  vertex 2.122316169840666 -7.920591775570361 2.2043642384652358e-16
  vertex 3.138004145393731 -7.575812166592552 2.2043642384652358e-16
  vertex 3.190438220583 -7.702399222044977 -0.6888301782571614
 endloop
endfacet
facet normal 0 0 0
 outer loop
  vertex 2.122316169840666 -7.920591775570361 2.2043642384652358e-16
  vertex 3.190438220583 -7.702399222044977 -0.6888301782571614
  vertex 2.1577787379154016 -8.052939881392144 -0.6888301782571614
 endloop
endfacet
facet normal 0 0 0
 outer loop
  vertex 2.1577787379154016 -8.052939881392144 -0.6888301782571614
  vertex 3.190438220583 -7.702399222044977 -0.6888301782571614
  vertex 3.339757833519315 -8.06288865672413 -1.2727922061357855
 endloop
endfacet
facet normal 0 0 0
 outer loop
  vertex 2.1577787379154016 -8.052939881392144 -0.6888301782571614
  vertex 3.339757833519315 -8.06288865672413 -1.2727922061357855
  vertex 2.2587675876192086 -8.429835399484688 -1.2727922061357855
 endloop
endfacet
facet normal 0 0 0
 outer loop
  vertex 2.2587675876192086 -8.429835399484688 -1.2727922061357855
  vertex 3.339757833519315 -8.06288865672413 -1.2727922061357855
  vertex 3.563230426718784 -8.602399222044975 -1.6629831585203159
 endloop
endfacet
facet normal 0 0 0
 outer loop
  vertex 2.2587675876192086 -8.429835399484688 -1.2727922061357855
  vertex 3.563230426718784 -8.602399222044975 -1.6629831585203159
  vertex 2.4099080820508854 -8.993899403784788 -1.6629831585203159
 endloop
endfacet
facet normal 0 0 0
 outer loop
  vertex 2.4099080820508854 -8.993899403784788 -1.6629831585203159
  vertex 3.563230426718784 -8.602399222044975 -1.6629831585203159
  vertex 3.8268343236508917 -9.23879532511287 -1.8
 endloop
endfacet
facet normal 0 0 0
 outer loop
  vertex 2.4099080820508854 -8.993899403784788 -1.6629831585203159
  vertex 3.8268343236508917 -9.23879532511287 -1.8
  vertex 2.588190451025203 -9.659258262890685 -1.8
 endloop
endfacet
facet normal 0 0 0
 outer loop
  vertex 2.588190451025203 -9.659258262890685 -1.8
  vertex 3.8268343236508917 -9.23879532511287 -1.8
  vertex 4.090438220582999 -9.875191428180763 -1.6629831585203159
 endloop
endfacet
facet normal 0 0 0
 outer loop
  vertex 2.588190451025203 -9.659258262890685 -1.8
  vertex 4.090438220582999 -9.875191428180763 -1.6629831585203159
  vertex 2.76647281999952 -10.32461712199658 -1.6629831585203159
 endloop
endfacet
facet normal 0 0 0
 outer loop
  vertex 2.76647281999952 -10.32461712199658 -1.6629831585203159
  vertex 4.090438220582999 -9.875191428180763 -1.6629831585203159
  vertex 4.313910813782468 -10.414701993501607 -1.272792206135786
 endloop
endfacet
facet normal 0 0 0
 outer loop
  vertex 2.76647281999952 -10.32461712199658 -1.6629831585203159
  vertex 4.313910813782468 -10.414701993501607 -1.272792206135786
  vertex 2.917613314431197 -10.888681126296678 -1.272792206135786
 endloop
endfacet
facet normal 0 0 0
 outer loop
  vertex 2.917613314431197 -10.888681126296678 -1.272792206135786
  vertex 4.313910813782468 -10.414701993501607 -1.272792206135786
  vertex 4.463230426718783 -10.775191428180761 -0.6888301782571628
 endloop
endfacet
facet normal 0 0 0
 outer loop
  vertex 2.917613314431197 -10.888681126296678 -1.272792206135786
  vertex 4.463230426718783 -10.775191428180761 -0.6888301782571628
  vertex 3.0186021641350043 -11.265576644389226 -0.6888301782571628
 endloop
endfacet
facet normal 0 0 0
 outer loop
  vertex 3.0186021641350043 -11.265576644389226 -0.6888301782571628
  vertex 4.463230426718783 -10.775191428180761 -0.6888301782571628
  vertex 4.515664501908052 -10.901778483633187 -4.4087284769304716e-16
 endloop
endfacet
facet normal 0 0 0
 outer loop
  vertex 3.0186021641350043 -11.265576644389226 -0.6888301782571628
  vertex 4.515664501908052 -10.901778483633187 -4.4087284769304716e-16
  vertex 3.05406473220974 -11.397924750211008 -4.4087284769304716e-16
 endloop
endfacet
facet normal 0 0 0
 outer loop
  vertex 4.515664501908052 -10.901778483633187 0
  vertex 5.900000000000001 -10.219099764656375 0
  vertex 5.831491579260159 -10.100439699188664 0.6888301782571616
 endloop
endfacet
facet normal 0 0 0
 outer loop
  vertex 4.515664501908052 -10.901778483633187 0
  vertex 5.831491579260159 -10.100439699188664 0.6888301782571616
  vertex 4.463230426718783 -10.775191428180761 0.6888301782571616
 endloop
endfacet
facet normal 0 0 0
 outer loop
  vertex 4.463230426718783 -10.775191428180761 0.6888301782571616
  vertex 5.831491579260159 -10.100439699188664 0.6888301782571616
  vertex 5.636396103067894 -9.762524422096817 1.2727922061357855
 endloop
endfacet
facet normal 0 0 0
 outer loop
  vertex 4.463230426718783 -10.775191428180761 0.6888301782571616
  vertex 5.636396103067894 -9.762524422096817 1.2727922061357855
  vertex 4.313910813782469 -10.414701993501609 1.2727922061357855
 endloop
endfacet
facet normal 0 0 0
 outer loop
  vertex 4.313910813782469 -10.414701993501609 1.2727922061357855
  vertex 5.636396103067894 -9.762524422096817 1.2727922061357855
  vertex 5.3444150891285815 -9.256798471108452 1.662983158520316
 endloop
endfacet
facet normal 0 0 0
 outer loop
  vertex 4.313910813782469 -10.414701993501609 1.2727922061357855
  vertex 5.3444150891285815 -9.256798471108452 1.662983158520316
  vertex 4.090438220582999 -9.875191428180763 1.662983158520316
 endloop
endfacet
facet normal 0 0 0
 outer loop
  vertex 4.090438220582999 -9.875191428180763 1.662983158520316
  vertex 5.3444150891285815 -9.256798471108452 1.662983158520316
  vertex 5.000000000000001 -8.660254037844386 1.8
 endloop
endfacet
facet normal 0 0 0
 outer loop
  vertex 4.090438220582999 -9.875191428180763 1.662983158520316
  vertex 5.000000000000001 -8.660254037844386 1.8
  vertex 3.8268343236508917 -9.23879532511287 1.8
 endloop
endfacet
facet normal 0 0 0
 outer loop
  vertex 3.8268343236508917 -9.23879532511287 1.8
  vertex 5.000000000000001 -8.660254037844386 1.8
  vertex 4.65558491087142 -8.063709604580321 1.662983158520316
 endloop
endfacet
facet normal 0 0 0
 outer loop
  vertex 3.8268343236508917 -9.23879532511287 1.8
  vertex 4.65558491087142 -8.063709604580321 1.662983158520316
  vertex 3.563230426718785 -8.602399222044976 1.662983158520316
 endloop
endfacet
facet normal 0 0 0
 outer loop
  vertex 3.563230426718785 -8.602399222044976 1.662983158520316
  vertex 4.65558491087142 -8.063709604580321 1.662983158520316
  vertex 4.3636038969321085 -7.557983653591957 1.2727922061357857
 endloop
endfacet
facet normal 0 0 0
 outer loop
  vertex 3.563230426718785 -8.602399222044976 1.662983158520316
  vertex 4.3636038969321085 -7.557983653591957 1.2727922061357857
  vertex 3.3397578335193154 -8.062888656724132 1.2727922061357857
 endloop
endfacet
facet normal 0 0 0
 outer loop
  vertex 3.3397578335193154 -8.062888656724132 1.2727922061357857
  vertex 4.3636038969321085 -7.557983653591957 1.2727922061357857
  vertex 4.168508420739843 -7.220068376500109 0.6888301782571619
 endloop
endfacet
facet normal 0 0 0
 outer loop
  vertex 3.3397578335193154 -8.062888656724132 1.2727922061357857
  vertex 4.168508420739843 -7.220068376500109 0.6888301782571619
  vertex 3.190438220583 -7.702399222044977 0.6888301782571619
 endloop
endfacet
facet normal 0 0 0
 outer loop
  vertex 3.190438220583 -7.702399222044977 0.6888301782571619
  vertex 4.168508420739843 -7.220068376500109 0.6888301782571619
  vertex 4.1000000000000005 -7.101408311032396 2.2043642384652358e-16
 endloop
endfacet
facet normal 0 0 0
 outer loop
  vertex 3.190438220583 -7.702399222044977 0.6888301782571619
  vertex 4.1000000000000005 -7.101408311032396 2.2043642384652358e-16
  vertex 3.138004145393731 -7.575812166592552 2.2043642384652358e-16
 endloop
endfacet
facet normal 0 0 0
 outer loop
  vertex 3.138004145393731 -7.575812166592552 2.2043642384652358e-16
  vertex 4.1000000000000005 -7.101408311032396 2.2043642384652358e-16
  vertex 4.168508420739843 -7.220068376500109 -0.6888301782571614
 endloop
endfacet
facet normal 0 0 0
 outer loop
  vertex 3.138004145393731 -7.575812166592552 2.2043642384652358e-16
  vertex 4.168508420739843 -7.220068376500109 -0.6888301782571614
  vertex 3.190438220583 -7.702399222044977 -0.6888301782571614
 endloop
endfacet
facet normal 0 0 0
 outer loop
  vertex 3.190438220583 -7.702399222044977 -0.6888301782571614
  vertex 4.168508420739843 -7.220068376500109 -0.6888301782571614
  vertex 4.363603896932108 -7.557983653591955 -1.2727922061357855
 endloop
endfacet
facet normal 0 0 0
 outer loop
  vertex 3.190438220583 -7.702399222044977 -0.6888301782571614
  vertex 4.363603896932108 -7.557983653591955 -1.2727922061357855
  vertex 3.339757833519315 -8.06288865672413 -1.2727922061357855
 endloop
endfacet
facet normal 0 0 0
 outer loop
  vertex 3.339757833519315 -8.06288865672413 -1.2727922061357855
  vertex 4.363603896932108 -7.557983653591955 -1.2727922061357855
  vertex 4.655584910871419 -8.06370960458032 -1.6629831585203159
 endloop
endfacet
facet normal 0 0 0
 outer loop
  vertex 3.339757833519315 -8.06288865672413 -1.2727922061357855
  vertex 4.655584910871419 -8.06370960458032 -1.6629831585203159
  vertex 3.563230426718784 -8.602399222044975 -1.6629831585203159
 endloop
endfacet
facet normal 0 0 0
 outer loop
  vertex 3.563230426718784 -8.602399222044975 -1.6629831585203159
  vertex 4.655584910871419 -8.06370960458032 -1.6629831585203159
  vertex 5.000000000000001 -8.660254037844386 -1.8
 endloop
endfacet
facet normal 0 0 0
 outer loop
  vertex 3.563230426718784 -8.602399222044975 -1.6629831585203159
  vertex 5.000000000000001 -8.660254037844386 -1.8
  vertex 3.8268343236508917 -9.23879532511287 -1.8
 endloop
endfacet
facet normal 0 0 0
 outer loop
  vertex 3.8268343236508917 -9.23879532511287 -1.8
  vertex 5.000000000000001 -8.660254037844386 -1.8
  vertex 5.3444150891285815 -9.256798471108452 -1.6629831585203159
 endloop
endfacet
facet normal 0 0 0
 outer loop
  vertex 3.8268343236508917 -9.23879532511287 -1.8
  vertex 5.3444150891285815 -9.256798471108452 -1.6629831585203159
  vertex 4.090438220582999 -9.875191428180763 -1.6629831585203159
 endloop
endfacet
facet normal 0 0 0
 outer loop
  vertex 4.090438220582999 -9.875191428180763 -1.6629831585203159
  vertex 5.3444150891285815 -9.256798471108452 -1.6629831585203159
  vertex 5.636396103067893 -9.762524422096815 -1.272792206135786
 endloop
endfacet
facet normal 0 0 0
 outer loop
  vertex 4.090438220582999 -9.875191428180763 -1.6629831585203159
  vertex 5.636396103067893 -9.762524422096815 -1.272792206135786
  vertex 4.313910813782468 -10.414701993501607 -1.272792206135786
 endloop
endfacet
facet normal 0 0 0
 outer loop
  vertex 4.313910813782468 -10.414701993501607 -1.272792206135786
  vertex 5.636396103067893 -9.762524422096815 -1.272792206135786
  vertex 5.831491579260159 -10.100439699188664 -0.6888301782571628
 endloop
endfacet
facet normal 0 0 0
 outer loop
  vertex 4.313910813782468 -10.414701993501607 -1.272792206135786
  vertex 5.831491579260159 -10.100439699188664 -0.6888301782571628
  vertex 4.463230426718783 -10.775191428180761 -0.6888301782571628
 endloop
endfacet
facet normal 0 0 0
 outer loop
  vertex 4.463230426718783 -10.775191428180761 -0.6888301782571628
  vertex 5.831491579260159 -10.100439699188664 -0.6888301782571628
  vertex 5.900000000000001 -10.219099764656375 -4.4087284769304716e-16
 endloop
endfacet
facet normal 0 0 0
 outer loop
  vertex 4.463230426718783 -10.775191428180761 -0.6888301782571628
  vertex 5.900000000000001 -10.219099764656375 -4.4087284769304716e-16
  vertex 4.515664501908052 -10.901778483633187 -4.4087284769304716e-16
 endloop
endfacet
facet normal 0 0 0
 outer loop
  vertex 5.900000000000001 -10.219099764656375 0
  vertex 7.183384862302895 -9.361569415436582 0
  vertex 7.09997429408546 -9.25286664657252 0.6888301782571616
 endloop
endfacet
facet normal 0 0 0
 outer loop
  vertex 5.900000000000001 -10.219099764656375 0
  vertex 7.09997429408546 -9.25286664657252 0.6888301782571616
  vertex 5.831491579260159 -10.100439699188664 0.6888301782571616
 endloop
endfacet
facet normal 0 0 0
 outer loop
  vertex 5.831491579260159 -10.100439699188664 0.6888301782571616
  vertex 7.09997429408546 -9.25286664657252 0.6888301782571616
  vertex 6.862441092325581 -8.943307351146835 1.2727922061357855
 endloop
endfacet
facet normal 0 0 0
 outer loop
  vertex 5.831491579260159 -10.100439699188664 0.6888301782571616
  vertex 6.862441092325581 -8.943307351146835 1.2727922061357855
  vertex 5.636396103067894 -9.762524422096817 1.2727922061357855
 endloop
endfacet
facet normal 0 0 0
 outer loop
  vertex 5.636396103067894 -9.762524422096817 1.2727922061357855
  vertex 6.862441092325581 -8.943307351146835 1.2727922061357855
  vertex 6.5069475337473595 -8.480019125726084 1.662983158520316
 endloop
endfacet
facet normal 0 0 0
 outer loop
  vertex 5.636396103067894 -9.762524422096817 1.2727922061357855
  vertex 6.5069475337473595 -8.480019125726084 1.662983158520316
  vertex 5.3444150891285815 -9.256798471108452 1.662983158520316
 endloop
endfacet
facet normal 0 0 0
 outer loop
  vertex 5.3444150891285815 -9.256798471108452 1.662983158520316
  vertex 6.5069475337473595 -8.480019125726084 1.662983158520316
  vertex 6.087614290087199 -7.933533402912357 1.8
 endloop
endfacet
facet normal 0 0 0
 outer loop
  vertex 5.3444150891285815 -9.256798471108452 1.662983158520316
  vertex 6.087614290087199 -7.933533402912357 1.8
  vertex 5.000000000000001 -8.660254037844386 1.8
 endloop
endfacet
facet normal 0 0 0
 outer loop
  vertex 5.000000000000001 -8.660254037844386 1.8
  vertex 6.087614290087199 -7.933533402912357 1.8
  vertex 5.668281046427038 -7.387047680098631 1.662983158520316
 endloop
endfacet
facet normal 0 0 0
 outer loop
  vertex 5.000000000000001 -8.660254037844386 1.8
  vertex 5.668281046427038 -7.387047680098631 1.662983158520316
  vertex 4.65558491087142 -8.063709604580321 1.662983158520316
 endloop
endfacet
facet normal 0 0 0
 outer loop
  vertex 4.65558491087142 -8.063709604580321 1.662983158520316
  vertex 5.668281046427038 -7.387047680098631 1.662983158520316
  vertex 5.3127874878488175 -6.923759454677882 1.2727922061357857
 endloop
endfacet
facet normal 0 0 0
 outer loop
  vertex 4.65558491087142 -8.063709604580321 1.662983158520316
  vertex 5.3127874878488175 -6.923759454677882 1.2727922061357857
  vertex 4.3636038969321085 -7.557983653591957 1.2727922061357857
 endloop
endfacet
facet normal 0 0 0
 outer loop
  vertex 4.3636038969321085 -7.557983653591957 1.2727922061357857
  vertex 5.3127874878488175 -6.923759454677882 1.2727922061357857
  vertex 5.075254286088937 -6.614200159252195 0.6888301782571619
 endloop
endfacet
facet normal 0 0 0
 outer loop
  vertex 4.3636038969321085 -7.557983653591957 1.2727922061357857
  vertex 5.075254286088937 -6.614200159252195 0.6888301782571619
  vertex 4.168508420739843 -7.220068376500109 0.6888301782571619
 endloop
endfacet
facet normal 0 0 0
 outer loop
  vertex 4.168508420739843 -7.220068376500109 0.6888301782571619
  vertex 5.075254286088937 -6.614200159252195 0.6888301782571619
  vertex 4.991843717871503 -6.505497390388133 2.2043642384652358e-16
 endloop
endfacet
facet normal 0 0 0
 outer loop
  vertex 4.168508420739843 -7.220068376500109 0.6888301782571619
  vertex 4.991843717871503 -6.505497390388133 2.2043642384652358e-16
  vertex 4.1000000000000005 -7.101408311032396 2.2043642384652358e-16
 endloop
endfacet
facet normal 0 0 0
 outer loop
  vertex 4.1000000000000005 -7.101408311032396 2.2043642384652358e-16
  vertex 4.991843717871503 -6.505497390388133 2.2043642384652358e-16
  vertex 5.075254286088937 -6.614200159252195 -0.6888301782571614
 endloop
endfacet
facet normal 0 0 0
 outer loop
  vertex 4.1000000000000005 -7.101408311032396 2.2043642384652358e-16
  vertex 5.075254286088937 -6.614200159252195 -0.6888301782571614
  vertex 4.168508420739843 -7.220068376500109 -0.6888301782571614
 endloop
endfacet
facet normal 0 0 0
 outer loop
  vertex 4.168508420739843 -7.220068376500109 -0.6888301782571614
  vertex 5.075254286088937 -6.614200159252195 -0.6888301782571614
  vertex 5.312787487848817 -6.92375945467788 -1.2727922061357855
 endloop
endfacet
facet normal 0 0 0
 outer loop
  vertex 4.168508420739843 -7.220068376500109 -0.6888301782571614
  vertex 5.312787487848817 -6.92375945467788 -1.2727922061357855
  vertex 4.363603896932108 -7.557983653591955 -1.2727922061357855
 endloop
endfacet
facet normal 0 0 0
 outer loop
  vertex 4.363603896932108 -7.557983653591955 -1.2727922061357855
  vertex 5.312787487848817 -6.92375945467788 -1.2727922061357855
  vertex 5.668281046427037 -7.38704768009863 -1.6629831585203159
 endloop
endfacet
facet normal 0 0 0
 outer loop
  vertex 4.363603896932108 -7.557983653591955 -1.2727922061357855
  vertex 5.668281046427037 -7.38704768009863 -1.6629831585203159
  vertex 4.655584910871419 -8.06370960458032 -1.6629831585203159
 endloop
endfacet
facet normal 0 0 0
 outer loop
  vertex 4.655584910871419 -8.06370960458032 -1.6629831585203159
  vertex 5.668281046427037 -7.38704768009863 -1.6629831585203159
  vertex 6.087614290087199 -7.933533402912357 -1.8
 endloop
endfacet
facet normal 0 0 0
 outer loop
  vertex 4.655584910871419 -8.06370960458032 -1.6629831585203159
  vertex 6.087614290087199 -7.933533402912357 -1.8
  vertex 5.000000000000001 -8.660254037844386 -1.8
 endloop
endfacet
facet normal 0 0 0
 outer loop
  vertex 5.000000000000001 -8.660254037844386 -1.8
  vertex 6.087614290087199 -7.933533402912357 -1.8
  vertex 6.5069475337473595 -8.480019125726084 -1.6629831585203159
 endloop
endfacet
facet normal 0 0 0
 outer loop
  vertex 5.000000000000001 -8.660254037844386 -1.8
  vertex 6.5069475337473595 -8.480019125726084 -1.6629831585203159
  vertex 5.3444150891285815 -9.256798471108452 -1.6629831585203159
 endloop
endfacet
facet normal 0 0 0
 outer loop
  vertex 5.3444150891285815 -9.256798471108452 -1.6629831585203159
  vertex 6.5069475337473595 -8.480019125726084 -1.6629831585203159
  vertex 6.8624410923255805 -8.943307351146833 -1.272792206135786
 endloop
endfacet
facet normal 0 0 0
 outer loop
  vertex 5.3444150891285815 -9.256798471108452 -1.6629831585203159
  vertex 6.8624410923255805 -8.943307351146833 -1.272792206135786
  vertex 5.636396103067893 -9.762524422096815 -1.272792206135786
 endloop
endfacet
facet normal 0 0 0
 outer loop
  vertex 5.636396103067893 -9.762524422096815 -1.272792206135786
  vertex 6.8624410923255805 -8.943307351146833 -1.272792206135786
  vertex 7.09997429408546 -9.25286664657252 -0.6888301782571628
 endloop
endfacet
facet normal 0 0 0
 outer loop
  vertex 5.636396103067893 -9.762524422096815 -1.272792206135786
  vertex 7.09997429408546 -9.25286664657252 -0.6888301782571628
  vertex 5.831491579260159 -10.100439699188664 -0.6888301782571628
 endloop
endfacet
facet normal 0 0 0
 outer loop
  vertex 5.831491579260159 -10.100439699188664 -0.6888301782571628
  vertex 7.09997429408546 -9.25286664657252 -0.6888301782571628
  vertex 7.183384862302895 -9.361569415436582 -4.4087284769304716e-16
 endloop
endfacet
facet normal 0 0 0
 outer loop
  vertex 5.831491579260159 -10.100439699188664 -0.6888301782571628
  vertex 7.183384862302895 -9.361569415436582 -4.4087284769304716e-16
  vertex 5.900000000000001 -10.219099764656375 -4.4087284769304716e-16
 endloop
endfacet
facet normal 0 0 0
 outer loop
  vertex 7.183384862302895 -9.361569415436582 0
  vertex 8.343860018001259 -8.343860018001264 0
  vertex 8.246974480254211 -8.246974480254215 0.6888301782571616
 endloop
endfacet
facet normal 0 0 0
 outer loop
  vertex 7.183384862302895 -9.361569415436582 0
  vertex 8.246974480254211 -8.246974480254215 0.6888301782571616
  vertex 7.09997429408546 -9.25286664657252 0.6888301782571616
 endloop
endfacet
facet normal 0 0 0
 outer loop
  vertex 7.09997429408546 -9.25286664657252 0.6888301782571616
  vertex 8.246974480254211 -8.246974480254215 0.6888301782571616
  vertex 7.971067811865474 -7.971067811865478 1.2727922061357855
 endloop
endfacet
facet normal 0 0 0
 outer loop
  vertex 7.09997429408546 -9.25286664657252 0.6888301782571616
  vertex 7.971067811865474 -7.971067811865478 1.2727922061357855
  vertex 6.862441092325581 -8.943307351146835 1.2727922061357855
 endloop
endfacet
facet normal 0 0 0
 outer loop
  vertex 6.862441092325581 -8.943307351146835 1.2727922061357855
  vertex 7.971067811865474 -7.971067811865478 1.2727922061357855
  vertex 7.558144301997051 -7.5581443019970544 1.662983158520316
 endloop
endfacet
facet normal 0 0 0
 outer loop
  vertex 6.862441092325581 -8.943307351146835 1.2727922061357855
  vertex 7.558144301997051 -7.5581443019970544 1.662983158520316
  vertex 6.5069475337473595 -8.480019125726084 1.662983158520316
 endloop
endfacet
facet normal 0 0 0
 outer loop
  vertex 6.5069475337473595 -8.480019125726084 1.662983158520316
  vertex 7.558144301997051 -7.5581443019970544 1.662983158520316
  vertex 7.071067811865474 -7.071067811865477 1.8
 endloop
endfacet
facet normal 0 0 0
 outer loop
  vertex 6.5069475337473595 -8.480019125726084 1.662983158520316
  vertex 7.071067811865474 -7.071067811865477 1.8
  vertex 6.087614290087199 -7.933533402912357 1.8
 endloop
endfacet
facet normal 0 0 0
 outer loop
  vertex 6.087614290087199 -7.933533402912357 1.8
  vertex 7.071067811865474 -7.071067811865477 1.8
  vertex 6.583991321733897 -6.583991321733899 1.662983158520316
 endloop
endfacet
facet normal 0 0 0
 outer loop
  vertex 6.087614290087199 -7.933533402912357 1.8
  vertex 6.583991321733897 -6.583991321733899 1.662983158520316
  vertex 5.668281046427038 -7.387047680098631 1.662983158520316
 endloop
endfacet
facet normal 0 0 0
 outer loop
  vertex 5.668281046427038 -7.387047680098631 1.662983158520316
  vertex 6.583991321733897 -6.583991321733899 1.662983158520316
  vertex 6.171067811865474 -6.171067811865477 1.2727922061357857
 endloop
endfacet
facet normal 0 0 0
 outer loop
  vertex 5.668281046427038 -7.387047680098631 1.662983158520316
  vertex 6.171067811865474 -6.171067811865477 1.2727922061357857
  vertex 5.3127874878488175 -6.923759454677882 1.2727922061357857
 endloop
endfacet
facet normal 0 0 0
 outer loop
  vertex 5.3127874878488175 -6.923759454677882 1.2727922061357857
  vertex 6.171067811865474 -6.171067811865477 1.2727922061357857
  vertex 5.895161143476735 -5.895161143476738 0.6888301782571619
 endloop
endfacet
facet normal 0 0 0
 outer loop
  vertex 5.3127874878488175 -6.923759454677882 1.2727922061357857
  vertex 5.895161143476735 -5.895161143476738 0.6888301782571619
  vertex 5.075254286088937 -6.614200159252195 0.6888301782571619
 endloop
endfacet
facet normal 0 0 0
 outer loop
  vertex 5.075254286088937 -6.614200159252195 0.6888301782571619
  vertex 5.895161143476735 -5.895161143476738 0.6888301782571619
  vertex 5.798275605729688 -5.798275605729691 2.2043642384652358e-16
 endloop
endfacet
facet normal 0 0 0
 outer loop
  vertex 5.075254286088937 -6.614200159252195 0.6888301782571619
  vertex 5.798275605729688 -5.798275605729691 2.2043642384652358e-16
  vertex 4.991843717871503 -6.505497390388133 2.2043642384652358e-16
 endloop
endfacet
facet normal 0 0 0
 outer loop
  vertex 4.991843717871503 -6.505497390388133 2.2043642384652358e-16
  vertex 5.798275605729688 -5.798275605729691 2.2043642384652358e-16
  vertex 5.895161143476735 -5.895161143476738 -0.6888301782571614
 endloop
endfacet
facet normal 0 0 0
 outer loop
  vertex 4.991843717871503 -6.505497390388133 2.2043642384652358e-16
  vertex 5.895161143476735 -5.895161143476738 -0.6888301782571614
  vertex 5.075254286088937 -6.614200159252195 -0.6888301782571614
 endloop
endfacet
facet normal 0 0 0
 outer loop
  vertex 5.075254286088937 -6.614200159252195 -0.6888301782571614
  vertex 5.895161143476735 -5.895161143476738 -0.6888301782571614
  vertex 6.171067811865473 -6.171067811865476 -1.2727922061357855
 endloop
endfacet
facet normal 0 0 0
 outer loop
  vertex 5.075254286088937 -6.614200159252195 -0.6888301782571614
  vertex 6.171067811865473 -6.171067811865476 -1.2727922061357855
  vertex 5.312787487848817 -6.92375945467788 -1.2727922061357855
 endloop
endfacet
facet normal 0 0 0
 outer loop
  vertex 5.312787487848817 -6.92375945467788 -1.2727922061357855
  vertex 6.171067811865473 -6.171067811865476 -1.2727922061357855
  vertex 6.583991321733896 -6.583991321733898 -1.6629831585203159
 endloop
endfacet
facet normal 0 0 0
 outer loop
  vertex 5.312787487848817 -6.92375945467788 -1.2727922061357855
  vertex 6.583991321733896 -6.583991321733898 -1.6629831585203159
  vertex 5.668281046427037 -7.38704768009863 -1.6629831585203159
 endloop
endfacet
facet normal 0 0 0
 outer loop
  vertex 5.668281046427037 -7.38704768009863 -1.6629831585203159
  vertex 6.583991321733896 -6.583991321733898 -1.6629831585203159
  vertex 7.071067811865474 -7.071067811865477 -1.8
 endloop
endfacet
facet normal 0 0 0
 outer loop
  vertex 5.668281046427037 -7.38704768009863 -1.6629831585203159
  vertex 7.071067811865474 -7.071067811865477 -1.8
  vertex 6.087614290087199 -7.933533402912357 -1.8
 endloop
endfacet
facet normal 0 0 0
 outer loop
  vertex 6.087614290087199 -7.933533402912357 -1.8
  vertex 7.071067811865474 -7.071067811865477 -1.8
  vertex 7.558144301997051 -7.5581443019970544 -1.6629831585203159
 endloop
endfacet
facet normal 0 0 0
 outer loop
  vertex 6.087614290087199 -7.933533402912357 -1.8
  vertex 7.558144301997051 -7.5581443019970544 -1.6629831585203159
  vertex 6.5069475337473595 -8.480019125726084 -1.6629831585203159
 endloop
endfacet
facet normal 0 0 0
 outer loop
  vertex 6.5069475337473595 -8.480019125726084 -1.6629831585203159
  vertex 7.558144301997051 -7.5581443019970544 -1.6629831585203159
  vertex 7.971067811865473 -7.971067811865477 -1.272792206135786
 endloop
endfacet
facet normal 0 0 0
 outer loop
  vertex 6.5069475337473595 -8.480019125726084 -1.6629831585203159
  vertex 7.971067811865473 -7.971067811865477 -1.272792206135786
  vertex 6.8624410923255805 -8.943307351146833 -1.272792206135786
 endloop
endfacet
facet normal 0 0 0
 outer loop
  vertex 6.8624410923255805 -8.943307351146833 -1.272792206135786
  vertex 7.971067811865473 -7.971067811865477 -1.272792206135786
  vertex 8.246974480254211 -8.246974480254215 -0.6888301782571628
 endloop
endfacet
facet normal 0 0 0
 outer loop
  vertex 6.8624410923255805 -8.943307351146833 -1.272792206135786
  vertex 8.246974480254211 -8.246974480254215 -0.6888301782571628
  vertex 7.09997429408546 -9.25286664657252 -0.6888301782571628
 endloop
endfacet
facet normal 0 0 0
 outer loop
  vertex 7.09997429408546 -9.25286664657252 -0.6888301782571628
  vertex 8.246974480254211 -8.246974480254215 -0.6888301782571628
  vertex 8.343860018001259 -8.343860018001264 -4.4087284769304716e-16
 endloop
endfacet
facet normal 0 0 0
 outer loop
  vertex 7.09997429408546 -9.25286664657252 -0.6888301782571628
  vertex 8.343860018001259 -8.343860018001264 -4.4087284769304716e-16
  vertex 7.183384862302895 -9.361569415436582 -4.4087284769304716e-16
 endloop
endfacet
facet normal 0 0 0
 outer loop
  vertex 8.343860018001259 -8.343860018001264 0
  vertex 9.361569415436573 -7.183384862302907 0
  vertex 9.25286664657251 -7.099974294085472 0.6888301782571616
 endloop
endfacet
facet normal 0 0 0
 outer loop
  vertex 8.343860018001259 -8.343860018001264 0
  vertex 9.25286664657251 -7.099974294085472 0.6888301782571616
  vertex 8.246974480254211 -8.246974480254215 0.6888301782571616
 endloop
endfacet
facet normal 0 0 0
 outer loop
  vertex 8.246974480254211 -8.246974480254215 0.6888301782571616
  vertex 9.25286664657251 -7.099974294085472 0.6888301782571616
  vertex 8.943307351146826 -6.862441092325593 1.2727922061357855
 endloop
endfacet
facet normal 0 0 0
 outer loop
  vertex 8.246974480254211 -8.246974480254215 0.6888301782571616
  vertex 8.943307351146826 -6.862441092325593 1.2727922061357855
  vertex 7.971067811865474 -7.971067811865478 1.2727922061357855
 endloop
endfacet
facet normal 0 0 0
 outer loop
  vertex 7.971067811865474 -7.971067811865478 1.2727922061357855
  vertex 8.943307351146826 -6.862441092325593 1.2727922061357855
  vertex 8.480019125726075 -6.50694753374737 1.662983158520316
 endloop
endfacet
facet normal 0 0 0
 outer loop
  vertex 7.971067811865474 -7.971067811865478 1.2727922061357855
  vertex 8.480019125726075 -6.50694753374737 1.662983158520316
  vertex 7.558144301997051 -7.5581443019970544 1.662983158520316
 endloop
endfacet
facet normal 0 0 0
 outer loop
  vertex 7.558144301997051 -7.5581443019970544 1.662983158520316
  vertex 8.480019125726075 -6.50694753374737 1.662983158520316
  vertex 7.933533402912349 -6.087614290087209 1.8
 endloop
endfacet
facet normal 0 0 0
 outer loop
  vertex 7.558144301997051 -7.5581443019970544 1.662983158520316
  vertex 7.933533402912349 -6.087614290087209 1.8
  vertex 7.071067811865474 -7.071067811865477 1.8
 endloop
endfacet
facet normal 0 0 0
 outer loop
  vertex 7.071067811865474 -7.071067811865477 1.8
  vertex 7.933533402912349 -6.087614290087209 1.8
  vertex 7.387047680098624 -5.668281046427047 1.662983158520316
 endloop
endfacet
facet normal 0 0 0
 outer loop
  vertex 7.071067811865474 -7.071067811865477 1.8
  vertex 7.387047680098624 -5.668281046427047 1.662983158520316
  vertex 6.583991321733897 -6.583991321733899 1.662983158520316
 endloop
endfacet
facet normal 0 0 0
 outer loop
  vertex 6.583991321733897 -6.583991321733899 1.662983158520316
  vertex 7.387047680098624 -5.668281046427047 1.662983158520316
  vertex 6.9237594546778745 -5.312787487848826 1.2727922061357857
 endloop
endfacet
facet normal 0 0 0
 outer loop
  vertex 6.583991321733897 -6.583991321733899 1.662983158520316
  vertex 6.9237594546778745 -5.312787487848826 1.2727922061357857
  vertex 6.171067811865474 -6.171067811865477 1.2727922061357857
 endloop
endfacet
facet normal 0 0 0
 outer loop
  vertex 6.171067811865474 -6.171067811865477 1.2727922061357857
  vertex 6.9237594546778745 -5.312787487848826 1.2727922061357857
  vertex 6.614200159252189 -5.075254286088946 0.6888301782571619
 endloop
endfacet
facet normal 0 0 0
 outer loop
  vertex 6.171067811865474 -6.171067811865477 1.2727922061357857
  vertex 6.614200159252189 -5.075254286088946 0.6888301782571619
  vertex 5.895161143476735 -5.895161143476738 0.6888301782571619
 endloop
endfacet
facet normal 0 0 0
 outer loop
  vertex 5.895161143476735 -5.895161143476738 0.6888301782571619
  vertex 6.614200159252189 -5.075254286088946 0.6888301782571619
  vertex 6.505497390388126 -4.991843717871511 2.2043642384652358e-16
 endloop
endfacet
facet normal 0 0 0
 outer loop
  vertex 5.895161143476735 -5.895161143476738 0.6888301782571619
  vertex 6.505497390388126 -4.991843717871511 2.2043642384652358e-16
  vertex 5.798275605729688 -5.798275605729691 2.2043642384652358e-16
 endloop
endfacet
facet normal 0 0 0
 outer loop
  vertex 5.798275605729688 -5.798275605729691 2.2043642384652358e-16
  vertex 6.505497390388126 -4.991843717871511 2.2043642384652358e-16
  vertex 6.614200159252189 -5.075254286088946 -0.6888301782571614
 endloop
endfacet
facet normal 0 0 0
 outer loop
  vertex 5.798275605729688 -5.798275605729691 2.2043642384652358e-16
  vertex 6.614200159252189 -5.075254286088946 -0.6888301782571614
  vertex 5.895161143476735 -5.895161143476738 -0.6888301782571614
 endloop
endfacet
facet normal 0 0 0
 outer loop
  vertex 5.895161143476735 -5.895161143476738 -0.6888301782571614
  vertex 6.614200159252189 -5.075254286088946 -0.6888301782571614
  vertex 6.923759454677873 -5.312787487848825 -1.2727922061357855
 endloop
endfacet
facet normal 0 0 0
 outer loop
  vertex 5.895161143476735 -5.895161143476738 -0.6888301782571614
  vertex 6.923759454677873 -5.312787487848825 -1.2727922061357855
  vertex 6.171067811865473 -6.171067811865476 -1.2727922061357855
 endloop
endfacet
facet normal 0 0 0
 outer loop
  vertex 6.171067811865473 -6.171067811865476 -1.2727922061357855
  vertex 6.923759454677873 -5.312787487848825 -1.2727922061357855
  vertex 7.387047680098623 -5.6682810464270466 -1.6629831585203159
 endloop
endfacet
facet normal 0 0 0
 outer loop
  vertex 6.171067811865473 -6.171067811865476 -1.2727922061357855
  vertex 7.387047680098623 -5.6682810464270466 -1.6629831585203159
  vertex 6.583991321733896 -6.583991321733898 -1.6629831585203159
 endloop
endfacet
facet normal 0 0 0
 outer loop
  vertex 6.583991321733896 -6.583991321733898 -1.6629831585203159
  vertex 7.387047680098623 -5.6682810464270466 -1.6629831585203159
  vertex 7.933533402912349 -6.087614290087209 -1.8
 endloop
endfacet
facet normal 0 0 0
 outer loop
  vertex 6.583991321733896 -6.583991321733898 -1.6629831585203159
  vertex 7.933533402912349 -6.087614290087209 -1.8
  vertex 7.071067811865474 -7.071067811865477 -1.8
 endloop
endfacet
facet normal 0 0 0
 outer loop
  vertex 7.071067811865474 -7.071067811865477 -1.8
  vertex 7.933533402912349 -6.087614290087209 -1.8
  vertex 8.480019125726075 -6.50694753374737 -1.6629831585203159
 endloop
endfacet
facet normal 0 0 0
 outer loop
  vertex 7.071067811865474 -7.071067811865477 -1.8
  vertex 8.480019125726075 -6.50694753374737 -1.6629831585203159
  vertex 7.558144301997051 -7.5581443019970544 -1.6629831585203159
 endloop
endfacet
facet normal 0 0 0
 outer loop
  vertex 7.558144301997051 -7.5581443019970544 -1.6629831585203159
  vertex 8.480019125726075 -6.50694753374737 -1.6629831585203159
  vertex 8.943307351146824 -6.862441092325591 -1.272792206135786
 endloop
endfacet
facet normal 0 0 0
 outer loop
  vertex 7.558144301997051 -7.5581443019970544 -1.6629831585203159
  vertex 8.943307351146824 -6.862441092325591 -1.272792206135786
  vertex 7.971067811865473 -7.971067811865477 -1.272792206135786
 endloop
endfacet
facet normal 0 0 0
 outer loop
  vertex 7.971067811865473 -7.971067811865477 -1.272792206135786
  vertex 8.943307351146824 -6.862441092325591 -1.272792206135786
  vertex 9.25286664657251 -7.099974294085472 -0.6888301782571628
 endloop
endfacet
facet normal 0 0 0
 outer loop
  vertex 7.971067811865473 -7.971067811865477 -1.272792206135786
  vertex 9.25286664657251 -7.099974294085472 -0.6888301782571628
  vertex 8.246974480254211 -8.246974480254215 -0.6888301782571628
 endloop
endfacet
facet normal 0 0 0
 outer loop
  vertex 8.246974480254211 -8.246974480254215 -0.6888301782571628
  vertex 9.25286664657251 -7.099974294085472 -0.6888301782571628
  vertex 9.361569415436573 -7.183384862302907 -4.4087284769304716e-16
 endloop
endfacet
facet normal 0 0 0
 outer loop
  vertex 8.246974480254211 -8.246974480254215 -0.6888301782571628
  vertex 9.361569415436573 -7.183384862302907 -4.4087284769304716e-16
  vertex 8.343860018001259 -8.343860018001264 -4.4087284769304716e-16
 endloop
endfacet
facet normal 0 0 0
 outer loop
  vertex 9.361569415436573 -7.183384862302907 0
  vertex 10.219099764656374 -5.900000000000006 0
  vertex 10.10043969918866 -5.831491579260163 0.6888301782571616
 endloop
endfacet
facet normal 0 0 0
 outer loop
  vertex 9.361569415436573 -7.183384862302907 0
  vertex 10.10043969918866 -5.831491579260163 0.6888301782571616
  vertex 9.25286664657251 -7.099974294085472 0.6888301782571616
 endloop
endfacet
facet normal 0 0 0
 outer loop
  vertex 9.25286664657251 -7.099974294085472 0.6888301782571616
  vertex 10.10043969918866 -5.831491579260163 0.6888301782571616
  vertex 9.762524422096815 -5.636396103067899 1.2727922061357855
 endloop
endfacet
facet normal 0 0 0
 outer loop
  vertex 9.25286664657251 -7.099974294085472 0.6888301782571616
  vertex 9.762524422096815 -5.636396103067899 1.2727922061357855
  vertex 8.943307351146826 -6.862441092325593 1.2727922061357855
 endloop
endfacet
facet normal 0 0 0
 outer loop
  vertex 8.943307351146826 -6.862441092325593 1.2727922061357855
  vertex 9.762524422096815 -5.636396103067899 1.2727922061357855
  vertex 9.256798471108448 -5.344415089128585 1.662983158520316
 endloop
endfacet
facet normal 0 0 0
 outer loop
  vertex 8.943307351146826 -6.862441092325593 1.2727922061357855
  vertex 9.256798471108448 -5.344415089128585 1.662983158520316
  vertex 8.480019125726075 -6.50694753374737 1.662983158520316
 endloop
endfacet
facet normal 0 0 0
 outer loop
  vertex 8.480019125726075 -6.50694753374737 1.662983158520316
  vertex 9.256798471108448 -5.344415089128585 1.662983158520316
  vertex 8.660254037844384 -5.000000000000004 1.8
 endloop
endfacet
facet normal 0 0 0
 outer loop
  vertex 8.480019125726075 -6.50694753374737 1.662983158520316
  vertex 8.660254037844384 -5.000000000000004 1.8
  vertex 7.933533402912349 -6.087614290087209 1.8
 endloop
endfacet
facet normal 0 0 0
 outer loop
  vertex 7.933533402912349 -6.087614290087209 1.8
  vertex 8.660254037844384 -5.000000000000004 1.8
  vertex 8.06370960458032 -4.655584910871424 1.662983158520316
 endloop
endfacet
facet normal 0 0 0
 outer loop
  vertex 7.933533402912349 -6.087614290087209 1.8
  vertex 8.06370960458032 -4.655584910871424 1.662983158520316
  vertex 7.387047680098624 -5.668281046427047 1.662983158520316
 endloop
endfacet
facet normal 0 0 0
 outer loop
  vertex 7.387047680098624 -5.668281046427047 1.662983158520316
  vertex 8.06370960458032 -4.655584910871424 1.662983158520316
  vertex 7.557983653591955 -4.363603896932111 1.2727922061357857
 endloop
endfacet
facet normal 0 0 0
 outer loop
  vertex 7.387047680098624 -5.668281046427047 1.662983158520316
  vertex 7.557983653591955 -4.363603896932111 1.2727922061357857
  vertex 6.9237594546778745 -5.312787487848826 1.2727922061357857
 endloop
endfacet
facet normal 0 0 0
 outer loop
  vertex 6.9237594546778745 -5.312787487848826 1.2727922061357857
  vertex 7.557983653591955 -4.363603896932111 1.2727922061357857
  vertex 7.220068376500107 -4.168508420739846 0.6888301782571619
 endloop
endfacet
facet normal 0 0 0
 outer loop
  vertex 6.9237594546778745 -5.312787487848826 1.2727922061357857
  vertex 7.220068376500107 -4.168508420739846 0.6888301782571619
  vertex 6.614200159252189 -5.075254286088946 0.6888301782571619
 endloop
endfacet
facet normal 0 0 0
 outer loop
  vertex 6.614200159252189 -5.075254286088946 0.6888301782571619
  vertex 7.220068376500107 -4.168508420739846 0.6888301782571619
  vertex 7.101408311032394 -4.100000000000003 2.2043642384652358e-16
 endloop
endfacet
facet normal 0 0 0
 outer loop
  vertex 6.614200159252189 -5.075254286088946 0.6888301782571619
  vertex 7.101408311032394 -4.100000000000003 2.2043642384652358e-16
  vertex 6.505497390388126 -4.991843717871511 2.2043642384652358e-16
 endloop
endfacet
facet normal 0 0 0
 outer loop
  vertex 6.505497390388126 -4.991843717871511 2.2043642384652358e-16
  vertex 7.101408311032394 -4.100000000000003 2.2043642384652358e-16
  vertex 7.220068376500107 -4.168508420739846 -0.6888301782571614
 endloop
endfacet
facet normal 0 0 0
 outer loop
  vertex 6.505497390388126 -4.991843717871511 2.2043642384652358e-16
  vertex 7.220068376500107 -4.168508420739846 -0.6888301782571614
  vertex 6.614200159252189 -5.075254286088946 -0.6888301782571614
 endloop
endfacet
facet normal 0 0 0
 outer loop
  vertex 6.614200159252189 -5.075254286088946 -0.6888301782571614
  vertex 7.220068376500107 -4.168508420739846 -0.6888301782571614
  vertex 7.557983653591953 -4.36360389693211 -1.2727922061357855
 endloop
endfacet
facet normal 0 0 0
 outer loop
  vertex 6.614200159252189 -5.075254286088946 -0.6888301782571614
  vertex 7.557983653591953 -4.36360389693211 -1.2727922061357855
  vertex 6.923759454677873 -5.312787487848825 -1.2727922061357855
 endloop
endfacet
facet normal 0 0 0
 outer loop
  vertex 6.923759454677873 -5.312787487848825 -1.2727922061357855
  vertex 7.557983653591953 -4.36360389693211 -1.2727922061357855
  vertex 8.063709604580318 -4.655584910871423 -1.6629831585203159
 endloop
endfacet
facet normal 0 0 0
 outer loop
  vertex 6.923759454677873 -5.312787487848825 -1.2727922061357855
  vertex 8.063709604580318 -4.655584910871423 -1.6629831585203159
  vertex 7.387047680098623 -5.6682810464270466 -1.6629831585203159
 endloop
endfacet
facet normal 0 0 0
 outer loop
  vertex 7.387047680098623 -5.6682810464270466 -1.6629831585203159
  vertex 8.063709604580318 -4.655584910871423 -1.6629831585203159
  vertex 8.660254037844384 -5.000000000000004 -1.8
 endloop
endfacet
facet normal 0 0 0
 outer loop
  vertex 7.387047680098623 -5.6682810464270466 -1.6629831585203159
  vertex 8.660254037844384 -5.000000000000004 -1.8
  vertex 7.933533402912349 -6.087614290087209 -1.8
 endloop
endfacet
facet normal 0 0 0
 outer loop
  vertex 7.933533402912349 -6.087614290087209 -1.8
  vertex 8.660254037844384 -5.000000000000004 -1.8
  vertex 9.256798471108448 -5.344415089128585 -1.6629831585203159
 endloop
endfacet
facet normal 0 0 0
 outer loop
  vertex 7.933533402912349 -6.087614290087209 -1.8
  vertex 9.256798471108448 -5.344415089128585 -1.6629831585203159
  vertex 8.480019125726075 -6.50694753374737 -1.6629831585203159
 endloop
endfacet
facet normal 0 0 0
 outer loop
  vertex 8.480019125726075 -6.50694753374737 -1.6629831585203159
  vertex 9.256798471108448 -5.344415089128585 -1.6629831585203159
  vertex 9.762524422096813 -5.636396103067898 -1.272792206135786
 endloop
endfacet
facet normal 0 0 0
 outer loop
  vertex 8.480019125726075 -6.50694753374737 -1.6629831585203159
  vertex 9.762524422096813 -5.636396103067898 -1.272792206135786
  vertex 8.943307351146824 -6.862441092325591 -1.272792206135786
 endloop
endfacet
facet normal 0 0 0
 outer loop
  vertex 8.943307351146824 -6.862441092325591 -1.272792206135786
  vertex 9.762524422096813 -5.636396103067898 -1.272792206135786
  vertex 10.10043969918866 -5.831491579260163 -0.6888301782571628
 endloop
endfacet
facet normal 0 0 0
 outer loop
  vertex 8.943307351146824 -6.862441092325591 -1.272792206135786
  vertex 10.10043969918866 -5.831491579260163 -0.6888301782571628
  vertex 9.25286664657251 -7.099974294085472 -0.6888301782571628
 endloop
endfacet
facet normal 0 0 0
 outer loop
  vertex 9.25286664657251 -7.099974294085472 -0.6888301782571628
  vertex 10.10043969918866 -5.831491579260163 -0.6888301782571628
  vertex 10.219099764656374 -5.900000000000006 -4.4087284769304716e-16
 endloop
endfacet
facet normal 0 0 0
 outer loop
  vertex 9.25286664657251 -7.099974294085472 -0.6888301782571628
  vertex 10.219099764656374 -5.900000000000006 -4.4087284769304716e-16
  vertex 9.361569415436573 -7.183384862302907 -4.4087284769304716e-16
 endloop
endfacet
facet normal 0 0 0
 outer loop
  vertex 10.219099764656374 -5.900000000000006 0
  vertex 10.901778483633185 -4.5156645019080575 0
  vertex 10.775191428180761 -4.463230426718788 0.6888301782571616
 endloop
endfacet
facet normal 0 0 0
 outer loop
  vertex 10.219099764656374 -5.900000000000006 0
  vertex 10.775191428180761 -4.463230426718788 0.6888301782571616
  vertex 10.10043969918866 -5.831491579260163 0.6888301782571616
 endloop
endfacet
facet normal 0 0 0
 outer loop
  vertex 10.10043969918866 -5.831491579260163 0.6888301782571616
  vertex 10.775191428180761 -4.463230426718788 0.6888301782571616
  vertex 10.414701993501609 -4.313910813782473 1.2727922061357855
 endloop
endfacet
facet normal 0 0 0
 outer loop
  vertex 10.10043969918866 -5.831491579260163 0.6888301782571616
  vertex 10.414701993501609 -4.313910813782473 1.2727922061357855
  vertex 9.762524422096815 -5.636396103067899 1.2727922061357855
 endloop
endfacet
facet normal 0 0 0
 outer loop
  vertex 9.762524422096815 -5.636396103067899 1.2727922061357855
  vertex 10.414701993501609 -4.313910813782473 1.2727922061357855
  vertex 9.875191428180761 -4.090438220583002 1.662983158520316
 endloop
endfacet
facet normal 0 0 0
 outer loop
  vertex 9.762524422096815 -5.636396103067899 1.2727922061357855
  vertex 9.875191428180761 -4.090438220583002 1.662983158520316
  vertex 9.256798471108448 -5.344415089128585 1.662983158520316
 endloop
endfacet
facet normal 0 0 0
 outer loop
  vertex 9.256798471108448 -5.344415089128585 1.662983158520316
  vertex 9.875191428180761 -4.090438220583002 1.662983158520316
  vertex 9.238795325112868 -3.8268343236508957 1.8
 endloop
endfacet
facet normal 0 0 0
 outer loop
  vertex 9.256798471108448 -5.344415089128585 1.662983158520316
  vertex 9.238795325112868 -3.8268343236508957 1.8
  vertex 8.660254037844384 -5.000000000000004 1.8
 endloop
endfacet
facet normal 0 0 0
 outer loop
  vertex 8.660254037844384 -5.000000000000004 1.8
  vertex 9.238795325112868 -3.8268343236508957 1.8
  vertex 8.602399222044976 -3.5632304267187886 1.662983158520316
 endloop
endfacet
facet normal 0 0 0
 outer loop
  vertex 8.660254037844384 -5.000000000000004 1.8
  vertex 8.602399222044976 -3.5632304267187886 1.662983158520316
  vertex 8.06370960458032 -4.655584910871424 1.662983158520316
 endloop
endfacet
facet normal 0 0 0
 outer loop
  vertex 8.06370960458032 -4.655584910871424 1.662983158520316
  vertex 8.602399222044976 -3.5632304267187886 1.662983158520316
  vertex 8.06288865672413 -3.339757833519319 1.2727922061357857
 endloop
endfacet
facet normal 0 0 0
 outer loop
  vertex 8.06370960458032 -4.655584910871424 1.662983158520316
  vertex 8.06288865672413 -3.339757833519319 1.2727922061357857
  vertex 7.557983653591955 -4.363603896932111 1.2727922061357857
 endloop
endfacet
facet normal 0 0 0
 outer loop
  vertex 7.557983653591955 -4.363603896932111 1.2727922061357857
  vertex 8.06288865672413 -3.339757833519319 1.2727922061357857
  vertex 7.702399222044976 -3.1904382205830033 0.6888301782571619
 endloop
endfacet
facet normal 0 0 0
 outer loop
  vertex 7.557983653591955 -4.363603896932111 1.2727922061357857
  vertex 7.702399222044976 -3.1904382205830033 0.6888301782571619
  vertex 7.220068376500107 -4.168508420739846 0.6888301782571619
 endloop
endfacet
facet normal 0 0 0
 outer loop
  vertex 7.220068376500107 -4.168508420739846 0.6888301782571619
  vertex 7.702399222044976 -3.1904382205830033 0.6888301782571619
  vertex 7.575812166592551 -3.138004145393734 2.2043642384652358e-16
 endloop
endfacet
facet normal 0 0 0
 outer loop
  vertex 7.220068376500107 -4.168508420739846 0.6888301782571619
  vertex 7.575812166592551 -3.138004145393734 2.2043642384652358e-16
  vertex 7.101408311032394 -4.100000000000003 2.2043642384652358e-16
 endloop
endfacet
facet normal 0 0 0
 outer loop
  vertex 7.101408311032394 -4.100000000000003 2.2043642384652358e-16
  vertex 7.575812166592551 -3.138004145393734 2.2043642384652358e-16
  vertex 7.702399222044976 -3.1904382205830033 -0.6888301782571614
 endloop
endfacet
facet normal 0 0 0
 outer loop
  vertex 7.101408311032394 -4.100000000000003 2.2043642384652358e-16
  vertex 7.702399222044976 -3.1904382205830033 -0.6888301782571614
  vertex 7.220068376500107 -4.168508420739846 -0.6888301782571614
 endloop
endfacet
facet normal 0 0 0
 outer loop
  vertex 7.220068376500107 -4.168508420739846 -0.6888301782571614
  vertex 7.702399222044976 -3.1904382205830033 -0.6888301782571614
  vertex 8.062888656724128 -3.339757833519318 -1.2727922061357855
 endloop
endfacet
facet normal 0 0 0
 outer loop
  vertex 7.220068376500107 -4.168508420739846 -0.6888301782571614
  vertex 8.062888656724128 -3.339757833519318 -1.2727922061357855
  vertex 7.557983653591953 -4.36360389693211 -1.2727922061357855
 endloop
endfacet
facet normal 0 0 0
 outer loop
  vertex 7.557983653591953 -4.36360389693211 -1.2727922061357855
  vertex 8.062888656724128 -3.339757833519318 -1.2727922061357855
  vertex 8.602399222044975 -3.5632304267187878 -1.6629831585203159
 endloop
endfacet
facet normal 0 0 0
 outer loop
  vertex 7.557983653591953 -4.36360389693211 -1.2727922061357855
  vertex 8.602399222044975 -3.5632304267187878 -1.6629831585203159
  vertex 8.063709604580318 -4.655584910871423 -1.6629831585203159
 endloop
endfacet
facet normal 0 0 0
 outer loop
  vertex 8.063709604580318 -4.655584910871423 -1.6629831585203159
  vertex 8.602399222044975 -3.5632304267187878 -1.6629831585203159
  vertex 9.238795325112868 -3.8268343236508957 -1.8
 endloop
endfacet
facet normal 0 0 0
 outer loop
  vertex 8.063709604580318 -4.655584910871423 -1.6629831585203159
  vertex 9.238795325112868 -3.8268343236508957 -1.8
  vertex 8.660254037844384 -5.000000000000004 -1.8
 endloop
endfacet
facet normal 0 0 0
 outer loop
  vertex 8.660254037844384 -5.000000000000004 -1.8
  vertex 9.238795325112868 -3.8268343236508957 -1.8
  vertex 9.875191428180761 -4.090438220583002 -1.6629831585203159
 endloop
endfacet
facet normal 0 0 0
 outer loop
  vertex 8.660254037844384 -5.000000000000004 -1.8
  vertex 9.875191428180761 -4.090438220583002 -1.6629831585203159
  vertex 9.256798471108448 -5.344415089128585 -1.6629831585203159
 endloop
endfacet
facet normal 0 0 0
 outer loop
  vertex 9.256798471108448 -5.344415089128585 -1.6629831585203159
  vertex 9.875191428180761 -4.090438220583002 -1.6629831585203159
  vertex 10.414701993501607 -4.313910813782472 -1.272792206135786
 endloop
endfacet
facet normal 0 0 0
 outer loop
  vertex 9.256798471108448 -5.344415089128585 -1.6629831585203159
  vertex 10.414701993501607 -4.313910813782472 -1.272792206135786
  vertex 9.762524422096813 -5.636396103067898 -1.272792206135786
 endloop
endfacet
facet normal 0 0 0
 outer loop
  vertex 9.762524422096813 -5.636396103067898 -1.272792206135786
  vertex 10.414701993501607 -4.313910813782472 -1.272792206135786
  vertex 10.775191428180761 -4.463230426718788 -0.6888301782571628
 endloop
endfacet
facet normal 0 0 0
 outer loop
  vertex 9.762524422096813 -5.636396103067898 -1.272792206135786
  vertex 10.775191428180761 -4.463230426718788 -0.6888301782571628
  vertex 10.10043969918866 -5.831491579260163 -0.6888301782571628
 endloop
endfacet
facet normal 0 0 0
 outer loop
  vertex 10.10043969918866 -5.831491579260163 -0.6888301782571628
  vertex 10.775191428180761 -4.463230426718788 -0.6888301782571628
  vertex 10.901778483633185 -4.5156645019080575 -4.4087284769304716e-16
 endloop
endfacet
facet normal 0 0 0
 outer loop
  vertex 10.10043969918866 -5.831491579260163 -0.6888301782571628
  vertex 10.901778483633185 -4.5156645019080575 -4.4087284769304716e-16
  vertex 10.219099764656374 -5.900000000000006 -4.4087284769304716e-16
 endloop
endfacet
facet normal 0 0 0
 outer loop
  vertex 10.901778483633185 -4.5156645019080575 0
  vertex 11.397924750211004 -3.054064732209755 0
  vertex 11.26557664438922 -3.018602164135019 0.6888301782571616
 endloop
endfacet
facet normal 0 0 0
 outer loop
  vertex 10.901778483633185 -4.5156645019080575 0
  vertex 11.26557664438922 -3.018602164135019 0.6888301782571616
  vertex 10.775191428180761 -4.463230426718788 0.6888301782571616
 endloop
endfacet
facet normal 0 0 0
 outer loop
  vertex 10.775191428180761 -4.463230426718788 0.6888301782571616
  vertex 11.26557664438922 -3.018602164135019 0.6888301782571616
  vertex 10.888681126296676 -2.917613314431212 1.2727922061357855
 endloop
endfacet
facet normal 0 0 0
 outer loop
  vertex 10.775191428180761 -4.463230426718788 0.6888301782571616
  vertex 10.888681126296676 -2.917613314431212 1.2727922061357855
  vertex 10.414701993501609 -4.313910813782473 1.2727922061357855
 endloop
endfacet
facet normal 0 0 0
 outer loop
  vertex 10.414701993501609 -4.313910813782473 1.2727922061357855
  vertex 10.888681126296676 -2.917613314431212 1.2727922061357855
  vertex 10.324617121996576 -2.766472819999534 1.662983158520316
 endloop
endfacet
facet normal 0 0 0
 outer loop
  vertex 10.414701993501609 -4.313910813782473 1.2727922061357855
  vertex 10.324617121996576 -2.766472819999534 1.662983158520316
  vertex 9.875191428180761 -4.090438220583002 1.662983158520316
 endloop
endfacet
facet normal 0 0 0
 outer loop
  vertex 9.875191428180761 -4.090438220583002 1.662983158520316
  vertex 10.324617121996576 -2.766472819999534 1.662983158520316
  vertex 9.659258262890681 -2.588190451025216 1.8
 endloop
endfacet
facet normal 0 0 0
 outer loop
  vertex 9.875191428180761 -4.090438220583002 1.662983158520316
  vertex 9.659258262890681 -2.588190451025216 1.8
  vertex 9.238795325112868 -3.8268343236508957 1.8
 endloop
endfacet
facet normal 0 0 0
 outer loop
  vertex 9.238795325112868 -3.8268343236508957 1.8
  vertex 9.659258262890681 -2.588190451025216 1.8
  vertex 8.993899403784786 -2.4099080820508973 1.662983158520316
 endloop
endfacet
facet normal 0 0 0
 outer loop
  vertex 9.238795325112868 -3.8268343236508957 1.8
  vertex 8.993899403784786 -2.4099080820508973 1.662983158520316
  vertex 8.602399222044976 -3.5632304267187886 1.662983158520316
 endloop
endfacet
facet normal 0 0 0
 outer loop
  vertex 8.602399222044976 -3.5632304267187886 1.662983158520316
  vertex 8.993899403784786 -2.4099080820508973 1.662983158520316
  vertex 8.429835399484688 -2.25876758761922 1.2727922061357857
 endloop
endfacet
facet normal 0 0 0
 outer loop
  vertex 8.602399222044976 -3.5632304267187886 1.662983158520316
  vertex 8.429835399484688 -2.25876758761922 1.2727922061357857
  vertex 8.06288865672413 -3.339757833519319 1.2727922061357857
 endloop
endfacet
facet normal 0 0 0
 outer loop
  vertex 8.06288865672413 -3.339757833519319 1.2727922061357857
  vertex 8.429835399484688 -2.25876758761922 1.2727922061357857
  vertex 8.05293988139214 -2.1577787379154123 0.6888301782571619
 endloop
endfacet
facet normal 0 0 0
 outer loop
  vertex 8.06288865672413 -3.339757833519319 1.2727922061357857
  vertex 8.05293988139214 -2.1577787379154123 0.6888301782571619
  vertex 7.702399222044976 -3.1904382205830033 0.6888301782571619
 endloop
endfacet
facet normal 0 0 0
 outer loop
  vertex 7.702399222044976 -3.1904382205830033 0.6888301782571619
  vertex 8.05293988139214 -2.1577787379154123 0.6888301782571619
  vertex 7.920591775570358 -2.1223161698406767 2.2043642384652358e-16
 endloop
endfacet
facet normal 0 0 0
 outer loop
  vertex 7.702399222044976 -3.1904382205830033 0.6888301782571619
  vertex 7.920591775570358 -2.1223161698406767 2.2043642384652358e-16
  vertex 7.575812166592551 -3.138004145393734 2.2043642384652358e-16
 endloop
endfacet
facet normal 0 0 0
 outer loop
  vertex 7.575812166592551 -3.138004145393734 2.2043642384652358e-16
  vertex 7.920591775570358 -2.1223161698406767 2.2043642384652358e-16
  vertex 8.05293988139214 -2.1577787379154123 -0.6888301782571614
 endloop
endfacet
facet normal 0 0 0
 outer loop
  vertex 7.575812166592551 -3.138004145393734 2.2043642384652358e-16
  vertex 8.05293988139214 -2.1577787379154123 -0.6888301782571614
  vertex 7.702399222044976 -3.1904382205830033 -0.6888301782571614
 endloop
endfacet
facet normal 0 0 0
 outer loop
  vertex 7.702399222044976 -3.1904382205830033 -0.6888301782571614
  vertex 8.05293988139214 -2.1577787379154123 -0.6888301782571614
  vertex 8.429835399484686 -2.2587675876192197 -1.2727922061357855
 endloop
endfacet
facet normal 0 0 0
 outer loop
  vertex 7.702399222044976 -3.1904382205830033 -0.6888301782571614
  vertex 8.429835399484686 -2.2587675876192197 -1.2727922061357855
  vertex 8.062888656724128 -3.339757833519318 -1.2727922061357855
 endloop
endfacet
facet normal 0 0 0
 outer loop
  vertex 8.062888656724128 -3.339757833519318 -1.2727922061357855
  vertex 8.429835399484686 -2.2587675876192197 -1.2727922061357855
  vertex 8.993899403784784 -2.409908082050897 -1.6629831585203159
 endloop
endfacet
facet normal 0 0 0
 outer loop
  vertex 8.062888656724128 -3.339757833519318 -1.2727922061357855
  vertex 8.993899403784784 -2.409908082050897 -1.6629831585203159
  vertex 8.602399222044975 -3.5632304267187878 -1.6629831585203159
 endloop
endfacet
facet normal 0 0 0
 outer loop
  vertex 8.602399222044975 -3.5632304267187878 -1.6629831585203159
  vertex 8.993899403784784 -2.409908082050897 -1.6629831585203159
  vertex 9.659258262890681 -2.588190451025216 -1.8
 endloop
endfacet
facet normal 0 0 0
 outer loop
  vertex 8.602399222044975 -3.5632304267187878 -1.6629831585203159
  vertex 9.659258262890681 -2.588190451025216 -1.8
  vertex 9.238795325112868 -3.8268343236508957 -1.8
 endloop
endfacet
facet normal 0 0 0
 outer loop
  vertex 9.238795325112868 -3.8268343236508957 -1.8
  vertex 9.659258262890681 -2.588190451025216 -1.8
  vertex 10.324617121996576 -2.766472819999534 -1.6629831585203159
 endloop
endfacet
facet normal 0 0 0
 outer loop
  vertex 9.238795325112868 -3.8268343236508957 -1.8
  vertex 10.324617121996576 -2.766472819999534 -1.6629831585203159
  vertex 9.875191428180761 -4.090438220583002 -1.6629831585203159
 endloop
endfacet
facet normal 0 0 0
 outer loop
  vertex 9.875191428180761 -4.090438220583002 -1.6629831585203159
  vertex 10.324617121996576 -2.766472819999534 -1.6629831585203159
  vertex 10.888681126296675 -2.9176133144312115 -1.272792206135786
 endloop
endfacet
facet normal 0 0 0
 outer loop
  vertex 9.875191428180761 -4.090438220583002 -1.6629831585203159
  vertex 10.888681126296675 -2.9176133144312115 -1.272792206135786
  vertex 10.414701993501607 -4.313910813782472 -1.272792206135786
 endloop
endfacet
facet normal 0 0 0
 outer loop
  vertex 10.414701993501607 -4.313910813782472 -1.272792206135786
  vertex 10.888681126296675 -2.9176133144312115 -1.272792206135786
  vertex 11.26557664438922 -3.018602164135019 -0.6888301782571628
 endloop
endfacet
facet normal 0 0 0
 outer loop
  vertex 10.414701993501607 -4.313910813782472 -1.272792206135786
  vertex 11.26557664438922 -3.018602164135019 -0.6888301782571628
  vertex 10.775191428180761 -4.463230426718788 -0.6888301782571628
 endloop
endfacet
facet normal 0 0 0
 outer loop
  vertex 10.775191428180761 -4.463230426718788 -0.6888301782571628
  vertex 11.26557664438922 -3.018602164135019 -0.6888301782571628
  vertex 11.397924750211004 -3.054064732209755 -4.4087284769304716e-16
 endloop
endfacet
facet normal 0 0 0
 outer loop
  vertex 10.775191428180761 -4.463230426718788 -0.6888301782571628
  vertex 11.397924750211004 -3.054064732209755 -4.4087284769304716e-16
  vertex 10.901778483633185 -4.5156645019080575 -4.4087284769304716e-16
 endloop
endfacet
facet normal 0 0 0
 outer loop
  vertex 11.397924750211004 -3.054064732209755 0
  vertex 11.699049364210964 -1.54020906819661 0
  vertex 11.56320472080426 -1.5223247816082481 0.6888301782571616
 endloop
endfacet
facet normal 0 0 0
 outer loop
  vertex 11.397924750211004 -3.054064732209755 0
  vertex 11.56320472080426 -1.5223247816082481 0.6888301782571616
  vertex 11.26557664438922 -3.018602164135019 0.6888301782571616
 endloop
endfacet
facet normal 0 0 0
 outer loop
  vertex 11.26557664438922 -3.018602164135019 0.6888301782571616
  vertex 11.56320472080426 -1.5223247816082481 0.6888301782571616
  vertex 11.176351906108065 -1.4713946423547801 1.2727922061357855
 endloop
endfacet
facet normal 0 0 0
 outer loop
  vertex 11.26557664438922 -3.018602164135019 0.6888301782571616
  vertex 11.176351906108065 -1.4713946423547801 1.2727922061357855
  vertex 10.888681126296676 -2.917613314431212 1.2727922061357855
 endloop
endfacet
facet normal 0 0 0
 outer loop
  vertex 10.888681126296676 -2.917613314431212 1.2727922061357855
  vertex 11.176351906108065 -1.4713946423547801 1.2727922061357855
  vertex 10.597385754330372 -1.3951723024546836 1.662983158520316
 endloop
endfacet
facet normal 0 0 0
 outer loop
  vertex 10.888681126296676 -2.917613314431212 1.2727922061357855
  vertex 10.597385754330372 -1.3951723024546836 1.662983158520316
  vertex 10.324617121996576 -2.766472819999534 1.662983158520316
 endloop
endfacet
facet normal 0 0 0
 outer loop
  vertex 10.324617121996576 -2.766472819999534 1.662983158520316
  vertex 10.597385754330372 -1.3951723024546836 1.662983158520316
  vertex 9.914448613738104 -1.3052619222005168 1.8
 endloop
endfacet
facet normal 0 0 0
 outer loop
  vertex 10.324617121996576 -2.766472819999534 1.662983158520316
  vertex 9.914448613738104 -1.3052619222005168 1.8
  vertex 9.659258262890681 -2.588190451025216 1.8
 endloop
endfacet
facet normal 0 0 0
 outer loop
  vertex 9.659258262890681 -2.588190451025216 1.8
  vertex 9.914448613738104 -1.3052619222005168 1.8
  vertex 9.231511473145835 -1.21535154194635 1.662983158520316
 endloop
endfacet
facet normal 0 0 0
 outer loop
  vertex 9.659258262890681 -2.588190451025216 1.8
  vertex 9.231511473145835 -1.21535154194635 1.662983158520316
  vertex 8.993899403784786 -2.4099080820508973 1.662983158520316
 endloop
endfacet
facet normal 0 0 0
 outer loop
  vertex 8.993899403784786 -2.4099080820508973 1.662983158520316
  vertex 9.231511473145835 -1.21535154194635 1.662983158520316
  vertex 8.652545321368144 -1.1391292020462538 1.2727922061357857
 endloop
endfacet
facet normal 0 0 0
 outer loop
  vertex 8.993899403784786 -2.4099080820508973 1.662983158520316
  vertex 8.652545321368144 -1.1391292020462538 1.2727922061357857
  vertex 8.429835399484688 -2.25876758761922 1.2727922061357857
 endloop
endfacet
facet normal 0 0 0
 outer loop
  vertex 8.429835399484688 -2.25876758761922 1.2727922061357857
  vertex 8.652545321368144 -1.1391292020462538 1.2727922061357857
  vertex 8.265692506671948 -1.0881990627927856 0.6888301782571619
 endloop
endfacet
facet normal 0 0 0
 outer loop
  vertex 8.429835399484688 -2.25876758761922 1.2727922061357857
  vertex 8.265692506671948 -1.0881990627927856 0.6888301782571619
  vertex 8.05293988139214 -2.1577787379154123 0.6888301782571619
 endloop
endfacet
facet normal 0 0 0
 outer loop
  vertex 8.05293988139214 -2.1577787379154123 0.6888301782571619
  vertex 8.265692506671948 -1.0881990627927856 0.6888301782571619
  vertex 8.129847863265244 -1.0703147762044236 2.2043642384652358e-16
 endloop
endfacet
facet normal 0 0 0
 outer loop
  vertex 8.05293988139214 -2.1577787379154123 0.6888301782571619
  vertex 8.129847863265244 -1.0703147762044236 2.2043642384652358e-16
  vertex 7.920591775570358 -2.1223161698406767 2.2043642384652358e-16
 endloop
endfacet
facet normal 0 0 0
 outer loop
  vertex 7.920591775570358 -2.1223161698406767 2.2043642384652358e-16
  vertex 8.129847863265244 -1.0703147762044236 2.2043642384652358e-16
  vertex 8.265692506671948 -1.0881990627927856 -0.6888301782571614
 endloop
endfacet
facet normal 0 0 0
 outer loop
  vertex 7.920591775570358 -2.1223161698406767 2.2043642384652358e-16
  vertex 8.265692506671948 -1.0881990627927856 -0.6888301782571614
  vertex 8.05293988139214 -2.1577787379154123 -0.6888301782571614
 endloop
endfacet
facet normal 0 0 0
 outer loop
  vertex 8.05293988139214 -2.1577787379154123 -0.6888301782571614
  vertex 8.265692506671948 -1.0881990627927856 -0.6888301782571614
  vertex 8.652545321368143 -1.1391292020462536 -1.2727922061357855
 endloop
endfacet
facet normal 0 0 0
 outer loop
  vertex 8.05293988139214 -2.1577787379154123 -0.6888301782571614
  vertex 8.652545321368143 -1.1391292020462536 -1.2727922061357855
  vertex 8.429835399484686 -2.2587675876192197 -1.2727922061357855
 endloop
endfacet
facet normal 0 0 0
 outer loop
  vertex 8.429835399484686 -2.2587675876192197 -1.2727922061357855
  vertex 8.652545321368143 -1.1391292020462536 -1.2727922061357855
  vertex 9.231511473145833 -1.2153515419463499 -1.6629831585203159
 endloop
endfacet
facet normal 0 0 0
 outer loop
  vertex 8.429835399484686 -2.2587675876192197 -1.2727922061357855
  vertex 9.231511473145833 -1.2153515419463499 -1.6629831585203159
  vertex 8.993899403784784 -2.409908082050897 -1.6629831585203159
 endloop
endfacet
facet normal 0 0 0
 outer loop
  vertex 8.993899403784784 -2.409908082050897 -1.6629831585203159
  vertex 9.231511473145833 -1.2153515419463499 -1.6629831585203159
  vertex 9.914448613738104 -1.3052619222005168 -1.8
 endloop
endfacet
facet normal 0 0 0
 outer loop
  vertex 8.993899403784784 -2.409908082050897 -1.6629831585203159
  vertex 9.914448613738104 -1.3052619222005168 -1.8
  vertex 9.659258262890681 -2.588190451025216 -1.8
 endloop
endfacet
facet normal 0 0 0
 outer loop
  vertex 9.659258262890681 -2.588190451025216 -1.8
  vertex 9.914448613738104 -1.3052619222005168 -1.8
  vertex 10.597385754330372 -1.3951723024546836 -1.6629831585203159
 endloop
endfacet
facet normal 0 0 0
 outer loop
  vertex 9.659258262890681 -2.588190451025216 -1.8
  vertex 10.597385754330372 -1.3951723024546836 -1.6629831585203159
  vertex 10.324617121996576 -2.766472819999534 -1.6629831585203159
 endloop
endfacet
facet normal 0 0 0
 outer loop
  vertex 10.324617121996576 -2.766472819999534 -1.6629831585203159
  vertex 10.597385754330372 -1.3951723024546836 -1.6629831585203159
  vertex 11.176351906108064 -1.47139464235478 -1.272792206135786
 endloop
endfacet
facet normal 0 0 0
 outer loop
  vertex 10.324617121996576 -2.766472819999534 -1.6629831585203159
  vertex 11.176351906108064 -1.47139464235478 -1.272792206135786
  vertex 10.888681126296675 -2.9176133144312115 -1.272792206135786
 endloop
endfacet
facet normal 0 0 0
 outer loop
  vertex 10.888681126296675 -2.9176133144312115 -1.272792206135786
  vertex 11.176351906108064 -1.47139464235478 -1.272792206135786
  vertex 11.56320472080426 -1.5223247816082481 -0.6888301782571628
 endloop
endfacet
facet normal 0 0 0
 outer loop
  vertex 10.888681126296675 -2.9176133144312115 -1.272792206135786
  vertex 11.56320472080426 -1.5223247816082481 -0.6888301782571628
  vertex 11.26557664438922 -3.018602164135019 -0.6888301782571628
 endloop
endfacet
facet normal 0 0 0
 outer loop
  vertex 11.26557664438922 -3.018602164135019 -0.6888301782571628
  vertex 11.56320472080426 -1.5223247816082481 -0.6888301782571628
  vertex 11.699049364210964 -1.54020906819661 -4.4087284769304716e-16
 endloop
endfacet
facet normal 0 0 0
 outer loop
  vertex 11.26557664438922 -3.018602164135019 -0.6888301782571628
  vertex 11.699049364210964 -1.54020906819661 -4.4087284769304716e-16
  vertex 11.397924750211004 -3.054064732209755 -4.4087284769304716e-16
 endloop
endfacet
facet normal 0 0 0
 outer loop
  vertex 11.699049364210964 -1.54020906819661 0
  vertex 11.8 -2.8901664459877537e-15 0
  vertex 11.662983158520316 -2.8566069987182784e-15 0.6888301782571616
 endloop
endfacet
facet normal 0 0 0
 outer loop
  vertex 11.699049364210964 -1.54020906819661 0
  vertex 11.662983158520316 -2.8566069987182784e-15 0.6888301782571616
  vertex 11.56320472080426 -1.5223247816082481 0.6888301782571616
 endloop
endfacet
facet normal 0 0 0
 outer loop
  vertex 11.56320472080426 -1.5223247816082481 0.6888301782571616
  vertex 11.662983158520316 -2.8566069987182784e-15 0.6888301782571616
  vertex 11.272792206135787 -2.7610377785394844e-15 1.2727922061357855
 endloop
endfacet
facet normal 0 0 0
 outer loop
  vertex 11.56320472080426 -1.5223247816082481 0.6888301782571616
  vertex 11.272792206135787 -2.7610377785394844e-15 1.2727922061357855
  vertex 11.176351906108065 -1.4713946423547801 1.2727922061357855
 endloop
endfacet
facet normal 0 0 0
 outer loop
  vertex 11.176351906108065 -1.4713946423547801 1.2727922061357855
  vertex 11.272792206135787 -2.7610377785394844e-15 1.2727922061357855
  vertex 10.688830178257161 -2.618008332886453e-15 1.662983158520316
 endloop
endfacet
facet normal 0 0 0
 outer loop
  vertex 11.176351906108065 -1.4713946423547801 1.2727922061357855
  vertex 10.688830178257161 -2.618008332886453e-15 1.662983158520316
  vertex 10.597385754330372 -1.3951723024546836 1.662983158520316
 endloop
endfacet
facet normal 0 0 0
 outer loop
  vertex 10.597385754330372 -1.3951723024546836 1.662983158520316
  vertex 10.688830178257161 -2.618008332886453e-15 1.662983158520316
  vertex 10 -2.4492935982947065e-15 1.8
 endloop
endfacet
facet normal 0 0 0
 outer loop
  vertex 10.597385754330372 -1.3951723024546836 1.662983158520316
  vertex 10 -2.4492935982947065e-15 1.8
  vertex 9.914448613738104 -1.3052619222005168 1.8
 endloop
endfacet
facet normal 0 0 0
 outer loop
  vertex 9.914448613738104 -1.3052619222005168 1.8
  vertex 10 -2.4492935982947065e-15 1.8
  vertex 9.311169821742839 -2.28057886370296e-15 1.662983158520316
 endloop
endfacet
facet normal 0 0 0
 outer loop
  vertex 9.914448613738104 -1.3052619222005168 1.8
  vertex 9.311169821742839 -2.28057886370296e-15 1.662983158520316
  vertex 9.231511473145835 -1.21535154194635 1.662983158520316
 endloop
endfacet
facet normal 0 0 0
 outer loop
  vertex 9.231511473145835 -1.21535154194635 1.662983158520316
  vertex 9.311169821742839 -2.28057886370296e-15 1.662983158520316
  vertex 8.727207793864215 -2.137549418049929e-15 1.2727922061357857
 endloop
endfacet
facet normal 0 0 0
 outer loop
  vertex 9.231511473145835 -1.21535154194635 1.662983158520316
  vertex 8.727207793864215 -2.137549418049929e-15 1.2727922061357857
  vertex 8.652545321368144 -1.1391292020462538 1.2727922061357857
 endloop
endfacet
facet normal 0 0 0
 outer loop
  vertex 8.652545321368144 -1.1391292020462538 1.2727922061357857
  vertex 8.727207793864215 -2.137549418049929e-15 1.2727922061357857
  vertex 8.337016841479684 -2.0419801978711343e-15 0.6888301782571619
 endloop
endfacet
facet normal 0 0 0
 outer loop
  vertex 8.652545321368144 -1.1391292020462538 1.2727922061357857
  vertex 8.337016841479684 -2.0419801978711343e-15 0.6888301782571619
  vertex 8.265692506671948 -1.0881990627927856 0.6888301782571619
 endloop
endfacet
facet normal 0 0 0
 outer loop
  vertex 8.265692506671948 -1.0881990627927856 0.6888301782571619
  vertex 8.337016841479684 -2.0419801978711343e-15 0.6888301782571619
  vertex 8.2 -2.008420750601659e-15 2.2043642384652358e-16
 endloop
endfacet
facet normal 0 0 0
 outer loop
  vertex 8.265692506671948 -1.0881990627927856 0.6888301782571619
  vertex 8.2 -2.008420750601659e-15 2.2043642384652358e-16
  vertex 8.129847863265244 -1.0703147762044236 2.2043642384652358e-16
 endloop
endfacet
facet normal 0 0 0
 outer loop
  vertex 8.129847863265244 -1.0703147762044236 2.2043642384652358e-16
  vertex 8.2 -2.008420750601659e-15 2.2043642384652358e-16
  vertex 8.337016841479684 -2.0419801978711343e-15 -0.6888301782571614
 endloop
endfacet
facet normal 0 0 0
 outer loop
  vertex 8.129847863265244 -1.0703147762044236 2.2043642384652358e-16
  vertex 8.337016841479684 -2.0419801978711343e-15 -0.6888301782571614
  vertex 8.265692506671948 -1.0881990627927856 -0.6888301782571614
 endloop
endfacet
facet normal 0 0 0
 outer loop
  vertex 8.265692506671948 -1.0881990627927856 -0.6888301782571614
  vertex 8.337016841479684 -2.0419801978711343e-15 -0.6888301782571614
  vertex 8.727207793864213 -2.1375494180499286e-15 -1.2727922061357855
 endloop
endfacet
facet normal 0 0 0
 outer loop
  vertex 8.265692506671948 -1.0881990627927856 -0.6888301782571614
  vertex 8.727207793864213 -2.1375494180499286e-15 -1.2727922061357855
  vertex 8.652545321368143 -1.1391292020462536 -1.2727922061357855
 endloop
endfacet
facet normal 0 0 0
 outer loop
  vertex 8.652545321368143 -1.1391292020462536 -1.2727922061357855
  vertex 8.727207793864213 -2.1375494180499286e-15 -1.2727922061357855
  vertex 9.311169821742837 -2.280578863702959e-15 -1.6629831585203159
 endloop
endfacet
facet normal 0 0 0
 outer loop
  vertex 8.652545321368143 -1.1391292020462536 -1.2727922061357855
  vertex 9.311169821742837 -2.280578863702959e-15 -1.6629831585203159
  vertex 9.231511473145833 -1.2153515419463499 -1.6629831585203159
 endloop
endfacet
facet normal 0 0 0
 outer loop
  vertex 9.231511473145833 -1.2153515419463499 -1.6629831585203159
  vertex 9.311169821742837 -2.280578863702959e-15 -1.6629831585203159
  vertex 10 -2.4492935982947065e-15 -1.8
 endloop
endfacet
facet normal 0 0 0
 outer loop
  vertex 9.231511473145833 -1.2153515419463499 -1.6629831585203159
  vertex 10 -2.4492935982947065e-15 -1.8
  vertex 9.914448613738104 -1.3052619222005168 -1.8
 endloop
endfacet
facet normal 0 0 0
 outer loop
  vertex 9.914448613738104 -1.3052619222005168 -1.8
  vertex 10 -2.4492935982947065e-15 -1.8
  vertex 10.688830178257161 -2.618008332886453e-15 -1.6629831585203159
 endloop
endfacet
facet normal 0 0 0
 outer loop
  vertex 9.914448613738104 -1.3052619222005168 -1.8
  vertex 10.688830178257161 -2.618008332886453e-15 -1.6629831585203159
  vertex 10.597385754330372 -1.3951723024546836 -1.6629831585203159
 endloop
endfacet
facet normal 0 0 0
 outer loop
  vertex 10.597385754330372 -1.3951723024546836 -1.6629831585203159
  vertex 10.688830178257161 -2.618008332886453e-15 -1.6629831585203159
  vertex 11.272792206135785 -2.761037778539484e-15 -1.272792206135786
 endloop
endfacet
facet normal 0 0 0
 outer loop
  vertex 10.597385754330372 -1.3951723024546836 -1.6629831585203159
  vertex 11.272792206135785 -2.761037778539484e-15 -1.272792206135786
  vertex 11.176351906108064 -1.47139464235478 -1.272792206135786
 endloop
endfacet
facet normal 0 0 0
 outer loop
  vertex 11.176351906108064 -1.47139464235478 -1.272792206135786
  vertex 11.272792206135785 -2.761037778539484e-15 -1.272792206135786
  vertex 11.662983158520316 -2.8566069987182784e-15 -0.6888301782571628
 endloop
endfacet
facet normal 0 0 0
 outer loop
  vertex 11.176351906108064 -1.47139464235478 -1.272792206135786
  vertex 11.662983158520316 -2.8566069987182784e-15 -0.6888301782571628
  vertex 11.56320472080426 -1.5223247816082481 -0.6888301782571628
 endloop
endfacet
facet normal 0 0 0
 outer loop
  vertex 11.56320472080426 -1.5223247816082481 -0.6888301782571628
  vertex 11.662983158520316 -2.8566069987182784e-15 -0.6888301782571628
  vertex 11.8 -2.8901664459877537e-15 -4.4087284769304716e-16
 endloop
endfacet
facet normal 0 0 0
 outer loop
  vertex 11.56320472080426 -1.5223247816082481 -0.6888301782571628
  vertex 11.8 -2.8901664459877537e-15 -4.4087284769304716e-16
  vertex 11.699049364210964 -1.54020906819661 -4.4087284769304716e-16
 endloop
endfacet
endsolid yasin_gold_art_demo_nonproduction
